season,week,player_id,player_name,team,position,opponent,category,direction,baseline_rate,opponent_allowed_rate,league_rate,ratio,model_version,actual_value,hit
2026,2,00-0032950,Carson Wentz,MIN,QB,CHI,Passing Yards,Over,215.66666666666669,291.15250000000003,222.8221002435065,1.2,v3,143.0,0.0
2026,2,00-0036389,Jalen Hurts,PHI,QB,TEN,Passing Yards,Over,183.19444444444449,7.972617553530698,7.016108594551605,1.1363304096692397,v4,264.0,1.0
2026,2,00-0032775,Demarcus Robinson,SF,WR,MIA,Receiving Yards,Under,38.71544117647059,8.36920143510098,7.911982613849649,1.0577881478721889,v4,34.0,1.0
2026,2,00-0033090,Hunter Henry,NE,TE,PIT,Receiving Yards,Over,27.911363636363635,7.470082260155313,7.3460620525059666,1.0168825428866397,v4,40.0,1.0
2026,2,00-0036259,Jauan Jennings,MIN,WR,CHI,Receiving Yards,Over,31.725,202.445,138.16446232176085,1.2,v3,,
2026,2,00-0036322,Justin Jefferson,MIN,WR,CHI,Receiving Yards,Over,65.90416666666667,202.445,138.16446232176085,1.2,v3,55.0,0.0
2026,2,00-0039065,Sam LaPorta,DET,TE,BUF,Receiving Yards,Under,53.565,29.170394736842105,52.535804615705935,0.8,v3,52.0,1.0
2026,2,00-0039491,Jalen Coker,CAR,WR,ATL,Receiving Yards,Under,72.67115384615386,7.471321715791626,7.911982613849649,0.944304617494146,v4,66.0,1.0
2026,2,00-0033553,James Conner,ARI,RB,SEA,Receptions,Over,2.6666666666666665,6.439880952380952,4.103008141803372,1.2,v2,,
2026,2,00-0033858,Jonnu Smith,GB,TE,NYJ,Receptions,Over,2.179605263157895,7.073611111111111,5.0799257910401,1.2,v3,,
2026,2,00-0033908,Cooper Kupp,SEA,WR,ARI,Receptions,Under,3.815,0.6223534033413308,0.6246172083374494,0.9963756922385404,v4,2.0,1.0
2026,2,00-0035243,Miles Sanders,DAL,RB,WAS,Receptions,Under,2.0,2.5930555555555554,4.103008141803372,0.8,v2,,
2026,2,00-0036139,Rico Dowdle,PIT,RB,NE,Receptions,Over,2.1546052631578947,0.7907457572904694,0.7821717990275526,1.0109617327978029,v4,2.0,0.0
2026,2,00-0036613,Jaylen Waddle,DEN,WR,JAX,Receptions,Over,2.664705882352941,0.5925722311224118,0.6246172083374494,0.9486966148429818,v4,8.0,1.0
2026,2,00-0036924,Michael Carter,ARI,RB,SEA,Receptions,Over,2.532692307692308,6.439880952380952,4.103008141803372,1.2,v2,,
2026,2,00-0036973,Travis Etienne,NO,RB,BAL,Receptions,Over,3.280263157894737,5.940277777777778,4.103008141803372,1.2,v3,2.0,0.0
2026,2,00-0037157,Bam Knight,ARI,RB,SEA,Receptions,Over,2.3666666666666667,6.439880952380952,4.103008141803372,1.2,v2,0.0,0.0
2026,2,00-0038996,Tucker Kraft,GB,TE,NYJ,Receptions,Over,4.1402777777777775,7.073611111111111,5.0799257910401,1.2,v3,2.0,0.0
2026,2,00-0039491,Jalen Coker,CAR,WR,ATL,Receptions,Under,5.356730769230769,0.5961817998109699,0.6246172083374494,0.9544754640971768,v4,8.0,0.0
2026,2,00-0039921,Trey Benson,ARI,RB,SEA,Receptions,Over,3.25,6.439880952380952,4.103008141803372,1.2,v2,,
2026,2,00-0040126,Colston Loveland,CHI,TE,MIN,Receptions,Under,4.949342105263158,2.4763888888888888,5.0799257910401,0.8,v3,1.0,1.0
2026,2,00-0040584,Gunnar Helm,TEN,TE,PHI,Receptions,Under,2.989705882352941,3.768421052631579,5.0799257910401,0.8,v3,2.0,1.0
2026,2,00-0037263,Tyler Allgeier,ARI,RB,SEA,Rushing Yards,Under,39.826388888888886,3.636211211790077,4.351835629529346,0.8355580314469128,v4,10.0,1.0
2026,2,00-0038542,Bijan Robinson,ATL,RB,CAR,Rushing Yards,Over,94.89444444444445,135.45065789473682,96.48926341065732,1.2,v3,72.0,0.0
2026,2,00-0035647,Montez Sweat,CHI,DE,MIN,Sacks,Over,0.59875,3.102678571428572,2.35625,1.3167866616142478,v4,0.0,0.0
2026,3,00-0039150,Bryce Young,CAR,QB,CLE,Passing Yards,Under,255.74473684210528,6.6383426500551375,7.017287878363804,0.9459983351292944,v4,291.0,0.0
2026,3,00-0032775,Demarcus Robinson,SF,WR,ARI,Receiving Yards,Under,41.331944444444446,7.941436247861611,7.939223936418887,1.0002786558812853,v4,,
2026,3,00-0037740,Garrett Wilson,NYJ,WR,DET,Receiving Yards,Over,46.775,8.585143166834687,7.939223936418887,1.0813579810304672,v4,107.0,1.0
2026,3,00-0039491,Jalen Coker,CAR,WR,CLE,Receiving Yards,Under,80.40714285714286,7.556238605857018,7.939223936418887,0.9517603567264258,v4,18.0,1.0
2026,3,00-0032464,Kalif Raymond,CHI,WR,PHI,Receptions,Under,3.4602941176470585,0.5964770122806418,0.6247779336138383,0.9547024313590936,v4,6.0,0.0
2026,3,00-0033288,George Kittle,SF,TE,ARI,Receptions,Over,3.8017857142857134,0.7559995948346898,0.7236991592819814,1.0446324071797393,v4,6.0,1.0
2026,3,00-0034827,DJ Moore,BUF,WR,LAC,Receptions,Under,3.641071428571428,0.6312521110843919,0.6247779336138383,1.0103623657658742,v4,6.0,0.0
2026,3,00-0039491,Jalen Coker,CAR,WR,CLE,Receptions,Under,6.353571428571429,0.6095089849913081,0.6247779336138383,0.9755609988748938,v4,2.0,1.0
2026,3,00-0036139,Rico Dowdle,PIT,RB,CIN,Rushing Yards,Over,27.6325,4.590268812079114,4.325616469346203,1.061182572382085,v4,,
2026,3,00-0036914,Greg Rousseau,BUF,LB,LAC,Sacks,Over,1.0175,3.066536413603573,2.3574695121951224,1.300774579582246,v4,2.0,1.0
2026,4,00-0036264,Jordan Love,GB,QB,TB,Passing Yards,Under,268.2986842105263,7.263052329224044,7.032494215188566,1.0327846859137864,v4,,
2026,4,00-0032775,Demarcus Robinson,SF,WR,DEN,Receiving Yards,Under,41.331944444444446,7.277925705989397,7.9376712934311735,0.9168842393375813,v4,,
2026,4,00-0038933,Dalton Kincaid,BUF,TE,NE,Receiving Yards,Under,71.46764705882353,7.009158286240453,7.32409793814433,0.9569995302406248,v4,,
2026,4,00-0041547,KC Concepcion,CLE,WR,PIT,Receiving Yards,Over,26.666666666666668,8.785694093732346,7.9376712934311735,1.1068352126149332,v4,,
2026,4,00-0032464,Kalif Raymond,CHI,WR,NYJ,Receptions,Under,4.352777777777778,0.6338071849798365,0.6238175227654496,1.0160137569879437,v4,,
2026,4,00-0032775,Demarcus Robinson,SF,WR,DEN,Receptions,Under,2.665277777777778,0.5768277258348975,0.6238175227654496,0.9246738105043262,v4,,
2026,4,00-0036973,Travis Etienne,NO,RB,ATL,Receptions,Under,3.4702380952380953,0.7468405638676276,0.7834691501746216,0.9532482085620984,v4,,
2026,4,00-0037256,Rachaad White,WAS,RB,IND,Receptions,Under,2.5025,0.7507881422794057,0.7834691501746216,0.9582867967578151,v4,,
2026,4,00-0036139,Rico Dowdle,PIT,RB,CLE,Rushing Yards,Over,27.6325,4.605193291039609,4.314136500214623,1.0674658279381068,v4,,
2026,4,00-0035248,Zach Allen,DEN,DE,SF,Sacks,Under,0.7443181818181819,1.609375,2.3125,0.6959459459459459,v4,,
