n_pa_ending,n_matched,n_unmatched,compliance_rate,mean_pa_value_matched,mean_pa_value_unmatched,pooled_p_value,n_batters_paired,paired_p_value,paired_mean_diff,shrinkage_strength,hitter_multiplier,pitcher_multiplier,leverage_multiplier
86389,37590,48799,0.5401399656665916,0.7693269486565576,0.6228406319801635,1.4722393649914738e-160,494,1.0745619564385602e-24,0.13060647860752225,10.0,1.0,1.0,1.0
86389,37652,48737,0.5400434577895017,0.7685913098905769,0.6232226029505304,1.3971359840297203e-157,494,2.226537313225412e-24,0.1295251370060025,10.0,1.0,1.0,0.98
86389,37747,48642,0.5399118561389246,0.7677696240760855,0.6235763332099832,7.652692753641688e-154,494,4.939844335701711e-24,0.12778109063932236,10.0,1.0,1.0,0.95
86389,38635,47754,0.5414179639177519,0.7616151158276174,0.625874272312267,2.0920505787137968e-151,494,1.3647713642202371e-22,0.1219000633687909,10.0,1.05,0.95,1.0
86389,38710,47679,0.5413243805217859,0.7609919917334023,0.6261666561798696,5.387273817107235e-149,494,2.9594418697600037e-22,0.12079901337301895,10.0,1.05,0.95,0.98
86389,38817,47572,0.5412805133049269,0.7602081562202128,0.6265029849491297,7.846095597707783e-146,494,7.158514744893601e-22,0.11939226004177217,10.0,1.05,0.95,0.95
86389,39409,46980,0.5426433215086813,0.7563500723185059,0.628054491272882,2.736134546926089e-146,495,2.96323280494572e-20,0.11342940044869602,10.0,1.08,0.92,1.0
86389,39476,46913,0.5425789829239547,0.7558516567028067,0.628290665700339,4.7252230944840917e-144,495,5.743066691212262e-20,0.11261094299632247,10.0,1.08,0.92,0.98
86389,39592,46797,0.5425526625938393,0.7552788442109517,0.6284590892578584,7.278428256363559e-142,495,1.2979025150701285e-19,0.11109874363254495,10.0,1.08,0.92,0.95
86389,39964,46425,0.5432428401390883,0.7529776799119208,0.6294238018309101,4.325280436586427e-140,495,1.2537556026781974e-18,0.10840671166425346,10.0,1.1,0.9,1.0
86389,40036,46353,0.5432165198089729,0.7524228194624838,0.6297111298082109,4.0970101449821204e-138,495,2.255928032039128e-18,0.10744897275451384,10.0,1.1,0.9,0.98
86389,40143,46246,0.54316972811099,0.7516628054704432,0.630086926436881,2.2827184168496102e-135,495,3.296317732587946e-18,0.1064723952905772,10.0,1.1,0.9,0.95
86389,41195,45194,0.5441903720232438,0.7436824857385606,0.6345311324512103,9.828013241109074e-126,494,4.3345249499544237e-16,0.09829871151274094,10.0,1.15,0.85,1.0
86389,41260,45129,0.5441377313630129,0.7431168201648085,0.6348910899864832,1.4573633574835125e-123,494,8.457228252739196e-16,0.09730810274253111,10.0,1.15,0.85,0.98
86389,41362,45027,0.5440295255614273,0.7423238721531841,0.6353743309569814,1.5466621111328829e-120,494,1.874077832688381e-15,0.09589547611574753,10.0,1.15,0.85,0.95
86389,44817,41572,0.544734325512296,0.710221567708682,0.6610940055806793,1.6704647453991204e-59,496,0.00032780089737801207,0.04024084048813421,10.0,1.3,0.7,1.0
86389,44871,41518,0.5446231952295864,0.7099017182590092,0.6613757888144901,1.7663968861598057e-58,496,0.0004002777885329796,0.03948087478439043,10.0,1.3,0.7,0.98
86389,44954,41435,0.544553007682612,0.7095697824442764,0.6616387112344636,2.603056526516747e-57,496,0.0005399642927564849,0.038452589977962685,10.0,1.3,0.7,0.95
86389,37364,49025,0.5378003807674423,0.7683063911786746,0.6242937276899541,4.08217471982543e-153,490,5.054507585293347e-25,0.12923633906996795,20.0,1.0,1.0,1.0
86389,37466,48923,0.5377565135505833,0.7676293172476378,0.6245119882263965,4.173793773551594e-150,490,6.896024389243671e-25,0.12788098778081308,20.0,1.0,1.0,0.98
86389,37627,48762,0.5375576488341556,0.7666037685704414,0.6248308108773225,2.657641055937812e-145,490,2.8285023760518136e-24,0.12577288651634075,20.0,1.0,1.0,0.95
86389,39068,47321,0.5402364735436815,0.7566038701750794,0.6287694681008432,1.8194514080396933e-142,490,1.370323176748636e-21,0.11326862617102426,20.0,1.05,0.95,1.0
86389,39174,47215,0.5402101532135661,0.7561392760504416,0.6288679445091602,1.9307469794389194e-140,490,2.4161219365237933e-21,0.11214664571724332,20.0,1.05,0.95,0.98
86389,39335,47054,0.5400844005252368,0.7554595144273548,0.6290007225740638,4.668148259076635e-137,491,2.902626309843107e-21,0.11193927121656962,20.0,1.05,0.95,0.95
86389,40220,46169,0.5423596468396594,0.7491546494281452,0.6320691372999199,5.1817642538261634e-132,490,5.026082076851999e-19,0.10439954115071752,20.0,1.08,0.92,1.0
86389,40318,46071,0.5423304020284201,0.7485738379879955,0.6323283627444597,9.598070741774061e-130,490,8.696478586479645e-19,0.10326021097388279,20.0,1.08,0.92,0.98
86389,40471,45918,0.5421286128308684,0.7479429715104643,0.6324970599764798,1.5494840039564678e-126,491,1.0477745901854815e-18,0.10326880875596285,20.0,1.08,0.92,0.95
86389,40809,45580,0.5424766260846169,0.7441495748486854,0.6350372970601141,2.5055649316909803e-123,491,1.2106822895134049e-16,0.09709911483090607,20.0,1.1,0.9,1.0
86389,40902,45487,0.5423859671697749,0.7435822209182925,0.6353243783938268,5.662773390897178e-121,491,2.36750997081089e-16,0.09578648827565145,20.0,1.1,0.9,0.98
86389,41054,45335,0.5422017248589669,0.7433380425780679,0.6351825300540421,8.019482531116625e-119,491,4.617933736826829e-16,0.0949744931832532,20.0,1.1,0.9,0.95
86389,42524,43865,0.5427076600934079,0.7257548678393377,0.648603670352217,2.4697509038662542e-88,492,1.2656446059271022e-08,0.06435288233068687,20.0,1.15,0.85,1.0
86389,42608,43781,0.542614076697442,0.7253567405182125,0.648843105456705,6.109347638871859e-87,492,1.5102813995726537e-08,0.06359114578696635,20.0,1.15,0.85,0.98
86389,42739,43650,0.5423947406131467,0.7253094363461944,0.648659793814433,2.2947002219910934e-85,492,2.1438721529379212e-08,0.06303377232429855,20.0,1.15,0.85,0.95
86389,45027,41362,0.5424649281601212,0.7023563639594022,0.6694067018035879,4.1207220520400977e-47,493,0.047795220070546575,0.021677393679602856,20.0,1.3,0.7,1.0
86389,45104,41285,0.5423976650942707,0.7021550195104647,0.6695652173913044,2.6141355827917905e-46,493,0.05696593675932315,0.020708919510758456,20.0,1.3,0.7,0.98
86389,45226,41163,0.5422455920758259,0.702250917613762,0.6693632631246508,1.715903622403177e-45,493,0.056124058603027265,0.020742106383509446,20.0,1.3,0.7,0.95
86389,37028,49361,0.5354578713871692,0.7666360591984445,0.6265270152549584,1.574936158072632e-147,490,7.31829791504857e-24,0.12257778910090697,40.0,1.0,1.0,1.0
86389,37183,49206,0.5352297618595021,0.7656993787483527,0.6267934804698614,5.20045222677568e-143,490,1.7105566065423967e-23,0.12079774171450279,40.0,1.0,1.0,0.98
86389,37479,48910,0.5352736290763611,0.7638677659489314,0.6273563688407279,2.2251257873886678e-136,490,2.9094317165048207e-23,0.11896402937338833,40.0,1.0,1.0,0.95
86389,39938,46451,0.540122418779848,0.7475336771996595,0.6341736453467094,1.829794070909799e-128,489,4.50956354764364e-18,0.0983744529940295,40.0,1.05,0.95,1.0
86389,40082,46307,0.5399118561389246,0.7470186118457163,0.6342669574794307,1.6933598759582814e-125,489,6.676093262118051e-18,0.09749545058880435,40.0,1.05,0.95,0.98
86389,40341,46048,0.5397305383092404,0.7454202920106096,0.6350330090340515,8.637896345942418e-120,490,1.7380424581396346e-17,0.096436468932535,40.0,1.05,0.95,0.95
86389,41449,44940,0.5402920386850363,0.7321527660498444,0.6445482866043614,4.299737439344129e-99,490,1.648510097535822e-11,0.07461057447423453,40.0,1.08,0.92,1.0
86389,41599,44790,0.5401077963742283,0.7319647106901608,0.6444295601696808,2.0399879803457667e-97,490,2.6566193142516154e-11,0.07379957235176283,40.0,1.08,0.92,0.98
86389,41813,44576,0.5398387441108261,0.7312558295267022,0.644674264178033,3.749058321165817e-94,490,2.950396198836607e-11,0.07356251425519746,40.0,1.08,0.92,0.95
86389,42343,44046,0.5407716535893619,0.7226696266206929,0.6518866639422422,9.579352399363114e-83,490,3.248390109899022e-08,0.06022912323000282,40.0,1.1,0.9,1.0
86389,42468,43921,0.5405084502882076,0.7225911274371292,0.6517611165501697,1.4017146379825154e-81,490,2.9938252734877885e-08,0.059976720521860837,40.0,1.1,0.9,0.98
86389,42702,43687,0.5403797731187544,0.7219099807971524,0.6520475198571658,1.020388916348485e-78,490,4.7100155533784974e-08,0.05929319072563611,40.0,1.1,0.9,0.95
86389,43731,42658,0.5402715673171687,0.70869634812833,0.6639082938721927,1.3537683886926272e-58,490,0.0004294778251858825,0.03643764315625938,40.0,1.15,0.85,1.0
86389,43842,42547,0.5400346843461299,0.708703982482551,0.6637835805109643,1.442166650200984e-57,490,0.0004419952900420868,0.03612638776697393,40.0,1.15,0.85,0.98
86389,44044,42345,0.5398621399598176,0.7080192534737989,0.6642814972251742,2.925242083457625e-55,490,0.0005552178342817203,0.035517049843557344,40.0,1.15,0.85,0.95
86389,44579,41810,0.5401194942987241,0.7001502949819421,0.6721119349437934,4.9908393728470325e-45,495,0.1526848463504688,0.015156316680440972,40.0,1.3,0.7,1.0
86389,44696,41693,0.5399411009501639,0.6999955253266511,0.6721991701244814,6.307168109931769e-44,495,0.16963344339444894,0.014464080548730225,40.0,1.3,0.7,0.98
86389,44913,41476,0.5398504420353218,0.6993743459577405,0.6727263959880413,6.163939528956295e-42,495,0.1958470222767449,0.013616396431347327,40.0,1.3,0.7,0.95
