candidate,scope,n,model_accuracy,model_log_loss,model_brier,market_accuracy,market_log_loss,beat_closing_line_rate,beat_closing_line_n,regression,prior_strength,home_field_weight,composite
baseline,overall,2333,0.6073724817831119,0.6780003511825402,0.2424587873079623,0.6691855583543241,0.6066100785516633,0.33104631217838765,2332,,,,
baseline,weeks_1_6,814,0.5909090909090909,0.681217265277389,0.2440562802054168,0.6298076923076923,0.636911125040649,0.3677736777367774,813,,,,
reg=0.3_prior=3.0_home=0.0_wt=live,overall,2333,0.609515645092156,0.6779941139139662,0.24245584072086868,0.6691855583543241,0.6066100785516633,0.3319039451114923,2332,0.3,3.0,0.0,live
reg=0.3_prior=3.0_home=0.0_wt=live,weeks_1_6,814,0.5933660933660934,0.681446911834438,0.24417165975403377,0.6298076923076923,0.636911125040649,0.37023370233702335,813,0.3,3.0,0.0,live
reg=0.3_prior=3.0_home=0.0_wt=core_only,overall,2333,0.5610801543077583,0.6843455949641851,0.245617099691711,0.6691855583543241,0.6066100785516633,0.3271869639794168,2332,0.3,3.0,0.0,core_only
reg=0.3_prior=3.0_home=0.0_wt=core_only,weeks_1_6,814,0.5442260442260443,0.6872722075601294,0.24707065139621032,0.6298076923076923,0.636911125040649,0.36654366543665434,813,0.3,3.0,0.0,core_only
reg=0.3_prior=3.0_home=0.0_wt=core_heavy,overall,2333,0.5863694813544792,0.6808761791159876,0.24389062087268015,0.6691855583543241,0.6066100785516633,0.32847341337907376,2332,0.3,3.0,0.0,core_heavy
reg=0.3_prior=3.0_home=0.0_wt=core_heavy,weeks_1_6,814,0.5651105651105651,0.6842197234040858,0.24555213583988686,0.6298076923076923,0.636911125040649,0.36900369003690037,813,0.3,3.0,0.0,core_heavy
reg=0.3_prior=3.0_home=0.02_wt=live,overall,2333,0.6142306043720531,0.6773954270702417,0.24215830719339815,0.6691855583543241,0.6066100785516633,0.32890222984562606,2332,0.3,3.0,0.02,live
reg=0.3_prior=3.0_home=0.02_wt=live,weeks_1_6,814,0.5995085995085995,0.681318816632242,0.24410817032430013,0.6298076923076923,0.636911125040649,0.36654366543665434,813,0.3,3.0,0.02,live
reg=0.3_prior=3.0_home=0.02_wt=core_only,overall,2333,0.5713673381911701,0.6836940798631057,0.24529306164809914,0.6691855583543241,0.6066100785516633,0.3271869639794168,2332,0.3,3.0,0.02,core_only
reg=0.3_prior=3.0_home=0.02_wt=core_only,weeks_1_6,814,0.5614250614250614,0.6871072365015543,0.2469880251989397,0.6298076923076923,0.636911125040649,0.36654366543665434,813,0.3,3.0,0.02,core_only
reg=0.3_prior=3.0_home=0.02_wt=core_heavy,overall,2333,0.5889412773253322,0.6802567698556368,0.24358266354530425,0.6691855583543241,0.6066100785516633,0.3276157804459691,2332,0.3,3.0,0.02,core_heavy
reg=0.3_prior=3.0_home=0.02_wt=core_heavy,weeks_1_6,814,0.5773955773955773,0.684078544618985,0.2454816127095884,0.6298076923076923,0.636911125040649,0.3677736777367774,813,0.3,3.0,0.02,core_heavy
reg=0.3_prior=3.0_home=0.05_wt=live,overall,2333,0.6048006858122589,0.6766939631041754,0.24181220703373196,0.6691855583543241,0.6066100785516633,0.3323327615780446,2332,0.3,3.0,0.05,live
reg=0.3_prior=3.0_home=0.05_wt=live,weeks_1_6,814,0.5823095823095823,0.6813065710438272,0.24410414286597873,0.6298076923076923,0.636911125040649,0.3714637146371464,813,0.3,3.0,0.05,live
reg=0.3_prior=3.0_home=0.05_wt=core_only,overall,2333,0.571795970852979,0.6829175502424151,0.24490813081938773,0.6691855583543241,0.6066100785516633,0.330188679245283,2332,0.3,3.0,0.05,core_only
reg=0.3_prior=3.0_home=0.05_wt=core_only,weeks_1_6,814,0.5540540540540541,0.6870428848739162,0.24695581857644658,0.6298076923076923,0.636911125040649,0.36654366543665434,813,0.3,3.0,0.05,core_only
reg=0.3_prior=3.0_home=0.05_wt=core_heavy,overall,2333,0.5889412773253322,0.679525897686629,0.24322124521673003,0.6691855583543241,0.6066100785516633,0.3297598627787307,2332,0.3,3.0,0.05,core_heavy
reg=0.3_prior=3.0_home=0.05_wt=core_heavy,weeks_1_6,814,0.5712530712530712,0.6840478561673794,0.24546714093703823,0.6298076923076923,0.636911125040649,0.3677736777367774,813,0.3,3.0,0.05,core_heavy
reg=0.3_prior=6.0_home=0.0_wt=live,overall,2333,0.6108015430775825,0.6778432281150517,0.2423806028959168,0.6691855583543241,0.6066100785516633,0.33061749571183535,2332,0.3,6.0,0.0,live
reg=0.3_prior=6.0_home=0.0_wt=live,weeks_1_6,814,0.597051597051597,0.681268277705043,0.24408221048216255,0.6298076923076923,0.636911125040649,0.36900369003690037,813,0.3,6.0,0.0,live
reg=0.3_prior=6.0_home=0.0_wt=core_only,overall,2333,0.5679382768966995,0.6840413253512976,0.24546579957223075,0.6691855583543241,0.6066100785516633,0.3263293310463122,2332,0.3,6.0,0.0,core_only
reg=0.3_prior=6.0_home=0.0_wt=core_only,weeks_1_6,814,0.5515970515970516,0.686910193623589,0.2468906993487038,0.6298076923076923,0.636911125040649,0.3640836408364084,813,0.3,6.0,0.0,core_only
reg=0.3_prior=6.0_home=0.0_wt=core_heavy,overall,2333,0.5837976853836262,0.6806224777059307,0.24376425236970126,0.6691855583543241,0.6066100785516633,0.3280445969125214,2332,0.3,6.0,0.0,core_heavy
reg=0.3_prior=6.0_home=0.0_wt=core_heavy,weeks_1_6,814,0.5675675675675675,0.68388762444979,0.24538651146996457,0.6298076923076923,0.636911125040649,0.36900369003690037,813,0.3,6.0,0.0,core_heavy
reg=0.3_prior=6.0_home=0.02_wt=live,overall,2333,0.6163737676810973,0.6772447784912045,0.24208328425837625,0.6691855583543241,0.6066100785516633,0.330188679245283,2332,0.3,6.0,0.02,live
reg=0.3_prior=6.0_home=0.02_wt=live,weeks_1_6,814,0.5995085995085995,0.6811381740911331,0.2440178782213715,0.6298076923076923,0.636911125040649,0.36900369003690037,813,0.3,6.0,0.02,live
reg=0.3_prior=6.0_home=0.02_wt=core_only,overall,2333,0.5692241748821261,0.6833899740531446,0.24514196458742954,0.6691855583543241,0.6066100785516633,0.3263293310463122,2332,0.3,6.0,0.02,core_only
reg=0.3_prior=6.0_home=0.02_wt=core_only,weeks_1_6,814,0.5614250614250614,0.6867412304333447,0.2468062816829033,0.6298076923076923,0.636911125040649,0.3628536285362854,813,0.3,6.0,0.02,core_only
reg=0.3_prior=6.0_home=0.02_wt=core_heavy,overall,2333,0.5885126446635234,0.6800032036015861,0.24345649679499756,0.6691855583543241,0.6066100785516633,0.3280445969125214,2332,0.3,6.0,0.02,core_heavy
reg=0.3_prior=6.0_home=0.02_wt=core_heavy,weeks_1_6,814,0.5700245700245701,0.6837433216148637,0.24531464585006432,0.6298076923076923,0.636911125040649,0.3677736777367774,813,0.3,6.0,0.02,core_heavy
reg=0.3_prior=6.0_home=0.05_wt=live,overall,2333,0.6082297471067295,0.6765436938727839,0.2417375263558058,0.6691855583543241,0.6066100785516633,0.33147512864493994,2332,0.3,6.0,0.05,live
reg=0.3_prior=6.0_home=0.05_wt=live,weeks_1_6,814,0.5872235872235873,0.6811231442910037,0.2440127015387067,0.6298076923076923,0.636911125040649,0.37023370233702335,813,0.3,6.0,0.05,live
reg=0.3_prior=6.0_home=0.05_wt=core_only,overall,2333,0.5730818688384055,0.6826136977154009,0.24475737532408764,0.6691855583543241,0.6066100785516633,0.32847341337907376,2332,0.3,6.0,0.05,core_only
reg=0.3_prior=6.0_home=0.05_wt=core_only,weeks_1_6,814,0.5528255528255528,0.6866712000533977,0.2467715817161592,0.6298076923076923,0.636911125040649,0.3628536285362854,813,0.3,6.0,0.05,core_only
reg=0.3_prior=6.0_home=0.05_wt=core_heavy,overall,2333,0.5949421345906558,0.6792725644388229,0.2430954166059348,0.6691855583543241,0.6066100785516633,0.32847341337907376,2332,0.3,6.0,0.05,core_heavy
reg=0.3_prior=6.0_home=0.05_wt=core_heavy,weeks_1_6,814,0.5773955773955773,0.6837082418898505,0.24529833148460184,0.6298076923076923,0.636911125040649,0.3640836408364084,813,0.3,6.0,0.05,core_heavy
reg=0.3_prior=10.0_home=0.0_wt=live,overall,2333,0.6116588084012001,0.6777722335274341,0.24234513202398195,0.6691855583543241,0.6066100785516633,0.33147512864493994,2332,0.3,10.0,0.0,live
reg=0.3_prior=10.0_home=0.0_wt=live,weeks_1_6,814,0.5995085995085995,0.6812511396503043,0.244073198378354,0.6298076923076923,0.636911125040649,0.36900369003690037,813,0.3,10.0,0.0,live
reg=0.3_prior=10.0_home=0.0_wt=core_only,overall,2333,0.574367766823832,0.6838688809238667,0.2453803073527166,0.6691855583543241,0.6066100785516633,0.32890222984562606,2332,0.3,10.0,0.0,core_only
reg=0.3_prior=10.0_home=0.0_wt=core_only,weeks_1_6,814,0.5528255528255528,0.6868154381080618,0.24684418578734046,0.6298076923076923,0.636911125040649,0.36900369003690037,813,0.3,10.0,0.0,core_only
reg=0.3_prior=10.0_home=0.0_wt=core_heavy,overall,2333,0.5910844406343764,0.6805013226821209,0.24370399828148026,0.6691855583543241,0.6066100785516633,0.32847341337907376,2332,0.3,10.0,0.0,core_heavy
reg=0.3_prior=10.0_home=0.0_wt=core_heavy,weeks_1_6,814,0.5700245700245701,0.6838199024507496,0.24535281322670432,0.6298076923076923,0.636911125040649,0.37023370233702335,813,0.3,10.0,0.0,core_heavy
reg=0.3_prior=10.0_home=0.02_wt=live,overall,2333,0.609515645092156,0.6771733085185087,0.2420476597519384,0.6691855583543241,0.6066100785516633,0.330188679245283,2332,0.3,10.0,0.02,live
reg=0.3_prior=10.0_home=0.02_wt=live,weeks_1_6,814,0.581081081081081,0.6811179640911622,0.24400744182742734,0.6298076923076923,0.636911125040649,0.3677736777367774,813,0.3,10.0,0.02,live
reg=0.3_prior=10.0_home=0.02_wt=core_only,overall,2333,0.5730818688384055,0.6832160128202733,0.24505581958079864,0.6691855583543241,0.6066100785516633,0.3263293310463122,2332,0.3,10.0,0.02,core_only
reg=0.3_prior=10.0_home=0.02_wt=core_only,weeks_1_6,814,0.558968058968059,0.6866397319279335,0.24675656122178485,0.6298076923076923,0.636911125040649,0.3628536285362854,813,0.3,10.0,0.02,core_only
reg=0.3_prior=10.0_home=0.02_wt=core_heavy,overall,2333,0.5915130732961852,0.6798806728892322,0.2433956661779267,0.6691855583543241,0.6066100785516633,0.32847341337907376,2332,0.3,10.0,0.02,core_heavy
reg=0.3_prior=10.0_home=0.02_wt=core_heavy,weeks_1_6,814,0.5687960687960688,0.6836700380516819,0.2452783174956932,0.6298076923076923,0.636911125040649,0.3677736777367774,813,0.3,10.0,0.02,core_heavy
reg=0.3_prior=10.0_home=0.05_wt=live,overall,2333,0.6082297471067295,0.6764715757141195,0.2417017016783253,0.6691855583543241,0.6066100785516633,0.3319039451114923,2332,0.3,10.0,0.05,live
reg=0.3_prior=10.0_home=0.05_wt=live,weeks_1_6,814,0.5896805896805897,0.6810986053580066,0.24400025422373528,0.6298076923076923,0.636911125040649,0.37023370233702335,813,0.3,10.0,0.05,live
reg=0.3_prior=10.0_home=0.05_wt=core_only,overall,2333,0.5726532361765967,0.6824375989779158,0.24467033221410736,0.6691855583543241,0.6066100785516633,0.3280445969125214,2332,0.3,10.0,0.05,core_only
reg=0.3_prior=10.0_home=0.05_wt=core_only,weeks_1_6,814,0.5503685503685504,0.6865601121030256,0.2467173180404895,0.6298076923076923,0.636911125040649,0.36162361623616235,813,0.3,10.0,0.05,core_only
reg=0.3_prior=10.0_home=0.05_wt=core_heavy,overall,2333,0.5940848692670382,0.6791481085854006,0.24303379101986658,0.6691855583543241,0.6066100785516633,0.3271869639794168,2332,0.3,10.0,0.05,core_heavy
reg=0.3_prior=10.0_home=0.05_wt=core_heavy,weeks_1_6,814,0.5700245700245701,0.683627083080794,0.2452582832489979,0.6298076923076923,0.636911125040649,0.36162361623616235,813,0.3,10.0,0.05,core_heavy
reg=0.5_prior=3.0_home=0.0_wt=live,overall,2333,0.6133733390484355,0.6778766803514369,0.24239728101845856,0.6691855583543241,0.6066100785516633,0.33061749571183535,2332,0.5,3.0,0.0,live
reg=0.5_prior=3.0_home=0.0_wt=live,weeks_1_6,814,0.5995085995085995,0.6813092115775731,0.2441027309189904,0.6298076923076923,0.636911125040649,0.36900369003690037,813,0.5,3.0,0.0,live
reg=0.5_prior=3.0_home=0.0_wt=core_only,overall,2333,0.5666523789112731,0.6841187818663307,0.24550427940873126,0.6691855583543241,0.6066100785516633,0.3271869639794168,2332,0.5,3.0,0.0,core_only
reg=0.5_prior=3.0_home=0.0_wt=core_only,weeks_1_6,814,0.5442260442260443,0.6870027371661074,0.24693660909345455,0.6298076923076923,0.636911125040649,0.36531365313653136,813,0.5,3.0,0.0,core_only
reg=0.5_prior=3.0_home=0.0_wt=core_heavy,overall,2333,0.5859408486926704,0.6806824981180516,0.2437941329234525,0.6691855583543241,0.6066100785516633,0.3280445969125214,2332,0.5,3.0,0.0,core_heavy
reg=0.5_prior=3.0_home=0.0_wt=core_heavy,weeks_1_6,814,0.5712530712530712,0.6839678106181851,0.24542645747742697,0.6298076923076923,0.636911125040649,0.3677736777367774,813,0.5,3.0,0.0,core_heavy
reg=0.5_prior=3.0_home=0.02_wt=live,overall,2333,0.6155165023574797,0.6772782156988015,0.24209992998670832,0.6691855583543241,0.6066100785516633,0.330188679245283,2332,0.5,3.0,0.02,live
reg=0.5_prior=3.0_home=0.02_wt=live,weeks_1_6,814,0.5945945945945946,0.6811798192291962,0.24403871145883393,0.6298076923076923,0.636911125040649,0.36900369003690037,813,0.5,3.0,0.02,live
reg=0.5_prior=3.0_home=0.02_wt=core_only,overall,2333,0.5700814402057437,0.683467459373623,0.2451804326898402,0.6691855583543241,0.6066100785516633,0.3263293310463122,2332,0.5,3.0,0.02,core_only
reg=0.5_prior=3.0_home=0.02_wt=core_only,weeks_1_6,814,0.5565110565110565,0.6868351811418846,0.24685284163671686,0.6298076923076923,0.636911125040649,0.3640836408364084,813,0.5,3.0,0.02,core_only
reg=0.5_prior=3.0_home=0.02_wt=core_heavy,overall,2333,0.5876553793399057,0.6800632841623105,0.24348637476796686,0.6691855583543241,0.6066100785516633,0.3276157804459691,2332,0.5,3.0,0.02,core_heavy
reg=0.5_prior=3.0_home=0.02_wt=core_heavy,weeks_1_6,814,0.5638820638820639,0.6838246763844756,0.24535511829570403,0.6298076923076923,0.636911125040649,0.36654366543665434,813,0.5,3.0,0.02,core_heavy
reg=0.5_prior=3.0_home=0.05_wt=live,overall,2333,0.6069438491213031,0.67657709759201,0.24175411692629548,0.6691855583543241,0.6066100785516633,0.33276157804459694,2332,0.5,3.0,0.05,live
reg=0.5_prior=3.0_home=0.05_wt=live,weeks_1_6,814,0.5872235872235873,0.6811657820116587,0.244033967409006,0.6298076923076923,0.636911125040649,0.3714637146371464,813,0.5,3.0,0.05,live
reg=0.5_prior=3.0_home=0.05_wt=core_only,overall,2333,0.5747963994856408,0.6826912175082204,0.24479581222817254,0.6691855583543241,0.6066100785516633,0.32890222984562606,2332,0.5,3.0,0.05,core_only
reg=0.5_prior=3.0_home=0.05_wt=core_only,weeks_1_6,814,0.5614250614250614,0.6867671527139102,0.24681905148290845,0.6298076923076923,0.636911125040649,0.3640836408364084,813,0.5,3.0,0.05,core_only
reg=0.5_prior=3.0_home=0.05_wt=core_heavy,overall,2333,0.6005143591941706,0.679332718173332,0.24312527774065823,0.6691855583543241,0.6066100785516633,0.32890222984562606,2332,0.5,3.0,0.05,core_heavy
reg=0.5_prior=3.0_home=0.05_wt=core_heavy,weeks_1_6,814,0.585995085995086,0.6837912442246545,0.24533953554993798,0.6298076923076923,0.636911125040649,0.36531365313653136,813,0.5,3.0,0.05,core_heavy
reg=0.5_prior=6.0_home=0.0_wt=live,overall,2333,0.612087441063009,0.677766770807441,0.24234240161321294,0.6691855583543241,0.6066100785516633,0.33147512864493994,2332,0.5,6.0,0.0,live
reg=0.5_prior=6.0_home=0.0_wt=live,weeks_1_6,814,0.5995085995085995,0.6812542972074598,0.24407476258612337,0.6298076923076923,0.636911125040649,0.36900369003690037,813,0.5,6.0,0.0,live
reg=0.5_prior=6.0_home=0.0_wt=core_only,overall,2333,0.574367766823832,0.6838646523648274,0.24537821078356814,0.6691855583543241,0.6066100785516633,0.32890222984562606,2332,0.5,6.0,0.0,core_only
reg=0.5_prior=6.0_home=0.0_wt=core_only,weeks_1_6,814,0.5528255528255528,0.6868232428377341,0.2468480601463735,0.6298076923076923,0.636911125040649,0.36900369003690037,813,0.5,6.0,0.0,core_only
reg=0.5_prior=6.0_home=0.0_wt=core_heavy,overall,2333,0.5910844406343764,0.6804958799870192,0.24370129206699132,0.6691855583543241,0.6066100785516633,0.32847341337907376,2332,0.5,6.0,0.0,core_heavy
reg=0.5_prior=6.0_home=0.0_wt=core_heavy,weeks_1_6,814,0.5700245700245701,0.6838262260119313,0.2453559498287275,0.6298076923076923,0.636911125040649,0.37023370233702335,813,0.5,6.0,0.0,core_heavy
reg=0.5_prior=6.0_home=0.02_wt=live,overall,2333,0.6099442777539649,0.6771678208279568,0.2420449203332012,0.6691855583543241,0.6066100785516633,0.330188679245283,2332,0.5,6.0,0.02,live
reg=0.5_prior=6.0_home=0.02_wt=live,weeks_1_6,814,0.581081081081081,0.681121080168473,0.24400898724253792,0.6298076923076923,0.636911125040649,0.3677736777367774,813,0.5,6.0,0.02,live
reg=0.5_prior=6.0_home=0.02_wt=core_only,overall,2333,0.5730818688384055,0.6832116819176403,0.24505368119409165,0.6691855583543241,0.6066100785516633,0.3263293310463122,2332,0.5,6.0,0.02,core_only
reg=0.5_prior=6.0_home=0.02_wt=core_only,weeks_1_6,814,0.558968058968059,0.6866474033374592,0.24676037452123184,0.6298076923076923,0.636911125040649,0.3628536285362854,813,0.5,6.0,0.02,core_only
reg=0.5_prior=6.0_home=0.02_wt=core_heavy,overall,2333,0.5915130732961852,0.6798751624718101,0.24339293240919535,0.6691855583543241,0.6066100785516633,0.32847341337907376,2332,0.5,6.0,0.02,core_heavy
reg=0.5_prior=6.0_home=0.02_wt=core_heavy,weeks_1_6,814,0.5687960687960688,0.6836762709535923,0.24528141204973805,0.6298076923076923,0.636911125040649,0.3677736777367774,813,0.5,6.0,0.02,core_heavy
reg=0.5_prior=6.0_home=0.05_wt=live,overall,2333,0.6082297471067295,0.6764660519976362,0.241698949918911,0.6691855583543241,0.6066100785516633,0.3319039451114923,2332,0.5,6.0,0.05,live
reg=0.5_prior=6.0_home=0.05_wt=live,weeks_1_6,814,0.5896805896805897,0.6811016624177672,0.24400177231818243,0.6298076923076923,0.636911125040649,0.37023370233702335,813,0.5,6.0,0.05,live
reg=0.5_prior=6.0_home=0.05_wt=core_only,overall,2333,0.5726532361765967,0.6824331224660103,0.24466813428930406,0.6691855583543241,0.6066100785516633,0.3280445969125214,2332,0.5,6.0,0.05,core_only
reg=0.5_prior=6.0_home=0.05_wt=core_only,weeks_1_6,814,0.5503685503685504,0.686567594553358,0.24672104326699282,0.6298076923076923,0.636911125040649,0.36162361623616235,813,0.5,6.0,0.05,core_only
reg=0.5_prior=6.0_home=0.05_wt=core_heavy,overall,2333,0.5940848692670382,0.6791425013995959,0.24303101830681273,0.6691855583543241,0.6066100785516633,0.3271869639794168,2332,0.5,6.0,0.05,core_heavy
reg=0.5_prior=6.0_home=0.05_wt=core_heavy,weeks_1_6,814,0.5700245700245701,0.6836331871779088,0.24526131689988703,0.6298076923076923,0.636911125040649,0.36162361623616235,813,0.5,6.0,0.05,core_heavy
reg=0.5_prior=10.0_home=0.0_wt=live,overall,2333,0.6108015430775825,0.6778004284736293,0.24235894275382253,0.6691855583543241,0.6066100785516633,0.33061749571183535,2332,0.5,10.0,0.0,live
reg=0.5_prior=10.0_home=0.0_wt=live,weeks_1_6,814,0.5921375921375921,0.6813919805284668,0.24414270272597385,0.6298076923076923,0.636911125040649,0.3677736777367774,813,0.5,10.0,0.0,live
reg=0.5_prior=10.0_home=0.0_wt=core_only,overall,2333,0.5657951135876553,0.6838809297938776,0.24538671989913538,0.6691855583543241,0.6066100785516633,0.3297598627787307,2332,0.5,10.0,0.0,core_only
reg=0.5_prior=10.0_home=0.0_wt=core_only,weeks_1_6,814,0.5552825552825553,0.6870150607661023,0.2469440565148348,0.6298076923076923,0.636911125040649,0.3714637146371464,813,0.5,10.0,0.0,core_only
reg=0.5_prior=10.0_home=0.0_wt=core_heavy,overall,2333,0.5812258894127732,0.6805556717073353,0.24373110344700596,0.6691855583543241,0.6066100785516633,0.3297598627787307,2332,0.5,10.0,0.0,core_heavy
reg=0.5_prior=10.0_home=0.0_wt=core_heavy,weeks_1_6,814,0.5724815724815725,0.6840174175539943,0.24545100750482102,0.6298076923076923,0.636911125040649,0.37023370233702335,813,0.5,10.0,0.0,core_heavy
reg=0.5_prior=10.0_home=0.02_wt=live,overall,2333,0.6065152164594942,0.6772000664076797,0.24206083032983422,0.6691855583543241,0.6066100785516633,0.32890222984562606,2332,0.5,10.0,0.02,live
reg=0.5_prior=10.0_home=0.02_wt=live,weeks_1_6,814,0.5835380835380836,0.6812549183382017,0.24407507530859077,0.6298076923076923,0.636911125040649,0.3640836408364084,813,0.5,10.0,0.02,live
reg=0.5_prior=10.0_home=0.02_wt=core_only,overall,2333,0.5790827261037291,0.6832240753835264,0.24506031349421856,0.6691855583543241,0.6066100785516633,0.3293310463121784,2332,0.5,10.0,0.02,core_only
reg=0.5_prior=10.0_home=0.02_wt=core_only,weeks_1_6,814,0.5601965601965602,0.6868299449731537,0.2468518616157864,0.6298076923076923,0.636911125040649,0.36531365313653136,813,0.5,10.0,0.02,core_only
reg=0.5_prior=10.0_home=0.02_wt=core_heavy,overall,2333,0.594513501928847,0.6799315195003781,0.24342110160324407,0.6691855583543241,0.6066100785516633,0.32847341337907376,2332,0.5,10.0,0.02,core_heavy
reg=0.5_prior=10.0_home=0.02_wt=core_heavy,weeks_1_6,814,0.5712530712530712,0.6838598687943919,0.2453727616687678,0.6298076923076923,0.636911125040649,0.3677736777367774,813,0.5,10.0,0.02,core_heavy
reg=0.5_prior=10.0_home=0.05_wt=live,overall,2333,0.6150878696956709,0.6764963055798834,0.2417139580408274,0.6691855583543241,0.6066100785516633,0.3323327615780446,2332,0.5,10.0,0.05,live
reg=0.5_prior=10.0_home=0.05_wt=live,weeks_1_6,814,0.5933660933660934,0.6812300470308664,0.24406520938290918,0.6298076923076923,0.636911125040649,0.3714637146371464,813,0.5,10.0,0.05,live
reg=0.5_prior=10.0_home=0.05_wt=core_only,overall,2333,0.5726532361765967,0.6824400151739146,0.2446720931236664,0.6691855583543241,0.6066100785516633,0.3280445969125214,2332,0.5,10.0,0.05,core_only
reg=0.5_prior=10.0_home=0.05_wt=core_only,weeks_1_6,814,0.5540540540540541,0.6867369516319223,0.24680608984866925,0.6298076923076923,0.636911125040649,0.36531365313653136,813,0.5,10.0,0.05,core_only
reg=0.5_prior=10.0_home=0.05_wt=core_heavy,overall,2333,0.5957993999142734,0.6791939958679086,0.24305684021938226,0.6691855583543241,0.6066100785516633,0.330188679245283,2332,0.5,10.0,0.05,core_heavy
reg=0.5_prior=10.0_home=0.05_wt=core_heavy,weeks_1_6,814,0.5724815724815725,0.6838060057994885,0.2453473662923902,0.6298076923076923,0.636911125040649,0.3677736777367774,813,0.5,10.0,0.05,core_heavy
reg=0.7_prior=3.0_home=0.0_wt=live,overall,2333,0.6073724817831119,0.6778068126374311,0.24236242035744363,0.6691855583543241,0.6066100785516633,0.3297598627787307,2332,0.7,3.0,0.0,live
reg=0.7_prior=3.0_home=0.0_wt=live,weeks_1_6,814,0.5945945945945946,0.6812550756790529,0.24407548587324865,0.6298076923076923,0.636911125040649,0.36654366543665434,813,0.7,3.0,0.0,live
reg=0.7_prior=3.0_home=0.0_wt=core_only,overall,2333,0.5735105015002143,0.6839723662820332,0.24543156604454142,0.6691855583543241,0.6066100785516633,0.3271869639794168,2332,0.7,3.0,0.0,core_only
reg=0.7_prior=3.0_home=0.0_wt=core_only,weeks_1_6,814,0.558968058968059,0.6868716006917529,0.24687164041736137,0.6298076923076923,0.636911125040649,0.36654366543665434,813,0.7,3.0,0.0,core_only
reg=0.7_prior=3.0_home=0.0_wt=core_heavy,overall,2333,0.5880840120017146,0.6805664240432384,0.24373635825273443,0.6691855583543241,0.6066100785516633,0.32890222984562606,2332,0.7,3.0,0.0,core_heavy
reg=0.7_prior=3.0_home=0.0_wt=core_heavy,weeks_1_6,814,0.5675675675675675,0.6838555108990859,0.2453704939064022,0.6298076923076923,0.636911125040649,0.37023370233702335,813,0.7,3.0,0.0,core_heavy
reg=0.7_prior=3.0_home=0.02_wt=live,overall,2333,0.6146592370338619,0.6772082523353656,0.24206507680420206,0.6691855583543241,0.6066100785516633,0.330188679245283,2332,0.7,3.0,0.02,live
reg=0.7_prior=3.0_home=0.02_wt=live,weeks_1_6,814,0.5982800982800983,0.6811240798995966,0.24401074611123888,0.6298076923076923,0.636911125040649,0.37023370233702335,813,0.7,3.0,0.02,live
reg=0.7_prior=3.0_home=0.02_wt=core_only,overall,2333,0.5657951135876553,0.6833205865654107,0.24510756437507464,0.6691855583543241,0.6066100785516633,0.32675814751286447,2332,0.7,3.0,0.02,core_only
reg=0.7_prior=3.0_home=0.02_wt=core_only,weeks_1_6,814,0.5491400491400491,0.6867007051623578,0.24678631439261872,0.6298076923076923,0.636911125040649,0.3628536285362854,813,0.7,3.0,0.02,core_only
reg=0.7_prior=3.0_home=0.02_wt=core_heavy,overall,2333,0.5915130732961852,0.6799467966343977,0.24342847053752256,0.6691855583543241,0.6066100785516633,0.3293310463121784,2332,0.7,3.0,0.02,core_heavy
reg=0.7_prior=3.0_home=0.02_wt=core_heavy,weeks_1_6,814,0.5712530712530712,0.6837096460308137,0.24529790058918352,0.6298076923076923,0.636911125040649,0.36900369003690037,813,0.7,3.0,0.02,core_heavy
reg=0.7_prior=3.0_home=0.05_wt=live,overall,2333,0.6082297471067295,0.6765070183699985,0.24171929109594997,0.6691855583543241,0.6066100785516633,0.33147512864493994,2332,0.7,3.0,0.05,live
reg=0.7_prior=3.0_home=0.05_wt=live,weeks_1_6,814,0.585995085995086,0.681107794965248,0.24400499592285474,0.6298076923076923,0.636911125040649,0.37023370233702335,813,0.7,3.0,0.05,live
reg=0.7_prior=3.0_home=0.05_wt=core_only,overall,2333,0.5756536648092585,0.6825437057123742,0.24472274881536407,0.6691855583543241,0.6066100785516633,0.3280445969125214,2332,0.7,3.0,0.05,core_only
reg=0.7_prior=3.0_home=0.05_wt=core_only,weeks_1_6,814,0.5515970515970516,0.6866279262270348,0.24675032905421782,0.6298076923076923,0.636911125040649,0.3628536285362854,813,0.7,3.0,0.05,core_only
reg=0.7_prior=3.0_home=0.05_wt=core_heavy,overall,2333,0.5936562366052294,0.6792156635675429,0.2430672124487834,0.6691855583543241,0.6066100785516633,0.3280445969125214,2332,0.7,3.0,0.05,core_heavy
reg=0.7_prior=3.0_home=0.05_wt=core_heavy,weeks_1_6,814,0.5724815724815725,0.6836723555145541,0.24528055943476582,0.6298076923076923,0.636911125040649,0.3628536285362854,813,0.7,3.0,0.05,core_heavy
reg=0.7_prior=6.0_home=0.0_wt=live,overall,2333,0.6086583797685383,0.6777701008000966,0.24234392458716375,0.6691855583543241,0.6066100785516633,0.33061749571183535,2332,0.7,6.0,0.0,live
reg=0.7_prior=6.0_home=0.0_wt=live,weeks_1_6,814,0.5909090909090909,0.6813298880725368,0.24411200670768932,0.6298076923076923,0.636911125040649,0.3677736777367774,813,0.7,6.0,0.0,live
reg=0.7_prior=6.0_home=0.0_wt=core_only,overall,2333,0.5722246035147879,0.6838434916485837,0.24536795856014518,0.6691855583543241,0.6066100785516633,0.32890222984562606,2332,0.7,6.0,0.0,core_only
reg=0.7_prior=6.0_home=0.0_wt=core_only,weeks_1_6,814,0.5577395577395577,0.6869218109207558,0.24689751565823845,0.6298076923076923,0.636911125040649,0.36900369003690037,813,0.7,6.0,0.0,core_only
reg=0.7_prior=6.0_home=0.0_wt=core_heavy,overall,2333,0.5846549507072439,0.6805047951522761,0.24370577367045596,0.6691855583543241,0.6066100785516633,0.32890222984562606,2332,0.7,6.0,0.0,core_heavy
reg=0.7_prior=6.0_home=0.0_wt=core_heavy,weeks_1_6,814,0.5749385749385749,0.683927525063567,0.2454063321948235,0.6298076923076923,0.636911125040649,0.37023370233702335,813,0.7,6.0,0.0,core_heavy
reg=0.7_prior=6.0_home=0.02_wt=live,overall,2333,0.609515645092156,0.677170321882681,0.2420460830141528,0.6691855583543241,0.6066100785516633,0.3293310463121784,2332,0.7,6.0,0.02,live
reg=0.7_prior=6.0_home=0.02_wt=live,weeks_1_6,814,0.5896805896805897,0.681194138017352,0.24404501967985207,0.6298076923076923,0.636911125040649,0.3640836408364084,813,0.7,6.0,0.02,live
reg=0.7_prior=6.0_home=0.02_wt=core_only,overall,2333,0.5773681954564938,0.6831881872152182,0.2450423199652783,0.6691855583543241,0.6066100785516633,0.32675814751286447,2332,0.7,6.0,0.02,core_only
reg=0.7_prior=6.0_home=0.02_wt=core_only,weeks_1_6,814,0.5540540540540541,0.6867399004419339,0.24680689277513382,0.6298076923076923,0.636911125040649,0.3640836408364084,813,0.7,6.0,0.02,core_only
reg=0.7_prior=6.0_home=0.02_wt=core_heavy,overall,2333,0.5940848692670382,0.6798820248311734,0.24339644857482717,0.6691855583543241,0.6066100785516633,0.3293310463121784,2332,0.7,6.0,0.02,core_heavy
reg=0.7_prior=6.0_home=0.02_wt=core_heavy,weeks_1_6,814,0.5675675675675675,0.6837726088775153,0.24532938511274757,0.6298076923076923,0.636911125040649,0.3677736777367774,813,0.7,6.0,0.02,core_heavy
reg=0.7_prior=6.0_home=0.05_wt=live,overall,2333,0.6138019717102443,0.6764673862802506,0.24169960093933024,0.6691855583543241,0.6066100785516633,0.3323327615780446,2332,0.7,6.0,0.05,live
reg=0.7_prior=6.0_home=0.05_wt=live,weeks_1_6,814,0.5945945945945946,0.6811711307635359,0.24403607347090492,0.6298076923076923,0.636911125040649,0.3714637146371464,813,0.7,6.0,0.05,live
reg=0.7_prior=6.0_home=0.05_wt=core_only,overall,2333,0.5683669095585083,0.6824063237660336,0.2446551983782088,0.6691855583543241,0.6066100785516633,0.32890222984562606,2332,0.7,6.0,0.05,core_only
reg=0.7_prior=6.0_home=0.05_wt=core_only,weeks_1_6,814,0.5515970515970516,0.6866514633225458,0.2467633707417836,0.6298076923076923,0.636911125040649,0.3628536285362854,813,0.7,6.0,0.05,core_only
reg=0.7_prior=6.0_home=0.05_wt=core_heavy,overall,2333,0.5940848692670382,0.6791464605411991,0.24303315932072142,0.6691855583543241,0.6066100785516633,0.3297598627787307,2332,0.7,6.0,0.05,core_heavy
reg=0.7_prior=6.0_home=0.05_wt=core_heavy,weeks_1_6,814,0.5675675675675675,0.6837224854306635,0.24530585066182997,0.6298076923076923,0.636911125040649,0.36654366543665434,813,0.7,6.0,0.05,core_heavy
reg=0.7_prior=10.0_home=0.0_wt=live,overall,2333,0.6065152164594942,0.6779018011856456,0.24240919891257864,0.6691855583543241,0.6066100785516633,0.330188679245283,2332,0.7,10.0,0.0,live
reg=0.7_prior=10.0_home=0.0_wt=live,weeks_1_6,814,0.5909090909090909,0.6815529849651956,0.2442224182439581,0.6298076923076923,0.636911125040649,0.36654366543665434,813,0.7,10.0,0.0,live
reg=0.7_prior=10.0_home=0.0_wt=core_only,overall,2333,0.5649378482640377,0.6840502135548521,0.24547119815782498,0.6691855583543241,0.6066100785516633,0.330188679245283,2332,0.7,10.0,0.0,core_only
reg=0.7_prior=10.0_home=0.0_wt=core_only,weeks_1_6,814,0.5565110565110565,0.6872816880885941,0.2470767325784304,0.6298076923076923,0.636911125040649,0.37023370233702335,813,0.7,10.0,0.0,core_only
reg=0.7_prior=10.0_home=0.0_wt=core_heavy,overall,2333,0.5790827261037291,0.6807385864808726,0.24382212879907478,0.6691855583543241,0.6066100785516633,0.33104631217838765,2332,0.7,10.0,0.0,core_heavy
reg=0.7_prior=10.0_home=0.0_wt=core_heavy,weeks_1_6,814,0.5651105651105651,0.6842645528883042,0.24557372500780464,0.6298076923076923,0.636911125040649,0.3726937269372694,813,0.7,10.0,0.0,core_heavy
reg=0.7_prior=10.0_home=0.02_wt=live,overall,2333,0.6129447063866267,0.6772998382906228,0.2421103205313135,0.6691855583543241,0.6066100785516633,0.3293310463121784,2332,0.7,10.0,0.02,live
reg=0.7_prior=10.0_home=0.02_wt=live,weeks_1_6,814,0.581081081081081,0.6814132730799022,0.24415348553139885,0.6298076923076923,0.636911125040649,0.36531365313653136,813,0.7,10.0,0.02,live
reg=0.7_prior=10.0_home=0.02_wt=core_only,overall,2333,0.5735105015002143,0.6833891625037066,0.24514268727354493,0.6691855583543241,0.6066100785516633,0.330188679245283,2332,0.7,10.0,0.02,core_only
reg=0.7_prior=10.0_home=0.02_wt=core_only,weeks_1_6,814,0.5626535626535627,0.6870899901402087,0.24698130446125488,0.6298076923076923,0.636911125040649,0.36900369003690037,813,0.7,10.0,0.02,core_only
reg=0.7_prior=10.0_home=0.02_wt=core_heavy,overall,2333,0.5915130732961852,0.6801107623074276,0.2435102999415919,0.6691855583543241,0.6066100785516633,0.3297598627787307,2332,0.7,10.0,0.02,core_heavy
reg=0.7_prior=10.0_home=0.02_wt=core_heavy,weeks_1_6,814,0.581081081081081,0.6841016338551253,0.24549281931623806,0.6298076923076923,0.636911125040649,0.36900369003690037,813,0.7,10.0,0.02,core_heavy
reg=0.7_prior=10.0_home=0.05_wt=live,overall,2333,0.612087441063009,0.6765938032167775,0.2417623393175424,0.6691855583543241,0.6066100785516633,0.3319039451114923,2332,0.7,10.0,0.05,live
reg=0.7_prior=10.0_home=0.05_wt=live,weeks_1_6,814,0.5945945945945946,0.6813846315691048,0.2441417374387477,0.6298076923076923,0.636911125040649,0.3714637146371464,813,0.7,10.0,0.05,live
reg=0.7_prior=10.0_home=0.05_wt=core_only,overall,2333,0.576939562794685,0.6825991485173675,0.24475144206873883,0.6691855583543241,0.6066100785516633,0.32847341337907376,2332,0.7,10.0,0.05,core_only
reg=0.7_prior=10.0_home=0.05_wt=core_only,weeks_1_6,814,0.5651105651105651,0.6869876431927573,0.2469308927282186,0.6298076923076923,0.636911125040649,0.36900369003690037,813,0.7,10.0,0.05,core_only
reg=0.7_prior=10.0_home=0.05_wt=core_heavy,overall,2333,0.5992284612087441,0.6793680215537579,0.24314340337147078,0.6691855583543241,0.6066100785516633,0.3293310463121784,2332,0.7,10.0,0.05,core_heavy
reg=0.7_prior=10.0_home=0.05_wt=core_heavy,weeks_1_6,814,0.581081081081081,0.6840401377805757,0.24546360026338743,0.6298076923076923,0.636911125040649,0.36531365313653136,813,0.7,10.0,0.05,core_heavy
