name_first,name_last,PA_L,PA_R,probability_L,probability_R,probability,Game_Hit_Probability,Consistency,Approach,Expected_Bases
Alex,Bregman,67.0,200,0.5543923593662304,0.6433041011635958,0.6223096058155775,0.8473791588198367,0.22506955300425924,0.5273321903015082,1.165530963450859
Junior,Caminero,70.0,179,0.6716791717569373,0.6240440555015068,0.6379030712450723,0.826793747188484,0.1888906759434117,0.5274142706177558,1.6144013805128758
Nathan,Lukes,4.0,75,0.0,0.8064231325414875,0.7850962597202455,0.808,0.022903740279754503,0.6343577778539584,1.653006329113924
Ernie,Clement,64.0,171,0.5142345606389621,0.7587893673626012,0.703926023084064,0.7940133171912833,0.09008729410721927,0.5589266366462455,1.8855528313108842
Spencer,Steer,56.0,170,0.6804693271000294,0.6057799581119983,0.6253385001768039,0.7919590643274854,0.1666205641506815,0.4952424934879747,1.1669547614790978
Jeremy,Peña,17.0,82,0.8035239805651228,0.6292083082737098,0.6648907526131271,0.7845819397993311,0.11969118718620397,0.5216612764398445,2.0808815101368294
Maikel,García,48.0,196,0.8623169333660875,0.6374639556444385,0.694285398845992,0.7816277472527473,0.08734234840675525,0.542672732250468,1.15739366456171
Jackson,Chourio,26.0,81,0.5823318817090634,0.6360643834375077,0.6234913771883159,0.7810386473429951,0.15754727015467918,0.4869708618691834,1.2290638967899228
Bobby,Witt,52.0,208,0.6673098684482339,0.6206682896530045,0.6303481407693882,0.7733928571428572,0.14304471637346905,0.48750674958432505,1.5485630341880343
Luke,Keaschall,73.0,151,0.6976204357561149,0.6369817509095719,0.6576164504299303,0.7620535714285714,0.10443712099864111,0.5011389646803085,1.2465485809469055
Chase,Meidroth,62.0,178,0.770296909797691,0.5764943485388923,0.6347886209932213,0.7618142633228842,0.12702564232966285,0.4835910256677004,1.4490106542882406
Xavier,Edwards,58.0,200,0.634610535942632,0.6625052438887968,0.6563717674071461,0.7603575466365178,0.10398577922937169,0.4990772267471727,1.4645392965888533
Spencer,Horwitz,31.0,173,0.6354267924193848,0.674287529814914,0.6685826385457488,0.7600909090909092,0.09150827054516031,0.5081835855346369,1.7719343364239428
Jonathan,Aranda,70.0,170,0.6466797226551935,0.7201623220892828,0.6999840944254144,0.760076473234368,0.06009237880895357,0.5320414418110219,1.7973336988304096
Troy,Johnston,37.0,169,0.3739333465912691,0.7202964204386355,0.6720728694466375,0.7565608465608465,0.08448797711420908,0.5084640190591253,1.2112404179980338
Willson,Contreras,62.0,166,0.6284526781503055,0.7123946951925734,0.6910738888186148,0.7555303030303031,0.06445641421168835,0.522127264635458,1.6277587842589696
Teoscar,Hernández,48.0,153,0.5136663467941247,0.7544611909239247,0.7072842403661266,0.7527173913043479,0.04543315093822131,0.5323851483190681,1.4386027582674863
William,Contreras,61.0,170,0.697635418544034,0.6513838512241658,0.664056416836854,0.7518867924528303,0.08783037561597629,0.4992952492631818,1.2384473091126318
Kevin,McGonigle,75.0,184,0.6215742176484842,0.6056683946053618,0.6103225011606368,0.7518236032642813,0.14150110210364453,0.45885486197585845,1.0607168782010554
Jorge,Soler,63.0,170,0.5650812810659618,0.5653481685147443,0.5652760173562998,0.7507936507936508,0.18551763343735095,0.42440564477703147,1.1010593820328118
Travis,Bazzana,41.0,84,0.4570767821049676,0.7534245626948508,0.674079469560859,0.7466666666666666,0.07258719710580763,0.5033126706054413,1.7155485312629308
Ceddanne,Rafaela,53.0,159,0.556839429579796,0.6438015688591927,0.6233221119594625,0.7367924528301887,0.11347034087072616,0.45925902777390587,1.4769833688519955
James,Wood,94.0,185,0.6520458839757668,0.6481528221691009,0.6494679199664867,0.7351024590163935,0.08563453904990681,0.47742546501962657,1.858732934067881
Byron,Buxton,65.0,167,0.7495132669234799,0.5539961969958114,0.6169967133868909,0.7315592903828199,0.11456257699592898,0.45136967781384596,1.5773477909482758
Tyler,Freeman,41.0,108,0.6667663678358842,0.6367580385748315,0.6452001617747678,0.7305128205128205,0.08531265873805272,0.4713269899734137,1.261604963038615
Shohei,Ohtani,73.0,176,0.6934427069158098,0.6681269734198738,0.6756978501149679,0.7270909090909091,0.051393058975941264,0.49129376411086484,1.9089826296273276
Andy,Pages,59.0,184,0.6718137725296691,0.6698945951797994,0.6703613031928639,0.7266071428571429,0.056245839664278985,0.48708931119495774,2.0141340312901774
Jazz,Chisholm,69.0,159,0.6313018043261791,0.6088686192494489,0.6157576407080946,0.7259761904761906,0.11021854976809597,0.44702538625786936,1.3939636458395273
Luis,Arráez,72.0,164,0.628753048044296,0.7402497380342836,0.7092120898970911,0.7231983805668016,0.013986290669710577,0.5129010348919731,1.4110411241685434
Juan,Soto,69.0,108,0.6949550924904626,0.6467347686025302,0.6661348567288934,0.7212321109123435,0.05509725418345013,0.4804378488708713,2.1675234781172596
Jarren,Duran,58.0,178,0.6026604725439793,0.6236632491489388,0.6185769055638495,0.7207829382357684,0.10220603267191897,0.44585967951710087,2.0940205931434215
Zack,Gelof,40.0,108,0.7325968508766678,0.6213569403721165,0.6541723198414308,0.7204059829059829,0.06623366306455214,0.4712696530652529,1.415007006135247
Cody,Bellinger,77.0,171,0.6735856268934715,0.6000316614480232,0.6240172692034267,0.7200271392081737,0.09600987000474703,0.44930936916104014,1.5470749974152191
Josh,Naylor,68.0,175,0.7352848282885531,0.6010336105500182,0.6426046088871553,0.7192982456140351,0.07669363672687979,0.462224367796024,1.1338279593777278
Josh,Jung,45.0,184,0.7701998779178229,0.688727032138102,0.7061471674820424,0.7162218337218338,0.010074666239791363,0.5057580191714673,0.0
Brandon,Marsh,44.0,155,0.6274919468742115,0.7027271537797573,0.6871259029828763,0.7158287037037037,0.028702800720827315,0.4918644444134692,1.5743577777384579
Iván,Herrera,71.0,185,0.6681787808333974,0.5489701481878748,0.5846720684926094,0.7141799292661362,0.12950786077352672,0.4175610565199373,1.2735737706588186
Yandy,Díaz,62.0,171,0.7250632725516377,0.6671318814683027,0.6833240841593585,0.7116747181964573,0.02835063403709881,0.48630447503096375,2.1838338251072957
Ben,Rice,67.0,158,0.731965732705724,0.6864392052106336,0.7005315518198462,0.7098902789171452,0.009358727097299013,0.49730053871165114,2.147770787778625
Pete,Alonso,74.0,181,0.5483029073556218,0.6429438029809313,0.6171031945463312,0.7097619047619048,0.09265871021557359,0.43799633879586036,1.4802842394533573
Ezequiel,Duran,37.0,144,0.4632582099817347,0.7259386113414547,0.6821275454707245,0.7028896103896104,0.02076206491888588,0.4794603646719388,1.651603687560843
JJ,Wetherholt,84.0,173,0.5474197917845842,0.6085419179795093,0.589258322713063,0.7024619883040936,0.11320366559103057,0.41393157299775346,1.1268169532976005
Alec,Burleson,68.0,175,0.4417607680218216,0.6791883566197603,0.6219981026370571,0.701889338731444,0.07989123609438686,0.43657383695213686,1.1216417401536851
Leody,Taveras,53.0,115,0.5695086293840361,0.6916557211278938,0.6562310896150203,0.7016666666666667,0.04543557705164636,0.4604554812132059,1.3420629367338333
Fernando,Tatís,49.0,190,0.8277052707383593,0.5762930202252351,0.6413087320186032,0.7005799755799755,0.059271243561372366,0.4492880558168181,1.1068045095304508
Nick,Kurtz,82.0,176,0.7215658295382821,0.6381777283043757,0.6663818944047436,0.6995210727969349,0.03313917839219127,0.46614817766646,1.6456840578608705
Julio,Rodríguez,71.0,195,0.637931788931539,0.6355170028081327,0.6361626729768937,0.6993384074941451,0.06317573451725145,0.4448929906268794,1.895436840049713
Corbin,Carroll,77.0,160,0.7730710690169771,0.5975650727649591,0.6625277484887598,0.695489417989418,0.03296166950065815,0.4607810381982871,1.584307399403108
Pete,Crow-Armstrong,86.0,161,0.5945334111975104,0.5612333959162026,0.573041110343135,0.6901190476190476,0.11707793727591265,0.3954665853165659,1.2445892656183812
Nolan,Arenado,52.0,148,0.4147112637817145,0.6096092233131474,0.5642681436700585,0.6900092592592593,0.12574111558920076,0.3893502438373744,0.0
CJ,Abrams,76.0,176,0.5312996301121254,0.6721155271413449,0.6333852311541379,0.6874404761904762,0.054055245036338295,0.4354146449166154,1.556304515050738
Casey,Schmitt,61.0,152,0.8598952426005704,0.5633958273183448,0.6731752759394356,0.6871153846153846,0.01394010867594897,0.46254908864069294,1.8057378942902522
Tyler,Soderstrom,59.0,175,0.7368740280196453,0.6004010313474879,0.6386955672067747,0.6866910866910867,0.04799551948431202,0.4385865531100001,1.8465560424861935
Connor,Wong,19.0,55,0.512708282162365,0.6453429316587289,0.6141232702603505,0.6851010101010101,0.07097773984065958,0.42073647278190174,1.534991554054054
Vinnie,Pasquantino,65.0,174,0.5743539981534485,0.5986250405813152,0.5921246987682327,0.6850974658869395,0.09297276711870683,0.40566313061518366,1.0323333851185792
Freddie,Freeman,74.0,170,0.573995339353988,0.5923520392830222,0.5868457822325717,0.6845175438596491,0.09767176162707747,0.4017062334782345,1.7636752747450277
Bryan,Reynolds,86.0,168,0.7796366434286779,0.6157748893470738,0.6785938327526989,0.6833333333333333,0.004739500580634437,0.4637057857143443,1.6983988724912207
Riley,Greene,77.0,176,0.48578530541176246,0.715313893358384,0.6554866060265725,0.683217213114754,0.027730607088181536,0.4478397322035236,1.3372624491260074
Oswald,Peraza,70.0,109,0.6550307592690805,0.6952450713992755,0.6799417825259984,0.6817948717948719,0.001853089268873509,0.4635808204452897,1.4969584109248912
JJ,Bleday,34.0,97,0.7770456835148645,0.6057478137116568,0.6569998915804082,0.6811529271206691,0.024153035540260936,0.44751739926795725,2.085411118808836
Chandler,Simpson,75.0,159,0.4375136419563065,0.7284514370574963,0.6512215351711811,0.6783809523809524,0.02715941720977133,0.44177628524041174,1.0441649381294693
Konnor,Griffin,47.0,159,0.5945807810662351,0.6311618437637342,0.6230324074728923,0.6754226190476191,0.052390211574726786,0.4208101804068844,1.434713253966519
Cole,Young,76.0,161,0.5617949256306878,0.6140508658590453,0.5978081079543096,0.67288056206089,0.07507245410658037,0.40225345568485305,1.1704070845225687
Paul,Goldschmidt,59.0,68,0.8172710076052161,0.4633870928234618,0.6611375946605329,0.6703484654731457,0.009210870812612848,0.44319257204729484,1.7029226741505283
Willy,Adames,65.0,186,0.3998603036980688,0.6771589652914292,0.6168019918060257,0.6679963680387409,0.051194376232715166,0.41202149032548635,1.7901562012583958
Rafael,Devers,79.0,168,0.3693334350117006,0.7021670123109061,0.6145504597630969,0.6679166666666667,0.05336620690356986,0.41046849458343515,1.6109864332010655
Brandon,Lowe,65.0,171,0.6360643834375077,0.6167227661503016,0.6221214047804766,0.6665669515669516,0.04444554678647494,0.4146855682890718,1.5196614070095913
Wilyer,Abreu,73.0,171,0.8494561767868379,0.4367423477222593,0.6012399819095444,0.6631410256410257,0.06190104373148131,0.39870689825988703,1.0697610522536376
Daylen,Lile,77.0,183,0.5237826295495485,0.5492006253327637,0.5417766103940147,0.6616071428571428,0.11983053246312814,0.3584432752696115,0.981655313157173
Michael,Busch,75.0,183,0.4518784629015584,0.6101580474414852,0.5680696516640339,0.6612167070217918,0.09314705535775791,0.3756171444323088,1.262184225677594
Ezequiel,Tovar,49.0,170,0.42605599608595535,0.6165926091156702,0.5786398537771316,0.6601140350877193,0.0814741813105877,0.38196828873939015,1.483321450230113
Jacob,Young,60.0,144,0.6572175072813639,0.5496472318546469,0.5834770072897655,0.6570092592592593,0.07353225196949387,0.3833497963542583,1.6552248508098892
Mike,Trout,69.0,196,0.5342201273609413,0.5502818772220373,0.5461384804430709,0.6544642857142857,0.10832580527121483,0.3574281305042598,1.2794930498611163
Jake,Bauers,50.0,147,0.5879487352343934,0.5922835066285919,0.5911864104744602,0.6540793650793651,0.06289295460490496,0.38668283200668385,1.455009942669869
Matt,Olson,112.0,149,0.5528839046582243,0.5410960550021351,0.5461812873940206,0.6537037037037037,0.10752241630968307,0.3570407304631283,1.384042151076303
Nico,Hoerner,78.0,191,0.613860924031827,0.5072396322335773,0.5400793183274311,0.6528939108600126,0.11281459253258153,0.35261449831740616,0.8170518182251454
José,Ramírez,73.0,186,0.6778626800388681,0.4446123439109215,0.519644940043924,0.652454137392662,0.13280919734873797,0.33904449110682,1.218834438834439
Carlos,Cortes,11.0,147,0.5045790303594524,0.628120847446958,0.6203240083808006,0.6502881205673758,0.029964112186575242,0.4033893335527719,1.0752897411689308
Kyle,Schwarber,92.0,159,0.7506552866254659,0.4855416745615978,0.5987042956049166,0.65,0.05129570439508346,0.3891577921431958,1.7863758407231292
Curtis,Mead,74.0,86,0.5824556757486168,0.6460422197564311,0.6175648528744073,0.6489734299516908,0.031408577077283506,0.40078318078751546,1.6875724409829722
Miguel,Vargas,76.0,178,0.666464668264296,0.5276661436396225,0.5728410425225927,0.6442727823024433,0.07143173977985062,0.3690658922830631,1.6262940665250851
Ozzie,Albies,105.0,150,0.6126315688917376,0.6123396539556842,0.6124598732461248,0.6427777777777778,0.03031790453165295,0.3936755963032036,1.2688430082559339
Kazuma,Okamoto,56.0,181,0.6878621110594438,0.42660857355939663,0.49874356118201946,0.6420883940620783,0.14334483288005884,0.32023745224816474,1.1928412737889684
Aaron,Judge,72.0,181,0.5548297005634921,0.549881183633425,0.5512934362816337,0.640679927809165,0.08938649152753131,0.3532026389585836,1.0991841278231473
Randy,Arozarena,66.0,190,0.5013677293624684,0.6425460298406542,0.6093166260141554,0.6406381733021078,0.031321547287952445,0.3903514902523121,1.3910695393880208
Ronald,Acuña,72.0,132,0.2875558725418005,0.6885493314633595,0.5732917307795126,0.6405053883314753,0.06721365755196274,0.3671964426501553,2.1875799039373818
Brooks,Lee,76.0,144,0.4832741842311872,0.6775003011966125,0.6176918196858459,0.6371091871091872,0.019417367423341325,0.39353713312404387,1.661846067583732
Coby,Mayo,48.0,108,0.7976291568901394,0.4843375876333855,0.6032427705815224,0.634090909090909,0.030848138509386613,0.38251075680055624,1.6716255574136012
Elly,De La Cruz,72.0,184,0.7016031924430329,0.5714720135426908,0.6115020491831555,0.6319628647214854,0.020460815538329902,0.38644658678484567,1.351676243232657
J. P.,Crawford,67.0,154,0.5749560755996517,0.5255904924773402,0.5409669544065177,0.6314173789173789,0.09045042451086127,0.3415759364322806,1.4361081617836409
Jordan,Walker,56.0,185,0.4480028680090349,0.6603464079090383,0.6174253820101645,0.6304880791722898,0.01306269716212527,0.38927934313580587,1.2213848707970378
Nathaniel,Lowe,17.0,127,0.0,0.621101505852109,0.5686713126158411,0.6287891986062718,0.060117885990430664,0.3575743789300914,1.579117019980507
Will,Smith,49.0,137,0.410488798632634,0.628694861939671,0.5780654230001996,0.6260204081632653,0.04795498516306573,0.36188075205165554,1.479336633090802
Marcell,Ozuna,57.0,134,0.5800478350007792,0.4253526533648686,0.47517215694797876,0.6251388888888889,0.14996673194091015,0.2970485942253962,0.8231914264473164
Shea,Langeliers,61.0,178,0.5245617008824077,0.5536323407573819,0.5463368742645498,0.6242924528301886,0.07795557856563884,0.34107398730619415,1.3397972320566462
Cam,Smith,55.0,168,0.5670495214582676,0.5677670744750885,0.5675901784941266,0.6229472693032015,0.055357090809074916,0.35357875177623294,1.382633528958018
Isaac,Paredes,55.0,170,0.7129168937724883,0.4742174364541972,0.5422400503541416,0.6226936026936027,0.08045355233946117,0.337649410479781,1.1231155346207558
George,Springer,44.0,129,0.5487055401596226,0.5375746375455112,0.5404240033151455,0.6221014492753623,0.08167744596021675,0.3361985556855452,1.2101729077657701
Kody,Clemens,36.0,149,0.5500335124722386,0.6102186461631074,0.5989874561822623,0.6199592074592075,0.020971751276945172,0.37134778861276213,1.5784147153135613
Austin,Hedges,40.0,47,0.6459856186767836,0.4842665753370833,0.5640154844100309,0.619102564102564,0.055087079692533125,0.34918343259179985,0.8615660919540229
Hunter,Goodman,63.0,166,0.6188111131025893,0.547696692398213,0.5681316271391672,0.617939393939394,0.049807766800226805,0.35107091335217877,1.3875678726913074
Taylor,Ward,70.0,197,0.5307560641807703,0.48485385128640823,0.4971849882739062,0.6175659133709981,0.12038092509709186,0.3070445013977239,0.7203082695256723
Blake,Dunn,25.0,48,0.641420137662228,0.5726013942704979,0.5971444310640948,0.6173202614379085,0.020175830373813763,0.3686293563006781,1.0881597672158458
Colson,Montgomery,73.0,172,0.5847936680036323,0.5581630741673611,0.5662217946884371,0.6138489413913143,0.047627146702877154,0.34757464926218723,1.4545468174460061
Munetaka,Murakami,70.0,171,0.4454070891845354,0.5615107268424866,0.5297789639858917,0.6137390350877193,0.08396007110182757,0.3251460301664728,1.7689070489147043
Josh,Bell,81.0,150,0.4486940568499258,0.6231520920464947,0.5673180610353784,0.6105317096696407,0.04321364863426225,0.3463656657303951,1.229129382131027
Brandon,Nimmo,66.0,186,0.48665925979911695,0.5479798486050342,0.5324557704467358,0.6100675186882083,0.07761174824147254,0.3248339706876583,1.121932252759146
Jake,Meyers,23.0,55,0.46355408419948363,0.6299092164971629,0.5853804217707106,0.608125,0.022744578229289436,0.3559844689893134,1.18721322537112
Drew,Gilbert,22.0,101,0.0,0.6667156058379082,0.5832140743575669,0.6068643162393162,0.023650241881749356,0.3539318104561506,1.4730643957509095
Drew,Millas,11.0,90,0.0,0.5470850105387521,0.5017044140277034,0.6054166666666667,0.10371225263896333,0.3037402139926054,1.2425796666205082
Alec,Bohm,67.0,151,0.40179934854861754,0.5718739806091138,0.5238803125124958,0.604010101010101,0.08012978849760521,0.31642900047787587,1.3451446556260116
Garrett,Mitchell,40.0,135,0.5986346813487617,0.5492871987535718,0.560928507911218,0.6012244897959185,0.040295981884700516,0.33724395598090784,1.3208581730769233
Matt,Chapman,65.0,182,0.5604038378429512,0.5686143157343431,0.5664643769640869,0.6006010671688637,0.03413669020477683,0.3402191093177761,1.2252538839277065
Joe,Mack,14.0,57,0.7313803092220577,0.5234683534805642,0.5713297529830379,0.6003246753246754,0.028994922341637475,0.3429833484628692,0.8385783450704226
Masyn,Winn,52.0,163,0.556444266001449,0.5087223687761737,0.5205849007815099,0.5994017094017094,0.07881680862019957,0.3120394794171563,0.9273588330286323
Ian,Happ,68.0,181,0.22989318466817166,0.6585976905087125,0.5653154832002529,0.5992445054945055,0.03392902229425254,0.33876219717872297,1.5536458372577242
Jo,Adell,73.0,179,0.6261911214593134,0.4804283809227108,0.5262081805933806,0.5980591334894614,0.07185095289608079,0.3147036085207432,1.2546556165970446
Jac,Caglianone,50.0,150,0.6328719022623868,0.5188553318438239,0.5494416235574688,0.597962962962963,0.04852133940549419,0.328545741197605,1.1085684137682492
Zach,Neto,72.0,200,0.3841575964222592,0.6264476817791549,0.5705538987617065,0.5968518518518519,0.026297953090145376,0.3405361510572185,1.3088540059014613
Oneil,Cruz,77.0,182,0.7003542477471846,0.5306644391220268,0.5868467174699661,0.5944284802043422,0.007581762734376163,0.34883840237857894,1.3915174336127492
Sal,Stewart,56.0,196,0.6551930813639406,0.5597983659912574,0.5824478483199977,0.5943659761456372,0.011918127825639502,0.3461871839206415,1.3803935185185185
Xander,Bogaerts,51.0,172,0.5712785439196689,0.5540436579681647,0.5580281271221561,0.5869162087912088,0.028888081669052657,0.32751575276939454,0.8823879136321897
Vaughn,Grissom,57.0,85,0.4283752893190226,0.6124746857756886,0.5446661307002043,0.5866776315789474,0.04201150087874306,0.31954343556046527,1.1056710054701915
Christian,Walker,52.0,192,0.5808543897966302,0.5475399702707416,0.5547928263503366,0.585925925925926,0.031133099575589407,0.3250675004763824,1.4556455621412758
Jeremiah,Jackson,49.0,123,0.4383941712278645,0.6023778324658359,0.559728984533162,0.5858333333333333,0.026104348800171318,0.32790789677234405,1.0578151137290903
Brett,Baty,39.0,156,0.5725116397024389,0.5425492952377815,0.5486580748288364,0.5858177933177933,0.03715971848895683,0.32141366268221766,1.034092316298199
Jared,Triolo,26.0,59,0.6601239243549513,0.5279515297334834,0.571696581591348,0.5849248120300752,0.013228230438727229,0.33439951552555575,0.9212112492693556
Daulton,Varsho,61.0,163,0.6044251991460299,0.5659183289630036,0.5766584535365262,0.584920634920635,0.008262181384108724,0.3372994287749364,1.3470033052918995
Sal,Frelick,57.0,138,0.46024784589490286,0.5828353050827283,0.5493147340504032,0.5834316037735849,0.03411686972318173,0.320487576263487,1.1211790450928383
Gavin,Sheets,28.0,157,0.4095741695751829,0.5886990726248269,0.5644987309260847,0.5802019230769231,0.015703192150838374,0.3275232492577969,1.2098921815728827
Nasim,Nuñez,57.0,137,0.6819055323906583,0.4192435253895006,0.5082641132408643,0.5795235849056604,0.07125947166479607,0.2945510409842422,0.7876839830326461
Miguel,Andújar,51.0,126,0.5574796777910689,0.50094756192933,0.5177360386106089,0.5775050009092562,0.059768962298647255,0.29899515144857436,1.0601204341520893
Ildemaro,Vargas,62.0,148,0.6800486720051249,0.4912479827394899,0.5535587933965385,0.5773214285714285,0.02376263517489008,0.31958135340196586,0.9786189381715386
Matt,Vierling,63.0,105,0.6099609570148432,0.5192382015884629,0.5548519874397091,0.576875,0.022023012560290933,0.3200802402542822,0.8917577801902399
Cedric,Mullins,51.0,143,0.5614096833635273,0.45830589120403165,0.48692659222308743,0.5718888888888889,0.08496229666580146,0.27846790779691455,0.7446155004542402
Bryson,Stott,35.0,161,0.664558315969049,0.47801908522208125,0.5157231271915892,0.5666491963661775,0.050926069174588307,0.29223409557056595,1.297780780075188
Mauricio,Dubón,90.0,135,0.4875699120261614,0.6047605054869584,0.5604797932721448,0.5665,0.006020206727855193,0.31751180288867004,0.9321802943225357
Kyle,Tucker,63.0,179,0.6210207683710895,0.4714159647756321,0.5138179325581383,0.5627474134053081,0.04892948084716975,0.2891497125083554,0.9846066084740951
Nick,Fortes,70.0,73,0.49688543032012844,0.5780925626084603,0.5396155432180345,0.5620634920634922,0.022447948845457644,0.3032981965928667,0.7754755213424567
Daniel,Schneemann,39.0,131,0.8134499917516225,0.38405708163940544,0.5155870160868326,0.5618667679837893,0.04627975189695677,0.28969121034311457,0.7170037557418073
Mark,Vientos,68.0,124,0.5864190070809416,0.517369517504052,0.542697875217853,0.5602335164835164,0.017535641265663426,0.3040375390214303,1.279799631722849
Trea,Turner,81.0,174,0.37848064975381845,0.5392217389031089,0.4918513691760803,0.5592911877394635,0.06743981856338321,0.2750881364577713,1.2242489776396928
Tyler,Stephenson,39.0,127,0.48353090539464316,0.539567172821922,0.5268132637395995,0.5515527950310559,0.02473953129145645,0.2905653280750089,1.22653246060423
Austin,Martin,79.0,112,0.5618021209011967,0.5311216751944878,0.5439914720584658,0.5514583333333333,0.007466861274867509,0.29998863052890806,0.7593547365890496
Harrison,Bader,23.0,87,0.5885651566859356,0.5119221078538468,0.5287258165437021,0.5507142857142857,0.021988469170583613,0.29117686039656737,1.2353283675166298
Brice,Turang,67.0,171,0.4094585724504074,0.5520726922364094,0.5147441488240672,0.5468518518518518,0.03210770302778465,0.2814887910143463,0.981296653066926
Carlos,Narváez,21.0,100,0.631795984688613,0.4879025216679026,0.5153399425965193,0.5377380952380952,0.022398152641575964,0.2771179191319616,0.8837844396821524
A. J.,Ewing,24.0,52,0.33873993806974356,0.5957245402000144,0.5241611085307167,0.5337500000000001,0.009588891469283323,0.2797709916782701,0.7491895053475935
Carter,Jensen,48.0,148,0.6580206494409421,0.45017436719172665,0.5076796492385007,0.530962962962963,0.02328331372446224,0.2695590907956721,1.0508145038964436
Geraldo,Perdomo,67.0,162,0.28743570885103165,0.5531653655927966,0.48442410447335327,0.5241071428571429,0.039683038383789615,0.2538901333266593,0.9117512908824533
Richie,Palacios,17.0,114,0.7780199181649485,0.4566397617042527,0.5103263648737024,0.5165823211875843,0.006255956313881872,0.2636255781296793,0.8327712236872544
Bo,Bichette,71.0,189,0.5750005180701894,0.46063765577262306,0.4938125172469202,0.5141666666666667,0.020354149419746448,0.2539019359511248,1.0131187499999998
Drew,Romo,13.0,59,0.10361377326753307,0.48508373915404324,0.4270408199114215,0.5125,0.08545918008857845,0.2188584202046035,0.0
Adrian,Del Castillo,17.0,113,0.07995920766551778,0.5293287591641358,0.4822695530720914,0.5035714285714286,0.021301875499337153,0.24285716779701746,1.0101407395849586
Taylor,Walls,57.0,93,0.39651980842557855,0.5223529972098848,0.4769999154350848,0.5017770034843205,0.02477708804923573,0.23934758822929114,0.9105559329710144
Pedro,Pagés,40.0,83,0.49734204806745264,0.4955394288691498,0.49612615228015344,0.5010714285714285,0.004945276291275058,0.24859463987466257,1.0070301944347193
Connor,Norby,60.0,140,0.37729045698187247,0.44779236924219745,0.42727479192985984,0.4782429245283019,0.05096813259844207,0.20434114606975787,0.6799192708333334
Rhys,Hoskins,59.0,102,0.5190254701887829,0.4099646839200066,0.45178494766108546,0.47732712765957447,0.025542179998489012,0.2156492113868971,1.187195816290461
Wenceel,Pérez,48.0,106,0.6355673132877584,0.3404414116967682,0.44597064435077394,0.46379629629629626,0.017825651945522325,0.2068395331067617,1.2559341784570444
Víctor,Caratini,63.0,96,0.2104021283016957,0.4971475788623074,0.3944718869020464,0.4634090909090909,0.0689372040070445,0.18280185849847103,0.6530424099480256
Ramón,Laureano,55.0,149,0.37555201475142774,0.4174256334006423,0.4063401020007099,0.4461842991913747,0.03984419719066479,0.18130257364453847,1.0455819943718225
Matt,McLain,53.0,172,0.4665670690175654,0.4089933088357911,0.4229360188614547,0.44440418679549115,0.021468167934036442,0.1879545375286473,0.8193517094017094
Manny,Machado,50.0,177,0.5730609691596621,0.3220358962278036,0.3845521433767445,0.43915343915343913,0.05460129577669465,0.16887739629772375,1.243375782556715
Andrés,Giménez,51.0,151,0.2562081917734793,0.47769852850038663,0.42697789802854536,0.43182234432234434,0.004844446293798987,0.18437859690051334,0.7849270254769379
Nolan,Gorman,32.0,173,0.4420874878301245,0.4058954763207756,0.41165230520429863,0.4256507936507936,0.013998488446494983,0.17522013041838844,0.6463025708635466
Dansby,Swanson,66.0,156,0.2774458590861901,0.42735432669088835,0.38536768250756526,0.4247300944669366,0.039362411959371346,0.16367725219594262,0.6757005593787244
Thomas,Saggese,24.0,54,0.5585329877345995,0.29259350468091405,0.3840451797897787,0.4141666666666667,0.030121486876887982,0.15905871196293336,1.088028846153846
Danny,Jansen,34.0,107,0.5240219572323745,0.29425145054428137,0.3556412016728281,0.4035416666666667,0.0479004649938386,0.14351604325838918,0.7971748746780035
Henry,Davis,27.0,103,0.19960152586961188,0.378218277709098,0.34374082523884286,0.353015873015873,0.009275047777030143,0.12134596751288675,0.9454790875021138
Tyler,O'Neill,49.0,60,0.3436990614021487,0.3455281989140869,0.344706377239834,0.34690476190476194,0.0021983846649279437,0.11958028372343767,0.0
