team,current,Strength,pyth_Strength,SOS,pyth_SOS,Confidence,pyth_Confidence,Confidence_Delta,true_power,offensive_edge,team_bases_pg,suppression_resistance,home_run_reliance,homer_per_game,game_homer_rate,team_home_run_rate,away_hr_rate,Park_Factor,games_played,win_rate,win_rate_CI_Low,win_rate_CI_High,Bullpen_PAVE,Bullpen_PAVE_PLUS,Bullpen_Power_A_PLUS,Bullpen_BAA,Bullpen_Power_A,Bullpen_HR_Per,Bullpen_AtBats
ATH,0.8337800307499046,0.8043885143208902,0.7704865488678708,1.1314271570123637,1.1662722647213368,0.8539655171366063,0.8011232890800973,0.052842228056508955,0.9402520421976783,0.9603742392661829,16.5406962656238,0.9201298451291738,0.42775393419170243,1.1975308641975309,0.6728395061728395,1.382716049382716,1.9876543209876543,1.3225972868554032,162,0.3950617283950617,0.35761326690263295,0.43378363004053644,0.291295301220086,1.2288772118728126,1.2352769863402724,0.2595621982621174,0.4254840972049863,0.03799347687656674,2911
ATL,0.9616527088775663,1.002896410914541,1.0135800623765536,0.9344499290754381,0.8677131724436331,0.9843210206350465,0.9710971363272428,0.013223884307803635,1.2124114678993967,1.2194426595677061,15.743099806633943,1.2053802762310872,0.4281949934123847,1.2574850299401197,0.688622754491018,1.2857142857142858,1.1666666666666667,0.9654979896074635,167,0.5808383233532934,0.542500847390455,0.6182240131763498,0.2358927208990072,0.9951523005873838,1.2067558541840215,0.2169053414650899,0.41566015625817126,0.04982948558657056,2529
AZ,1.0913159781320305,1.0672527127248412,1.0743924804461815,1.054509525459985,1.1108616028409142,1.0781728470130099,1.119184200578299,-0.04101135356528918,1.0850830826716322,1.0854449651748086,18.349885744958208,1.0847212001684556,0.378561736770692,1.0246913580246915,0.654320987654321,1.0617283950617284,1.1481481481481481,1.00125717440774,162,0.5308641975308642,0.49180345189960667,0.5695504019406377,0.25050738617633994,1.056806673463429,1.090843141902931,0.2271991711625554,0.37573468506031665,0.031020607699128337,2377
BAL,1.0577471335342392,1.0493547094192825,1.059446271555783,1.0857268168072294,1.0754801953467814,1.0701944968964527,1.0908851185098225,-0.020690621613369764,1.0636836255105888,1.037241149415038,16.01097222222222,1.0901261016061394,0.44972067039106145,1.236024844720497,0.7018633540372671,1.2222222222222223,1.0987654320987654,0.952987200434915,161,0.4906832298136646,0.4516795223673556,0.5298006954798353,0.22963550635989358,0.9687552103332353,0.8628318041169994,0.20711848172928587,0.29719748305368576,0.01607167213961589,2394
BOS,0.9522590850863871,1.0214693325112438,0.79292097667193,1.1336410696867005,1.055956170426909,1.0575613525937275,0.7893207812879036,0.2682405713058239,0.7619678993816652,0.9028754584047819,14.814035446489433,0.6210603403585484,0.37155297532656023,1.0060975609756098,0.6524390243902439,0.9382716049382717,0.9135802469135802,0.9185086475971829,164,0.5304878048780488,0.4916661414141731,0.5689439795257932,0.24321254428596067,1.0260321813045965,0.9018364009416067,0.21785200101569174,0.31063239348290905,0.019285072136141584,2487
CHC,0.9339118999235098,0.9677824921813497,1.0153508563998572,0.8940685958040322,0.7465880581701877,0.9401616169310052,0.9328270711588277,0.007334545772177514,1.0077628840699888,1.0733266561070407,17.78178974475498,0.942199112032937,0.43478260869565216,1.3414634146341464,0.7073170731707317,1.4197530864197532,1.5185185185185186,1.084005701218297,164,0.5426829268292683,0.5038570249136884,0.5809971444022644,0.23409306408817449,0.9875601518820634,0.9408917742087151,0.21009091355199794,0.324084793567518,0.02665482723605466,2524
CIN,0.9703174099821354,0.8944116872736156,0.8698418269950903,1.0353772093400024,1.1038320944744098,0.9111963732457622,0.8903841256622337,0.02081224758352851,0.9038053604499006,0.9792642755105779,16.041230733839427,0.8283464453892232,0.4894894894894895,1.3148148148148149,0.7098765432098766,1.296296296296296,1.2592592592592593,0.9778117584780822,162,0.46296296296296297,0.42434673881505197,0.5020286365766549,0.2395337792296176,1.0105127049291147,1.0258312749862732,0.21110013411613893,0.35334171910326684,0.033849630205371344,2675
CLE,1.2235119504069505,1.2031025303219702,1.1758695842314082,1.1064491117616275,1.1190911640642662,1.2197644485839845,1.2342664761554856,-0.014502027571501097,1.0321412321679602,1.1113581010974158,17.678148148148146,0.9529243632385043,0.3870014771048744,0.9938650306748467,0.6196319018404908,0.9146341463414633,1.0609756097560976,0.9386407586931661,163,0.5214723926380368,0.48255014131986157,0.5601356625113778,0.20989948362597774,0.8854955474099785,0.8761082521905635,0.18745729154551882,0.3017704797055583,0.026532600576227937,2429
COL,0.7175628358942718,0.6945122262883274,0.7686219244240324,1.2685023491144904,1.2853303377595169,0.7896794315928077,0.8386029228413864,-0.04892349124857864,0.9041640410974051,0.9407932189390913,16.98328502415459,0.8675348632557189,0.38,1.1111111111111112,0.6481481481481481,1.0740740740740742,1.5308641975308641,1.2550193232934481,162,0.35802469135802467,0.32153201803468306,0.3962402543001932,0.25765502515271554,1.086960165881508,1.1216132276886874,0.23368960369697334,0.3863332652299841,0.029366242110503305,2856
CWS,1.1767213841418813,1.1682235942086794,1.203094363808325,1.2190979327207985,1.0172014264801699,1.2187506163443167,1.230566272444082,-0.011815656099765315,1.1661194953069969,1.0849889837150193,17.4082625715146,1.2472500068989747,0.44374209860935526,1.2969696969696969,0.6848484848484848,1.382716049382716,1.0123456790123457,1.0026363165212493,165,0.5272727272727272,0.48857361591431997,0.565646861959514,0.22315386834673864,0.9414113526856427,0.9730770840264918,0.2023138626082525,0.3351708395657127,0.027808617337157948,3240
DET,0.9440037711379337,0.9014305768012089,0.9739432321710392,0.7378223300165161,0.7837403949475875,0.834293279197676,0.8993230217706408,-0.06502974257296479,0.9507641246891866,1.1569212653249252,17.727260179434094,0.7446069840534479,0.39944521497919555,1.117283950617284,0.6481481481481481,1.1481481481481481,0.9506172839506173,0.9102337949161273,162,0.4691358024691358,0.43044959805936234,0.5081965481003933,0.21435733844590205,0.9043017422888426,0.9010289631385933,0.19333550398340665,0.310354276146908,0.02866677198573324,2515
HOU,0.9468252677140365,0.9707497557924198,1.1124848381456973,0.6961776628095211,0.9290966303482102,0.8874264962252579,1.100986065998589,-0.21355956977333113,1.115175390430917,1.1227352944661098,18.3558729076725,1.1076154863957242,0.462059620596206,1.4024390243902438,0.7439024390243902,1.3012048192771082,1.3614457831325302,0.9932814127874454,164,0.49390243902439024,0.4552313320363315,0.5326466437756753,0.22624400871459693,0.9544476188514337,0.9910826617413904,0.20334067320752913,0.34137275789123345,0.03224972416280719,2826
KC,0.7684224227466625,0.7901209670172477,0.8258814145501537,0.9450086133263875,1.0376366577629628,0.7883335830729975,0.8197277972419992,-0.03139421416900168,1.078542462188287,1.0764888208256442,17.149648799938653,1.08059610355093,0.36231884057971014,1.0493827160493827,0.6296296296296297,1.1604938271604939,1.2592592592592593,1.1143468277155013,162,0.42592592592592593,0.3878552326244203,0.4648955181589935,0.27192574650222506,1.1471635546417995,1.126021743747006,0.23650999716762156,0.3878517533875629,0.035690929002456455,2521
LAA,0.8606492792567784,0.7755520882458489,0.8275344472533407,0.7910546034214325,0.8721048891509559,0.7315263908041362,0.7665780993347202,-0.035051708530584036,0.8616479110673132,0.702719874368698,14.898122076527871,1.0205759477659284,0.38284839203675347,0.9506172839506173,0.5864197530864198,0.6913580246913581,0.9259259259259259,0.8798926684189231,162,0.38271604938271603,0.34556033318294976,0.42129502222412196,0.2730475593794608,1.1518961070552656,1.1162886800383507,0.24374037254553269,0.3844992552264946,0.026866637139743004,2563
LAD,1.2653550065470314,1.2484829867191882,1.3070085792211708,1.00452926941996,0.7367360051579527,1.2336069497164825,1.2524594218895735,-0.01885247217309094,1.0778555648434416,1.1194598147743564,18.55410437021889,1.0362513149125268,0.4143920595533499,1.274390243902439,0.725609756097561,1.2771084337349399,1.0963855421686748,0.9529041195847036,164,0.6158536585365854,0.5774957957142475,0.6528226638576242,0.20100169851149158,0.8479587752151128,0.8520238421512076,0.1832173351298301,0.29347474233197524,0.01953762508120468,2333
MIA,0.9631953462153954,0.9592882720357511,0.9433423068757759,1.0725887531532097,1.0868893089567877,0.9822953084725421,0.9661317282298258,0.016163580242716247,1.0436665306303579,0.9524919371893206,16.574786442757457,1.134841124071395,0.3543417366946779,1.037037037037037,0.6481481481481481,0.9506172839506174,0.8641975308641975,0.9391957792998221,162,0.49382716049382713,0.4549202677664383,0.5328089614655127,0.21772518697181492,0.918509566064918,0.9528677001400679,0.19332600210110984,0.3282098328011817,0.028861155962883744,2549
MIL,1.3410763294623793,1.2539280442533145,1.2485420055488214,0.8688540661687507,0.7831352562305972,1.2006404929288426,1.2031400801419967,-0.002499587213154131,1.1920406838790756,1.0871239466179896,17.38060062107097,1.2969574211401615,0.3221957040572792,0.9512195121951219,0.5975609756097561,1.1204819277108435,0.9518072289156626,0.9959732323342949,164,0.6402439024390244,0.6022371865432452,0.6765693697805994,0.21216165415099608,0.8950388864062537,0.836817608721582,0.18996429164159495,0.2882370421446989,0.021600580093754977,2683
MIN,1.0291172588682058,0.9390222168630018,1.089291563374171,0.7339212365463145,0.6712259090788846,0.8683479198185529,0.9896586194250182,-0.12131069960646534,1.0101344794425444,0.958648299774778,16.162533548040795,1.0616206591103108,0.3948439620081411,1.154320987654321,0.6790123456790124,0.9876543209876545,1.0493827160493827,1.0274608745644165,162,0.47530864197530864,0.4365583913761317,0.5143585255516728,0.24119290917819275,1.0175120179176864,0.9983715426036024,0.21430173320816276,0.34388337124158913,0.026927402681344265,2551
NYM,0.9964910595373072,0.9131863672676486,1.0644955258560456,0.9063994547613874,0.988784166270044,0.8925720484624091,1.0676800517995664,-0.17510800333715726,0.9145352214211977,0.844382835648942,17.011840349666436,0.9846876071934535,0.4434907010014306,1.2592592592592593,0.6790123456790124,1.1728395061728394,1.0987654320987654,0.9681577636835171,162,0.4567901234567901,0.4182498285658908,0.4958547760577671,0.22187165580070142,0.9360021278474704,0.9450244784763869,0.19926302513371938,0.3255082799303257,0.028211935556138202,2694
NYY,1.1336508504695735,1.0925603934795753,1.1715887337969975,1.0859972139120133,0.9632405969879482,1.1106685063303188,1.1777626861525679,-0.06709417982224908,1.0450699069855172,1.1306152961444886,16.98510944482315,0.9595245178265457,0.48079470198675495,1.3841463414634145,0.7439024390243902,1.5000000000000002,1.2073170731707317,0.9863220744468103,164,0.5792682926829268,0.540569254712395,0.6170170597315172,0.23123506733025426,0.9755032217746978,1.0241066914379782,0.20797310848744896,0.3527476961576319,0.03244888440526087,2407
PHI,0.9534128603421733,0.9705452193597387,0.8661133167158663,1.2445295152018794,1.1327437214051364,1.0410511696639926,0.8958588861182574,0.1451922835457352,0.8704354593794746,0.8648796074373024,15.891906052393857,0.8759913113216469,0.4027777777777778,1.121212121212121,0.6545454545454545,1.259259259259259,1.2222222222222223,1.0440105799265278,165,0.5393939393939394,0.5006847550900585,0.5776337129499242,0.26832591649491705,1.1319770787732635,1.1073910331376766,0.2402706924711736,0.38143451160976277,0.03192828671119179,2445
PIT,1.0935340692892708,1.1227073434499473,1.0276717182718436,1.1534160372920748,1.1408366871047584,1.1577678718465083,1.0774139302588848,0.08035394158762355,1.0370550052685126,1.1207731376367682,17.080368069933286,0.9533368729002568,0.391644908616188,1.1481481481481481,0.6481481481481481,1.2222222222222223,0.8765432098765432,1.1074511171479549,162,0.5061728395061729,0.46719103853448724,0.5450797322335617,0.22884636139498127,0.965426072306693,0.921737027117108,0.20280325174022754,0.31748705041874603,0.021205557137375423,2823
SD,1.2037098291586994,1.2243790725362622,1.1590809425425728,1.0671233260281023,1.162351709571273,1.228627318446889,1.2300477606591127,-0.0014204422122237048,1.2163611408970132,1.2025914258577841,17.4431874298541,1.2301308559362425,0.3891156462585034,1.1265060240963856,0.6566265060240963,1.0602409638554218,1.0602409638554218,0.8950299993274407,166,0.5602409638554217,0.521684825279241,0.5980835810818252,0.213999681626872,0.9027929080826743,0.8743315459360774,0.19004542228060015,0.3011585033917049,0.02199999740315946,2898
SEA,0.9661177313112339,1.0088984713999225,0.9653111122870075,0.9817175105038696,1.0927389707016582,1.0031918993664926,0.9923970829847505,0.010794816381742067,0.9595395481581186,0.8487957343091219,16.100772180047542,1.0702833620071153,0.46304675716440424,1.123456790123457,0.6358024691358025,1.1234567901234567,1.271604938271605,0.8867883789864694,162,0.4691358024691358,0.43044959805936234,0.5081965481003933,0.2519808116324162,1.0630225614601851,1.0542293878838445,0.22477751418776723,0.3631232867695975,0.03494656213874703,2221
SF,0.8315445496188719,0.8842494973700219,0.9015548244702776,0.959985105622722,1.0543748297058217,0.8805465980873138,0.9090679428663876,-0.028521344779073754,0.9666613364067937,1.1095138337036428,15.235337780845029,0.8238088391099448,0.42152466367713004,1.0987654320987654,0.654320987654321,0.9506172839506174,0.8641975308641975,0.9460914898673687,162,0.4012345679012346,0.3636492256244272,0.44001844208679114,0.25112784259146953,1.0594241710554584,1.036521575663717,0.22591042897322594,0.35702393206674793,0.02872451234936236,2542
STL,0.7761609610843486,0.8753651960173764,0.8113627077932455,0.908754376469692,1.0468722814997335,0.8578690814103385,0.8067211476794536,0.05114793373088489,0.9262534391259796,0.8744194256465472,14.41348132811901,0.9780874526054121,0.37273991655076494,1.0308641975308641,0.6049382716049383,0.8395061728395061,0.7901234567901234,0.9419540635268407,162,0.47530864197530864,0.4365583913761317,0.5143585255516728,0.22547387074178254,0.9511986649519869,0.8511575232677236,0.19586763608295588,0.29317634374436546,0.017636818381877292,2627
TB,1.083662650665928,1.2376506807948418,1.1348299681815357,0.9878639817928953,0.9141818919103296,1.2188038201824043,1.1207713617468409,0.09803245843556341,0.9501492204836959,0.9890375535658988,15.69641975308642,0.9112608874014929,0.3451086956521739,1.0429447852760736,0.6134969325153374,1.0853658536585364,1.2926829268292683,0.948177021843895,163,0.6073619631901841,0.5687862972851487,0.6446427218710487,0.2173260183016039,0.9168256072764949,1.0579497600996506,0.19765408432109227,0.36440474771399556,0.035841671543393856,2583
TEX,1.0035166089494987,1.0353375059880785,0.9790827128385189,0.98302062973451,0.9382823588099761,1.028278447535547,0.956342791462665,0.0719356560728821,1.0098490437454815,0.9601399766894148,15.849851238401964,1.059558110801548,0.4011887072808321,1.1296296296296295,0.7098765432098766,1.1111111111111112,1.123456790123457,0.9088546528026179,162,0.49382716049382713,0.4549202677664383,0.5328089614655127,0.25841295459726604,1.0901576160934212,1.1319583200342382,0.23480576780125237,0.38989657315672666,0.03327648614479469,2577
TOR,0.8731778858756233,0.8541356778776131,0.8535055499707861,1.1508125731921368,1.1499099895958051,0.9059178133674933,0.8876019954736818,0.018315817893811537,0.7009972365660271,0.5237343586707681,14.727487922705315,0.8782601144612862,0.3693972179289026,0.9382716049382716,0.5802469135802469,0.925925925925926,1.0864197530864197,0.9267835002782386,162,0.4876543209876543,0.44879373430616065,0.5266647241577417,0.21327735759907962,0.8997456651864645,0.8677520449969685,0.19103068978241605,0.2988922319011058,0.023715866989065065,2838
WSH,1.0475958450201728,1.0690154565662502,0.993769604358102,0.8571740438439722,0.9667912580754525,1.0244672840910871,0.9820721347200797,0.04239514937100741,0.9958751636378571,0.959417854149837,15.925118472509777,1.0323324731258772,0.41687041564792177,1.2962962962962963,0.7222222222222222,1.3580246913580247,1.5679012345679013,1.2081284914341326,162,0.47530864197530864,0.4365583913761317,0.5143585255516728,0.2568425335932601,1.083532536400113,1.1182720690802694,0.2237042130973182,0.3851824222450977,0.037759630428048425,3171
