key_mlbam,name_first,name_last,team,opponent,is_home,game_pk,game_datetime,PA_L,PA_R,Expected_Bases,Expected_BB,Expected_HBP,Expected_RBI,Game_Hit_Probability,Matchup_Hit_Probability,Matchup_Ratio,Adjusted_Expected_Bases,DK_Points_Hitter_HitType,DK_Points_Hitter,dk_slot,DK_Points_Hitter_Source,Ceiling_DK_Points,n_games,Ceiling_Source,Upside_Deviation,Upside_Deviation_Source,Boom_Adjusted_DK_Points,Boom_Rate,Boom_Rate_Source,Matchup_Boom_Score
670541,Yordan,Álvarez,HOU,CWS,True,849846,2026-09-30T21:00:00Z,179.0,478,1.951673480032666,0.4004178061843251,0.0677309965081923,0.6141192478098199,0.6703912101610565,0.633985008194055,0.9456940941122196,1.8456860837023352,4.982983288779565,7.663628291575879,,model,20.0,158,player,6.237372917888086,player,13.901001209463965,0.24050632911392406,player,0.22744541503964777
808959,Munetaka,Murakami,CWS,HOU,False,849846,2026-09-30T21:00:00Z,170.0,378,1.6242969360680826,0.4322214951393247,0.116921225958098,0.6816027086016888,0.5715136836115638,0.5237000321144263,0.9163385709420132,1.4884059331821173,4.01839833840508,7.366126732951867,1B,model,17.299999999999997,128,player,6.049033713611473,player,13.41516044656334,0.234375,player,0.21476685256453434
673237,Yainer,Diaz,HOU,CWS,True,849846,2026-09-30T21:00:00Z,97.0,266,1.9509745968493788,0.040115624878749,0.0460426119309645,0.5645010704440001,0.6308160185006312,0.5809987459067691,0.9210272549637035,1.7969007774401016,4.851272718932787,7.123324415254506,C,model,15.0,93,player,5.27768584018775,player,12.401010255442255,0.13978494623655913,player,0.12874574531750693
665487,Fernando,Tatís,SD,CHC,True,849842,2026-10-01T02:00:00Z,162.0,533,2.061644891610652,0.3522086576976448,0.057545328989886,0.5420747731500163,0.6642627383455597,0.6054844210513727,0.9115134510772308,1.8792170500477687,5.073510191718967,7.119249845719935,OF,model,15.0,159,player,5.148334663296025,player,12.267584509015961,0.1509433962264151,player,0.13758693601165747
593428,Xander,Bogaerts,SD,CHC,True,849842,2026-10-01T02:00:00Z,159.0,444,1.752002487562189,0.5384846600331675,0.0040630182421227,0.3415903123272525,0.607113659122775,0.5182090526960885,0.8535618411960196,1.4954424690635884,4.037395577977876,7.0996388007432,SS,model,12.0,154,player,4.23995165524752,player,11.33959045599072,0.09090909090909091,player,0.07759653101781996
686948,Drake,Baldwin,ATL,PHI,True,849841,2026-09-30T18:00:00Z,227.0,388,1.5204570496362857,0.2090609221223791,0.077770325203252,0.3111966195977749,0.6462944930738476,0.6874738321651612,1.0637160606080058,1.617334583162781,4.366479907622876,7.0024392142435685,C,model,15.0,138,player,5.2502009220123425,player,12.252640136255911,0.15942028985507245,player,0.1695779227056241
663586,Austin,Riley,ATL,PHI,True,849841,2026-09-30T18:00:00Z,184.0,444,1.3958458347301372,0.2264056738183037,0.0939556794055201,0.4798402754497708,0.5818892682582596,0.5563590499611186,0.9561252979049445,1.3346035145607285,3.603162568611055,6.805587642057431,3B,model,14.0,159,player,4.885601063974971,player,11.691188706032403,0.1069182389937107,player,0.1022272331093337
691718,Pete,Crow-Armstrong,CHC,SD,False,849842,2026-10-01T02:00:00Z,231.0,487,1.5616532486597536,0.403222201232547,0.0193444822218581,0.3879825030375231,0.6068861064507396,0.6082220259262362,1.0022012688398974,1.5650908672947528,4.225432323522374,6.657631805656935,OF,model,19.099999999999994,160,player,7.243260269791325,player,13.90089207544826,0.23125,player,0.23175904341922626
608324,Alex,Bregman,CHC,SD,False,849842,2026-10-01T02:00:00Z,176.0,522,2.462692783577454,0.2883686406716492,0.0404303504518404,0.9311844864781827,0.5859575554573667,0.6098557763385999,1.0407849009858394,2.563133464914202,6.919947728575363,6.650584805495794,3B,model,16.0,155,player,7.0082830099491,player,13.658867815444893,0.13548387096774195,player,0.14100956723033956
660670,Ronald,Acuña,ATL,PHI,True,849841,2026-09-30T18:00:00Z,147.0,321,1.2579634683397949,0.2350288029370423,0.0892777869879163,0.4847371568160692,0.5981450119315922,0.6284228539049708,1.0506195677793955,1.3216410353894246,3.5681664673443687,6.518130754772321,OF,model,15.0,107,player,5.399632284589819,player,11.91776303936214,0.1588785046728972,player,0.1669208659088759
621566,Matt,Olson,ATL,PHI,True,849841,2026-09-30T18:00:00Z,282.0,409,1.2673031143562985,0.173806279144557,0.0026591895803183,0.3872250087707757,0.5723956212431544,0.5413902619693318,0.9458322912979598,1.1986562084206582,3.236132031494093,6.5174956160915185,1B,model,16.0,162,player,5.408432202094718,player,11.925927818186237,0.20987654320987653,player,0.19850801175389277
701538,Jackson,Merrill,SD,CHC,True,849842,2026-10-01T02:00:00Z,184.0,473,1.5516319516512156,0.0809899797057331,0.0117960426179604,0.5258355458120012,0.6260886262830159,0.5813353066220686,0.9285191939571873,1.4407200490654042,3.8896559884667785,6.5061940348387255,OF,model,15.0,158,player,5.611117256342675,player,12.117311291181402,0.1518987341772152,player,0.14104089022134492
671218,Heliot,Ramos,NYY,BOS,True,849848,2026-10-01T00:00:00Z,116.0,325,1.383008445802563,0.2661132154882155,0.0069444444444444,0.3072221691706985,0.6020503622522196,0.5954520729787525,0.9890403034576982,1.3678510929211265,3.6929243806684577,6.495061635786591,OF,model,14.200000000000003,109,player,5.645003249480863,player,12.140064885267453,0.11009174311926606,player,0.10888517102286586
607208,Trea,Turner,PHI,ATL,False,849841,2026-09-30T18:00:00Z,237.0,463,1.0086641498871602,0.2719462682396902,0.0486492602040816,0.1307034824493177,0.6298242001456907,0.5834170986666587,0.9263173732157368,0.9343431257803585,2.522539570981812,6.343426038261258,SS,model,14.0,157,player,4.730810571320471,player,11.074236609581728,0.10828025477707007,player,0.10030188117622628
645277,Ozzie,Albies,ATL,PHI,True,849841,2026-09-30T18:00:00Z,256.0,416,0.901966799847793,0.1965522735920852,0.1324092703576864,0.2840136272831051,0.5621230148601757,0.5003276824524925,0.890067955280119,0.8028117452710775,2.167431149882855,6.306438126596828,2B,model,13.800000000000011,162,player,4.570605222371041,player,10.87704334896787,0.10493827160493827,player,0.09340219283803716
681082,Bryson,Stott,PHI,ATL,False,849841,2026-09-30T18:00:00Z,146.0,459,1.5720325559607855,0.5101110014387525,0.0142714558169103,0.2870633887643457,0.5997577346257413,0.5873392415010182,0.9792941509416757,1.5394822871422897,4.1562942788267545,6.303318070604688,2B,model,12.0,155,player,4.3657821261747385,player,10.669100196779427,0.07096774193548387,player,0.06949829458295763
678246,Miguel,Vargas,CWS,HOU,False,849846,2026-09-30T21:00:00Z,202.0,494,1.0957180654464431,0.6705766517782776,0.0061602011494252,0.5499146520489755,0.6292527151772824,0.5538977528049207,0.8802469015153449,0.9645024320436195,2.603963666031364,6.2823552155650555,3B,model,16.099999999999994,160,player,5.886552077517715,player,12.168907293082771,0.18125,player,0.15954475089965625
805367,Chase,Meidroth,CWS,HOU,False,849846,2026-09-30T21:00:00Z,183.0,454,1.7479588268873985,0.2590405130583701,0.0566257849293563,0.5539301769658912,0.6272297036803807,0.5496559294096979,0.876323181419016,1.531776840167416,4.13549111308399,6.255823521080038,2B,model,14.0,155,player,4.851131056285669,player,11.106954577365707,0.10967741935483871,player,0.09611286505885983
656941,Kyle,Schwarber,PHI,ATL,False,849841,2026-09-30T18:00:00Z,261.0,431,0.9397689894093136,0.6800930708530207,0.0737754821499981,0.3148599286191055,0.5360911501319904,0.5797444516340279,1.081428879195804,1.0162933249198873,2.743788718618712,6.228560704462956,,model,17.0,156,player,7.060551853163813,player,13.289112557626769,0.23076923076923078,player,0.2495605105836471
664761,Alec,Bohm,PHI,ATL,False,849841,2026-09-30T18:00:00Z,194.0,433,0.9227129983828646,0.4541869651410346,0.0087918660287081,0.3677680640293767,0.5931438521895045,0.6808084120477483,1.1477964570224286,1.0590867103923938,2.859322300717385,6.173846073853566,3B,model,13.800000000000011,153,player,4.890355921764347,player,11.064201995617914,0.10457516339869281,player,0.12003100204156117
682987,Spencer,Jones,NYY,BOS,True,849848,2026-10-01T00:00:00Z,62.0,228,1.155271551724138,0.2652008620689655,0.0021120689655172,0.390492959770115,0.6167757961959994,0.6330752336703014,1.0264268435545456,1.185801732284569,3.2014275168218798,6.172670882200218,OF,model,14.900000000000006,82,player,4.906158043433302,player,11.07882892563352,0.13414634146341464,player,0.13769140584268297
677800,Wilyer,Abreu,BOS,NYY,False,849848,2026-10-01T00:00:00Z,215.0,456,0.7939289922660592,0.2968143806404161,0.0027384500745156,0.2727272274356248,0.5709713756930239,0.511349269248733,0.895577766272567,0.7110251534726674,1.9196257093455076,6.1601388674068005,OF,model,17.0,154,player,5.5937293628429545,player,11.753868230249754,0.14935064935064934,player,0.13375512093681197
592518,Manny,Machado,SD,CHC,True,849842,2026-10-01T02:00:00Z,156.0,511,1.717455785225828,0.3042522037332159,0.0009182908545727,0.6609731316875295,0.5719804349276719,0.51014080169938,0.8918850550611724,1.5317731475712668,4.135481143812907,6.1579550172013775,3B,model,16.0,159,player,5.389552778144919,player,11.547507795346297,0.18238993710691823,player,0.16267085909920753
665161,Jeremy,Peña,HOU,CWS,True,849846,2026-09-30T21:00:00Z,116.0,368,1.959213291645871,0.0493801652892562,0.0852864568026051,0.4666101889188013,0.6570107422502169,0.5920345585175544,0.901103316043017,1.765453593937649,4.766371612912865,6.144025553114878,SS,model,17.0,111,player,5.715857290669461,player,11.859882843784339,0.15315315315315314,player,0.13800681416875032
673548,Seiya,Suzuki,CHC,SD,False,849842,2026-10-01T02:00:00Z,163.0,468,1.330205031695721,0.4506834389857369,0.0330526941362916,0.2706220285261489,0.6276315397611443,0.5846893729511958,0.9315806104545179,1.239193215456771,3.345573843090191,6.109229069520368,OF,model,17.0,142,player,4.950165582806254,player,11.059394652326622,0.19014084507042253,player,0.17713152452304212
643289,Mauricio,Dubón,ATL,PHI,True,849841,2026-09-30T18:00:00Z,209.0,406,1.618205647600392,0.1837924543160621,0.0213921372090433,0.3271633300413383,0.6548893933351358,0.6428486137624807,0.9816140256733501,1.5884533601083715,4.288506381620581,6.0754312551634015,OF,model,13.800000000000011,153,player,4.041254087067616,player,10.116685342231017,0.10457516339869281,player,0.10265244712923922
671739,Michael,Harris,ATL,PHI,True,849841,2026-09-30T18:00:00Z,223.0,395,1.8397974862317608,0.097479489581559,0.0019822006472491,0.3333006869925623,0.588748092180553,0.6724178515528689,1.1421147014887594,2.1012597567873574,5.672981091374508,6.072365207692325,OF,model,15.599999999999994,155,player,5.40001384955401,player,11.472379057246336,0.18064516129032257,player,0.20631749446248554
700250,Ben,Rice,NYY,BOS,True,849848,2026-10-01T00:00:00Z,225.0,440,2.193141794426644,0.5318066813893818,0.013796992481203,0.6762784827093199,0.5948950347874944,0.5783376996675955,0.9721676360505961,2.1321014738115127,5.756247558996322,6.053370266767455,,model,18.0,149,player,6.321297634063259,player,12.374667900830715,0.2550335570469799,player,0.24793537026793727
596115,Trevor,Story,BOS,NYY,False,849848,2026-10-01T00:00:00Z,74.0,192,1.1980278693900983,0.1706194857201049,0.0574790735007453,0.2599045557985187,0.6289004862860341,0.5775350721568259,0.9183250526127811,1.10017900618924,2.9702632809097103,6.012646109344797,SS,model,11.200000000000003,65,player,4.3533560265240405,player,10.366002135868838,0.07692307692307693,player,0.07064038866252162
670623,Isaac,Paredes,HOU,CWS,True,849846,2026-09-30T21:00:00Z,159.0,497,1.7127201242029666,0.4252818587151956,0.033754348420888,0.4774960695330981,0.6291716116665825,0.5577569286205877,0.8864941111109131,1.5183163040870817,4.099150357774303,6.002030096473889,3B,model,16.0,155,player,4.823534859084821,player,10.82556495555871,0.16774193548387098,player,0.14870223799279833
701350,Roman,Anthony,BOS,NYY,False,849848,2026-10-01T00:00:00Z,83.0,160,1.7094209608158883,0.3199650727619729,0.0025205761316872,0.2132132064968887,0.5975266677076821,0.6137700448933456,1.0271843552154394,1.7558904674274252,4.740553083960563,5.972425132786434,OF,model,13.200000000000003,55,player,4.5277460006864105,player,10.500171133472843,0.10909090909090909,player,0.11205647511441157
572233,Christian,Walker,HOU,CWS,True,849846,2026-09-30T21:00:00Z,142.0,491,1.7539187186936611,0.346839405035982,0.0179806173289585,0.5094439722656425,0.5694011735701952,0.5159870471426486,0.9061924546227482,1.5893879089017942,4.2910294764530645,5.97144814624995,1B,model,16.0,155,player,5.3918430803914195,player,11.363291226641369,0.14193548387096774,player,0.12862086452709975
664023,Ian,Happ,CHC,SD,False,849842,2026-10-01T02:00:00Z,143.0,491,0.9827664629337538,0.343475223449001,0.0067626182965299,0.2286790878023133,0.5426564632115229,0.5334239492093878,0.9829864479131131,0.9660461145273848,2.6081313000010335,5.937248685227179,OF,model,16.0,154,player,5.126095611525305,player,11.063344296752485,0.14285714285714285,player,0.140426635416159
683737,Michael,Busch,CHC,SD,False,849842,2026-10-01T02:00:00Z,202.0,504,1.038074441296821,0.4545333648095687,0.0447251075438044,0.2261318329661105,0.5948288006146112,0.5560444483322617,0.9347974539190517,0.9703893447027103,2.6198571528283776,5.9060410591205565,1B,model,14.0,158,player,4.379271414087298,player,10.285312473207854,0.13924050632911392,player,0.1301616707988553
641355,Cody,Bellinger,NYY,BOS,True,849848,2026-10-01T00:00:00Z,199.0,360,1.2677390802027433,0.2061018798831858,0.0,0.3776776294665382,0.618882308350343,0.6062327496517397,0.9795606393527047,1.241827303935809,3.3526853551658973,5.848636560555748,OF,model,15.200000000000003,129,player,5.517705313115986,player,11.366341873671734,0.12403100775193798,player,0.12149589325304863
668939,Adley,Rutschman,BOS,NYY,False,849848,2026-10-01T00:00:00Z,142.0,267,1.5229582599196163,0.1363524163762159,0.0029951100244498,0.3162088383707017,0.602448105709734,0.5808903217338991,0.9642163635813279,1.4684612752658392,3.964551750962713,5.715418062690236,C,model,16.0,99,player,6.09000377874195,player,11.805421841432185,0.15151515151515152,player,0.1460933884214133
803011,Sam,Antonacci,CWS,HOU,False,849846,2026-09-30T21:00:00Z,115.0,442,1.3089610904605198,0.2340708332102434,0.2268781790812204,0.2891267875364408,0.624911783317669,0.641249637138585,1.0261442562887486,1.3431829046815196,3.6263252060591666,5.712433186290763,OF,model,12.0,140,player,4.088700207615508,player,9.801133393906271,0.08571428571428572,player,0.08795522196760702
575929,Willson,Contreras,BOS,NYY,False,849848,2026-10-01T00:00:00Z,144.0,389,0.6878205128205127,0.1614118198874296,0.2721837512081415,0.2328939962476548,0.5530588385876185,0.5251373975508064,0.9495145198147146,0.6530955639494799,1.763227403550806,5.702339788634053,1B,model,17.0,128,player,5.409647364731669,player,11.111987153365723,0.2421875,player,0.2299605477676262
678882,Ceddanne,Rafaela,BOS,NYY,False,849848,2026-10-01T00:00:00Z,153.0,420,0.6590065188379017,0.1619633507853403,0.0085514834205933,0.1546183656708757,0.6154118325519495,0.5673039410140014,0.921828133628082,0.6074907493090824,1.640103524984661,5.680995443823697,OF,model,15.0,134,player,4.658969779701504,player,10.339965223525201,0.11940298507462686,player,0.11006903088096502
547180,Bryce,Harper,PHI,ATL,False,849841,2026-09-30T18:00:00Z,267.0,419,1.1476862221536968,0.3811372579022451,0.0008928571428571,0.2658280479087239,0.6163549309293872,0.5746186567034286,0.9322853243616864,1.0699710218859977,2.8887077648878168,5.676722946291787,1B,model,16.0,161,player,5.053425239915095,player,10.730148186206883,0.14906832298136646,player,0.13897420984273587
669016,Brandon,Marsh,PHI,ATL,False,849841,2026-09-30T18:00:00Z,127.0,429,1.2669674901588164,0.2236656542690376,0.0022032374100719,0.4291721358762047,0.5152957067020141,0.5648862091870539,1.0962369797381546,1.388896614838131,3.7497430807399863,5.590409115139107,OF,model,13.600000000000023,153,player,5.085064452014351,player,10.675473567153459,0.10457516339869281,player,0.11463916127980701
665862,Jazz,Chisholm,NYY,BOS,True,849848,2026-10-01T00:00:00Z,158.0,367,0.845437037037037,0.5521074074074074,0.0011666666666666,0.0854277777777777,0.5947777277402351,0.5282770606989498,0.8881924054319515,0.7509107555671878,2.0273088578802936,5.567687965449984,2B,model,14.0,134,player,4.83272957724987,player,10.400417542699854,0.12686567164179105,player,0.11268112606226252
691019,Kyle,Teel,CWS,HOU,False,849846,2026-09-30T21:00:00Z,41.0,106,1.0886167030479423,0.5030358995607298,0.18675447860242,0.5329400871129436,0.5496149702361606,0.5264288659468725,0.9578139142037464,1.042692225413927,2.8150604701725204,5.564183233743798,C,model,14.100000000000001,40,player,4.670278364294788,player,10.234461598038585,0.125,player,0.1197267392754683
621020,Dansby,Swanson,CHC,SD,False,849842,2026-10-01T02:00:00Z,136.0,348,0.725801678672972,0.3370521114155654,0.0025309917355371,0.3560345494320943,0.513096879316649,0.4873131419596266,0.9497487932661729,0.6893292684702177,1.8610511590158938,5.558905334488399,SS,model,14.0,123,player,7.507730591556913,player,13.066635926045311,0.12195121951219512,player,0.11582302356904547
671277,Luis,García,NYY,BOS,True,849848,2026-10-01T00:00:00Z,87.0,455,0.8290477470497228,0.2354017035336567,0.0,0.3638759145817374,0.5586633912982097,0.5684304220807963,1.0174828544964978,0.8435418681820425,2.2773943357178785,5.558146436748241,1B,model,17.0,146,player,6.48587487746402,player,12.04402131421226,0.1917808219178082,player,0.195133698122616
664034,Ty,France,SD,CHC,True,849842,2026-10-01T02:00:00Z,136.0,358,1.2375157165374917,0.2893909809587326,0.1147701362283541,0.3892023733275356,0.6016295414831638,0.6075592627020276,1.0098561004904207,1.2497127957981602,3.373974606095873,5.553338542315624,1B,model,15.0,129,player,5.669180090227838,player,11.222518632543462,0.14728682170542637,player,0.14873849542106973
686668,Brenton,Doyle,CWS,HOU,False,849846,2026-09-30T21:00:00Z,96.0,126,2.1820553789083204,0.0331081081081081,0.0,0.509665915915916,0.5834229792313884,0.5574997294127723,0.9555669715773487,2.0851000502374877,5.62935311563117,5.548755935410361,OF,model,10.799999999999997,73,player,3.9722594502932127,player,9.521015385703574,0.0547945205479452,player,0.0523598340590328
663538,Nico,Hoerner,CHC,SD,False,849842,2026-10-01T02:00:00Z,172.0,513,0.9295204077783435,0.1298770193232614,0.1249431689582979,0.2797487162620947,0.6226936338841704,0.636917921776982,1.022843156118499,0.9507535875685551,2.566844535717585,5.53818283722984,2B,model,12.0,157,player,4.4901546700602974,player,10.028337507290138,0.08280254777070063,player,0.08469401929643622
502671,Paul,Goldschmidt,NYY,BOS,True,849848,2026-10-01T00:00:00Z,184.0,196,1.2574288967611338,0.4331915485829959,0.0048355263157894,0.3415468117408907,0.54705574945003,0.540263418328621,0.9875838410834042,1.2418164597526278,3.3526560780401446,5.535481400064229,1B,model,15.900000000000006,102,player,5.181985996639123,player,10.717467396703352,0.12745098039215685,player,0.1258685287655319
630105,Jake,Cronenworth,SD,CHC,True,849842,2026-10-01T02:00:00Z,95.0,331,1.1769921039697553,0.2571758908142705,0.1023044622021994,0.5982487514112846,0.5672741392745089,0.5095492799698427,0.8982416872052532,1.0572233732970537,2.854291663227386,5.523111451696031,2B,model,10.200000000000003,109,player,4.228361905927608,player,9.751473357623638,0.045871559633027525,player,0.04120374711950703
514888,José,Altuve,HOU,CWS,True,849846,2026-09-30T21:00:00Z,139.0,431,1.126474095394737,0.1145104623538011,0.0105585252192982,0.377741913377193,0.610804798778563,0.5452938426311269,0.8927464940052215,1.0056557992513548,2.715069526818808,5.470473320860356,2B,model,13.0,136,player,4.546189694832406,player,10.016663015692762,0.09558823529411764,player,0.0853360619269697
665804,Miguel,Amaya,CHC,SD,False,849842,2026-10-01T02:00:00Z,75.0,174,1.0419066265060242,0.1103835341365461,0.3061492637215529,0.3817148594377509,0.5520737184788573,0.5095443376553881,0.9229643082075134,0.9616426287499567,2.596242769099133,5.433095943982019,C,model,11.5,76,player,3.9698359330855775,player,9.402931877067596,0.09210526315789473,player,0.08500987049279728
686765,Nick,Sogard,BOS,NYY,False,849848,2026-10-01T00:00:00Z,73.0,201,0.916509902318592,0.2378185806920645,0.0127737226277372,0.1857778284671533,0.6028782293483175,0.5112705480396729,0.8480494453951868,0.7772457143604787,2.0984079796304207,5.398819390891561,2B,model,13.700000000000003,64,player,4.134647070365785,player,9.533466461257348,0.109375,player,0.09275540809009855
669221,Sean,Murphy,ATL,PHI,True,849841,2026-09-30T18:00:00Z,34.0,87,0.6370671465261091,0.4413896175361846,0.0,0.2493802500355935,0.5092779158157037,0.5437457156028407,1.0676797456098805,0.6801836889394086,1.8363599233986154,5.36199501204208,C,model,9.8,33,player,4.84552251101037,player,10.207517523052449,0.09090909090909091,player,0.09706179505544368
701358,Cam,Smith,HOU,CWS,True,849846,2026-09-30T21:00:00Z,147.0,418,1.0662414107235816,0.3823658612412517,0.0421045028630921,0.2322231332060848,0.5213310292882896,0.4740787706852593,0.9093622747383019,0.9695997146757722,2.61772530968165,5.358349442373748,OF,model,14.0,150,player,5.096965720461101,player,10.45531516283485,0.12666666666666668,player,0.11518588813351825
624424,Michael,Conforto,CHC,SD,False,849842,2026-10-01T02:00:00Z,12.0,296,1.253326171377642,0.2547135217723453,0.0359848484848484,0.3517505411255411,0.5179106928623343,0.5503000020349087,1.0625384059818666,1.3317071923109554,3.5953430778011177,5.287497922658456,,model,12.0,113,player,5.193253986707085,player,10.48075190936554,0.07964601769911504,player,0.08462695268882123
669224,Austin,Wells,NYY,BOS,True,849848,2026-10-01T00:00:00Z,101.0,285,1.5770921038428325,0.7691178216753021,0.0047603626943005,0.4662879155872192,0.5254603264886031,0.5237293761211425,0.9967058400411926,1.571896910183002,4.243807278112069,5.2750348808019645,C,model,12.0,121,player,4.364159458497806,player,9.63919433929977,0.0743801652892562,player,0.07413514512703086
695731,Braden,Montgomery,CWS,HOU,False,849846,2026-09-30T21:00:00Z,105.0,263,1.346772681398934,0.1782651154891304,0.0049932065217391,0.1352730129076087,0.5902387540405105,0.6183848215918922,1.047685902287348,1.410994751887393,3.8094036311455843,5.243607684984583,OF,model,12.0,93,player,4.063582035996232,player,9.307189720980816,0.07526881720430108,player,0.07885807866678964
695657,Colson,Montgomery,CWS,HOU,False,849846,2026-09-30T21:00:00Z,199.0,438,0.8088551250904399,0.1947930643801179,0.1482041319183001,0.344365793758416,0.4673650458771977,0.4349383971758014,0.9306181560057948,0.7527352649875017,2.032234668413257,5.222755042030519,SS,model,15.0,154,player,5.338153580514118,player,10.560908622544638,0.2077922077922078,player,0.19337520124795737
592663,J. T.,Realmuto,PHI,ATL,False,849841,2026-09-30T18:00:00Z,122.0,342,0.7694675142184549,0.3026084608003427,0.0204310344827586,0.435949898798699,0.488733691468569,0.4897908246166175,1.0021630044470067,0.7711318758735366,2.081901838483374,5.212918485030896,C,model,12.799999999999997,123,player,4.541210239317608,player,9.754128724348504,0.0975609756097561,player,0.09777200043385431
657757,Gavin,Sheets,SD,CHC,True,849842,2026-10-01T02:00:00Z,71.0,346,2.2651079136690644,0.07197242206235,0.0073441247002398,0.7535671462829735,0.551825979119523,0.4992810011675358,0.9047798038870399,2.0494238939124783,5.533034628784909,5.1997490215502085,1B,model,12.0,124,player,5.182407534798402,player,10.382156556348612,0.0967741935483871,player,0.08755933586003611
702332,Caleb,Durbin,BOS,NYY,False,849848,2026-10-01T00:00:00Z,160.0,416,0.7382326705184934,0.393871625790199,0.0806638503652112,0.0944945365392274,0.5409528965211677,0.5355046329213355,0.98992839555002,0.7307974830689787,1.9730070447896288,5.16531193232306,3B,model,12.0,149,player,4.685324329928794,player,9.850636262251854,0.08053691275167785,player,0.0797257768228204
828599,Lucas,Spence,HOU,CWS,True,849846,2026-09-30T21:00:00Z,21.0,46,2.706078980099502,0.5045398009950249,0.0091417910447761,1.1099113805970149,0.5659931103682723,0.4895832042742708,0.8649985226069552,2.3407543198438057,6.319568512714307,5.13727924493271,OF,model,18.3,18,player,8.873984418022333,player,14.011263662955043,0.16666666666666666,player,0.14416642043449251
676369,Nelson,Velázquez,HOU,CWS,True,849846,2026-09-30T21:00:00Z,81.0,33,2.247173582995952,0.4839467358299595,0.0053728070175438,1.1434912702429152,0.4530460711979238,0.49531891063717726,1.0933080367024872,2.456852938154998,6.633011562430864,5.088100538880843,OF,model,14.0,49,player,4.765659950102028,player,9.853760488982871,0.12244897959183673,player,0.13387445347377394
683011,Anthony,Volpe,NYY,BOS,True,849848,2026-10-01T00:00:00Z,101.0,147,1.1740343200146628,0.2037865805229716,0.0,0.453930306085044,0.5824551392569927,0.583543227220491,1.0018681060396966,1.1762275406186933,3.1755791141623484,5.06705498553233,SS,model,11.399999999999999,67,player,4.617759202924122,player,9.684814188456453,0.07462686567164178,player,0.0747662765701266
573262,Mike,Yastrzemski,ATL,PHI,True,849841,2026-09-30T18:00:00Z,42.0,368,1.04206444131749,0.3855322597456744,0.0059756097560975,0.4447482541171565,0.4905670312092808,0.5371355082450611,1.0949278570983172,1.1409853856901144,3.080432344286171,5.0404003083064035,OF,model,11.299999999999997,138,player,4.376035177500153,player,9.416435485806556,0.07246376811594203,player,0.07934259834045777
806146,George,Lombard,NYY,BOS,True,849848,2026-10-01T00:00:00Z,31.0,136,1.7944208458083837,0.0951199763933671,0.0157266236757254,0.6396472417926384,0.6118124061776455,0.5945273204896352,0.971747735885252,1.7437243941395957,4.707707119298081,4.987834415666798,SS,model,17.0,41,player,4.791883248227071,player,9.77971766389387,0.14634146341463414,player,0.14220698573930515
702222,Justin,Crawford,PHI,ATL,False,849841,2026-09-30T18:00:00Z,66.0,390,1.0784502923976609,0.1056694688109162,0.0040296052631578,0.365577485380117,0.5944703439310233,0.5748671267664356,0.9670240620668165,1.042887382491532,2.815587355250638,4.981800705337166,OF,model,10.0,144,player,3.553221890407231,player,8.535022595744397,0.034722222222222224,player,0.03357722437732002
642086,Dominic,Smith,ATL,PHI,True,849841,2026-09-30T18:00:00Z,38.0,256,1.6368055555555554,0.4775793650793651,0.0041666666666666,0.8006944444444444,0.4857230604942298,0.5480863475995119,1.12839268335711,1.8469594129671585,4.9864210231287345,4.968685840000052,,model,12.5,106,player,4.605489426323958,player,9.57417526632401,0.08490566037735849,player,0.095806925945415
669134,Luis,Campusano,SD,CHC,True,849842,2026-10-01T02:00:00Z,54.0,198,1.1316913997767644,0.2930810633140227,0.0196892076502732,0.2961387074242984,0.5555509401763521,0.485821142201588,0.8744853209093134,0.9896475169040939,2.671850366137673,4.954776487535262,C,model,15.0,72,player,4.829047695570063,player,9.783824183105324,0.125,player,0.10931066511366418
545341,Randal,Grichuk,CWS,HOU,False,849846,2026-09-30T21:00:00Z,178.0,100,2.2767032964537464,0.0975820305294226,0.0022032374100719,0.6976434848624596,0.5746267161470692,0.5762063670589371,1.002749003600911,2.282961962013904,6.163540705045138,4.953546321025379,,model,12.0,113,player,5.062131595942072,player,10.015677916967451,0.08849557522123894,player,0.08873884987618681
687957,Dustin,Harris,SD,CHC,True,849842,2026-10-01T02:00:00Z,21.0,128,1.217287472035794,0.1941247203579418,0.1484368008948546,0.3922427293064877,0.6216015783709169,0.5969540793021344,0.9603483969050107,1.1690200723421278,3.156120391309277,4.939290851984765,OF,model,10.800000000000004,43,player,3.6199695449281064,player,8.559260396912872,0.06976744186046512,player,0.06700105094686121
502054,Tommy,Pham,CWS,HOU,False,849846,2026-09-30T21:00:00Z,29.0,6,0.7237336601307192,0.6496119281045751,0.0,0.3517401960784314,0.5039713610964154,0.5760232323851597,1.1429681859937275,0.8272045486622089,2.233286840478232,4.921899602441097,,model,4.6,15,player,3.694480367410982,player,8.61637996985208,0.06666666666666667,player,0.0761978790662485
666211,Taylor,Trammell,HOU,CWS,True,849846,2026-09-30T21:00:00Z,42.0,245,0.6151758911819887,0.5409404315196998,0.0085365853658536,0.1271048311444653,0.477047421040743,0.4249001783529611,0.8906875073886457,0.5479294811224742,1.479300013134456,4.881610131149619,OF,model,11.900000000000006,92,player,4.07850353695185,player,8.960113668101469,0.06521739130434782,player,0.0580883156992595
641857,Ryan,McMahon,NYY,BOS,True,849848,2026-10-01T00:00:00Z,64.0,296,1.290871781540899,0.2824356679540503,0.0034027777777777,0.8370863661121013,0.5182910452379677,0.5140845971220072,0.9918840038727099,1.280395071161085,3.4568106131206973,4.762608378198054,3B,model,12.0,114,player,4.207752674088117,player,8.970361052286172,0.08771929824561403,player,0.08700736876076402
643217,Andrew,Benintendi,CWS,HOU,False,849846,2026-09-30T21:00:00Z,47.0,415,0.9640857358305274,0.4716242283950618,0.0013257575757575,0.7330799312570145,0.4878186108054818,0.5144548427042906,1.054602738208014,1.0167274568741622,2.7449607880688633,4.731006812592785,,model,14.900000000000006,142,player,4.868578157226234,player,9.59958496981902,0.14084507042253522,player,0.14853559693070623
676551,Brewer,Hicklen,ATL,PHI,True,849841,2026-09-30T18:00:00Z,9.0,38,0.7575059101654844,0.4150354609929078,0.0,0.039095744680851,0.5235351921016822,0.5492961588720449,1.0492057977362472,0.7947795927650991,2.145745944547215,4.722053779497596,OF,model,10.0,15,player,3.1401344627968473,player,7.862188242294444,0.0,player,0.0
681508,Mickey,Gasper,BOS,NYY,False,849848,2026-10-01T00:00:00Z,27.0,196,1.3742221177491682,0.349541262838131,0.0410223491971647,0.299489729495154,0.518049827802814,0.5375639270541405,1.0376683828543887,1.4259868426075126,3.849879277671763,4.7186598045242585,,model,14.0,66,player,4.9554566239656355,player,9.674116428489894,0.15151515151515152,player,0.15722248225066496
642708,Amed,Rosario,NYY,BOS,True,849848,2026-10-01T00:00:00Z,160.0,83,1.055757629715963,0.2342326397881953,0.0,0.4371579038245705,0.5376727869839787,0.5442653686231322,1.0122613265888607,1.0687026188125919,2.885283330270236,4.6627378257038545,3B,model,11.200000000000017,85,player,5.354604099281738,player,10.017341924985592,0.07058823529411765,player,0.07145374070039016
608348,Carson,Kelly,CHC,SD,False,849842,2026-10-01T02:00:00Z,136.0,292,0.6992481066709635,0.1465815339993554,0.0577942716725749,0.2765581695133741,0.5313021166630495,0.5183841298954449,0.9756861748476768,0.6822467104672727,1.841929668919543,4.637259446381569,C,model,13.0,117,player,4.9366627239167995,player,9.573922170298369,0.09401709401709402,player,0.09173117883183286
663757,Trent,Grisham,NYY,BOS,True,849848,2026-10-01T00:00:00Z,135.0,345,0.3183984375,0.1856901041666666,0.0,0.1805859375,0.5141185665279844,0.37976562523587487,0.7386732360213324,0.23519240417226098,0.6349724527842703,4.596319417408234,OF,model,16.0,118,player,5.614753584276199,player,10.211073001684433,0.13559322033898305,player,0.10015908285035015
643396,Isiah,Kiner-Falefa,BOS,NYY,False,849848,2026-10-01T00:00:00Z,55.0,125,0.5123408564814815,0.4697164351851852,0.0,0.1117361111111111,0.5138479681843214,0.4971180255048069,0.9674418432778285,0.49565998258098587,1.3381828209721458,4.576663116903057,2B,model,9.200000000000003,55,player,3.4678153137585186,player,8.044478430661576,0.01818181818181818,player,0.017589851695960515
621438,Tyrone,Taylor,CHC,SD,False,849842,2026-10-01T02:00:00Z,115.0,120,1.7769946808510635,0.0997872340425531,0.0052127659574468,0.3647074468085106,0.5640851698679155,0.5862375560400142,1.0392713500645405,1.846779661025592,4.9859357288368935,4.5730852639423425,OF,model,14.0,83,player,4.944276193728881,player,9.517361457671225,0.12048192771084337,player,0.12521341567042657
699393,Pedro,Ramírez,CHC,SD,False,849842,2026-10-01T02:00:00Z,47.0,218,0.9003971715323233,0.1705940821096687,0.0715379077899586,0.301442631973805,0.544781097717506,0.5185250678560701,0.951804440404702,0.8570020259922996,2.3137340697740107,4.567304148171802,2B,model,13.0,78,player,4.601932236189331,player,9.169236384361133,0.08974358974358974,player,0.08541834721580659
680776,Jarren,Duran,BOS,NYY,False,849848,2026-10-01T00:00:00Z,139.0,459,0.9771867873973854,0.5365327607175434,0.0570253116448768,0.0960597826086956,0.5198761778962563,0.5147669198191466,0.9901721634990375,0.9675831554199431,2.612281003002763,4.458082338620979,OF,model,15.0,149,player,4.914166267943015,player,9.372248606563994,0.1342281879194631,player,0.13290901523477014
666023,Freddy,Fermin,SD,CHC,True,849842,2026-10-01T02:00:00Z,74.0,182,2.05693359375,0.2146199544270833,0.0071777343749999,1.42384033203125,0.5432707257082745,0.5439297233922988,1.0012130189477175,2.0594286931734156,5.560045585829588,4.4573526081070085,C,model,8.100000000000009,80,player,3.8674997979961168,player,8.324852406103126,0.075,player,0.07509097642107881
655316,Andruw,Monasterio,BOS,NYY,False,849848,2026-10-01T00:00:00Z,130.0,214,0.4564466354723708,0.2267643949757493,0.0053415697674418,0.3401465924636239,0.5067746133581055,0.5113756709929159,1.0090791004788537,0.46059076033905916,1.243502934763392,4.432671618700181,SS,model,10.799999999999997,103,player,4.420031598900364,player,8.852703217600546,0.04854368932038835,player,0.04898442235334241
671976,Tristan,Peters,CWS,HOU,False,849846,2026-09-30T21:00:00Z,68.0,421,0.6557929347608163,0.1861187798227675,0.2052720638357592,0.2713382653674966,0.5168580621834085,0.5246198167439096,1.0150171877511447,0.6656411003879937,1.7970978428275055,4.418881131132871,OF,model,13.0,150,player,5.093939928974428,player,9.5128210601073,0.09333333333333334,player,0.09473493752344017
682668,Luisangel,Acuña,CWS,HOU,False,849846,2026-09-30T21:00:00Z,109.0,111,1.0887763231087098,0.1129740146217419,0.0027840909090909,0.227221173712651,0.5120500984121313,0.5340959699334709,1.0430541300347442,1.1356526405025829,3.0660349988288735,4.396698577679362,SS,model,7.0,81,player,2.710038241470625,player,7.106736819149987,0.012345679012345678,player,0.012877211481910423
806956,0,0,SD,CHC,True,849842,2026-10-01T02:00:00Z,7.0,33,1.8305729166666664,0.0840625,0.0,0.5108854166666666,0.5483598467657709,0.5547086833324935,1.011577865527843,1.8517670437347442,4.999400664675063,4.303848496213121,C,model,8.0,16,player,5.774679543327491,player,10.078528039540611,0.0625,player,0.06322361659549018
650559,Bryan,De La Cruz,PHI,ATL,False,849841,2026-09-30T18:00:00Z,44.0,44,0.6196486244019139,0.4809312591013106,0.15492959486166,0.0949312200956937,0.506898690729925,0.5181096797774575,1.0221168238398661,0.6333532838704264,1.7099271957933775,4.2769658497282315,OF,model,10.0,31,player,3.256049695878965,player,7.5330155456071966,0.06451612903225806,player,0.06594302089289458
676609,José,Caballero,NYY,BOS,True,849848,2026-10-01T00:00:00Z,146.0,301,0.7901011367976707,0.3742650702887444,0.0095917225950782,0.2497951928848147,0.510090671692791,0.5044067115864375,0.9888569612780985,0.7812970092361159,2.109345665535666,4.264658885263845,SS,model,13.200000000000017,125,player,4.665029539885038,player,8.929688425148882,0.104,player,0.10284112397292224
657136,Connor,Wong,BOS,NYY,False,849848,2026-10-01T00:00:00Z,69.0,164,1.1370211909871244,0.0785622317596566,0.0157725321888412,0.4757296137339055,0.5319547932496441,0.4996139953469755,0.939203860341021,1.0678946918646526,2.883102089096189,4.243271284448709,C,model,8.200000000000003,70,player,3.993104844275453,player,8.236376128724162,0.08571428571428572,player,0.08050318802923037
673490,Ha-Seong,Kim,ATL,PHI,True,849841,2026-09-30T18:00:00Z,68.0,80,0.5070581611022789,0.50947933227345,0.0041385135135135,0.1099678722840487,0.4443546574804466,0.5035590197286355,1.133236731632084,0.5746169332349211,1.5513507963476403,4.156914751237362,SS,model,6.0,46,player,2.353437947645934,player,6.510352698883295,0.0,player,0.0
624641,Edmundo,Sosa,PHI,ATL,False,849841,2026-09-30T18:00:00Z,137.0,109,2.842926894413175,0.0174288617886178,0.0355554252657911,0.4252875603675909,0.5500673607176858,0.6444896576911099,1.1716558802002524,3.3309320128186384,8.99285024820776,4.134884198417499,OF,model,14.0,84,player,5.015740092404029,player,9.15062429082153,0.11904761904761904,player,0.13948284288098242
669392,Samad,Taylor,SD,CHC,True,849842,2026-10-01T02:00:00Z,52.0,121,1.044407710066972,0.2864081421676765,0.0142555127381716,0.3314869027382182,0.5572106664472206,0.555009388867165,0.9960494697739888,1.0402817458400733,2.80855265741903,4.10613811844634,OF,model,12.300000000000004,48,player,4.074892068554746,player,8.181030187001086,0.0625,player,0.0622530918608743
656537,Derek,Hill,PHI,ATL,False,849841,2026-09-30T18:00:00Z,138.0,78,0.8530767444560546,0.0580679278416347,0.0028356481481481,0.2656658176593521,0.5087097703326325,0.5830023628024401,1.1460412140722784,0.9776611079132437,2.6394894591441753,3.941005180053726,OF,model,12.0,89,player,4.188044234755565,player,8.129049414809291,0.06741573033707865,player,0.07726120544307495
672356,Gabriel,Arias,CHC,SD,False,849842,2026-10-01T02:00:00Z,50.0,97,0.640079365079365,0.2408730158730158,0.0,0.0541666666666666,0.5581571458558234,0.4884898788684717,0.8751834183175586,0.5601868467246912,1.5123924487873215,3.9302824417797684,3B,model,12.0,45,player,3.8528616909871736,player,7.783144132766942,0.044444444444444446,player,0.03889704081411372
596117,Garrett,Stubbs,PHI,ATL,False,849841,2026-09-30T18:00:00Z,8.0,56,0.2264973958333333,0.6093098958333334,0.0191406249999999,0.0191406249999999,0.5200072354071255,0.4292267684058454,0.8254246079283762,0.1869565241525274,0.5047452239069935,3.9143406103829355,C,model,4.0,21,player,1.7271812779290527,player,5.641521888311988,0.0,player,0.0
807713,Matt,Shaw,CHC,SD,False,849842,2026-10-01T02:00:00Z,96.0,101,1.0226928164897708,0.4210070085371481,0.0093274111675126,0.1313936125211506,0.4910553860887221,0.5001958723768711,1.0186139619828902,1.0417291816960863,2.812460444743094,3.8911578297847385,OF,model,12.799999999999997,67,player,4.48690318406813,player,8.378061013852868,0.1044776119402985,player,0.10642235423701837
663330,Jahmai,Jones,BOS,NYY,False,849848,2026-10-01T00:00:00Z,156.0,25,0.9277864360209178,0.2571538836529087,0.0379346766330841,0.1719029751528939,0.4695190459199214,0.5428861442880051,1.1562601112897064,1.0727624477666264,2.8962440564803384,3.8819552017776617,,model,8.100000000000009,90,player,3.3159414596853725,player,7.197896661463034,0.03333333333333333,player,0.03854200370965688
669720,Austin,Hays,SD,CHC,True,849842,2026-10-01T02:00:00Z,54.0,53,1.3786585173145514,0.1664589823468328,0.0,0.6020026863515282,0.5517222941165849,0.4885730064483852,0.8855415335910722,1.2208593777211216,3.2960761479714846,3.85731451890376,,model,9.200000000000017,38,player,3.6490182060262146,player,7.506332724929974,0.07894736842105263,player,0.06991117370455834
669397,Nick,Allen,HOU,CWS,True,849846,2026-09-30T21:00:00Z,41.0,115,2.480495459401709,0.0899439102564102,0.003926282051282,0.0977964743589743,0.5907058523220372,0.5852997991439208,0.9908481469129425,2.4577943293741513,6.635553130444334,3.7972462985993496,SS,model,8.100000000000001,60,player,3.575844888507703,player,7.373091187107052,0.03333333333333333,player,0.03302827156376475
681987,Nate,Eaton,BOS,NYY,False,849848,2026-10-01T00:00:00Z,35.0,25,0.7725925925925927,0.4473032407407407,0.0204166666666666,0.1058101851851851,0.53478876596088,0.519098264602661,0.9706603759149144,0.7499250163550043,2.0246475591552406,3.7240115811415246,OF,model,5.0,21,player,4.223777695851369,player,7.947789276992893,0.09523809523809523,player,0.09244384532522994
664774,LaMonte,Wade,HOU,CWS,True,849846,2026-09-30T21:00:00Z,16.0,130,1.113142123287671,0.5332619863013699,0.0,0.2744863013698631,0.465823290979817,0.4798850844520599,1.0301869694893642,1.146744510600682,3.0959808297197213,3.5886369974597785,OF,model,9.0,54,player,4.534140056608208,player,8.122777054067987,0.07407407407407407,player,0.07631014588810105
823550,Sung Mun,Song,SD,CHC,True,849842,2026-10-01T02:00:00Z,11.0,138,0.7136564021581787,0.3650496775891564,0.0,0.3568282010790893,0.4353494307175834,0.46584448454791116,1.070047303794708,0.763646108965191,2.061691764984223,3.485475041391424,2B,model,7.300000000000004,58,player,3.2813521802571994,player,6.766827221648624,0.034482758620689655,player,0.03689818288947269
678489,Jorge,Barrosa,HOU,CWS,True,849846,2026-09-30T21:00:00Z,60.0,104,0.2966463414634146,0.8689532520325203,0.0074695121951219,0.0410823170731707,0.4692135714893742,0.4621438899644431,0.9849329133799549,0.29217674534106586,0.7888187770718097,3.475673613044608,OF,model,7.300000000000004,68,player,3.4813051136201274,player,6.956978726664735,0.029411764705882353,player,0.028968615099410438
691011,Drew,Romo,CWS,HOU,False,849846,2026-09-30T21:00:00Z,40.0,163,0.6165086206896552,0.292198275862069,0.009051724137931,0.0452586206896551,0.5302312603144272,0.33201080093506785,0.6261622536894286,0.38603442734999555,1.0422157469595181,3.4622653635834246,C,model,10.400000000000006,59,player,4.527057774099908,player,7.989323137683332,0.06779661016949153,player,0.04245167821623245
645305,Ali,Sánchez,NYY,BOS,True,849848,2026-10-01T00:00:00Z,42.0,48,0.5924722222222221,0.0068055555555555,0.1396111111111111,0.1201666666666666,0.5348080896905362,0.5211641639121474,0.9744881836281052,0.5773571796834402,1.5587489137093522,3.050415192792397,C,model,8.200000000000003,39,player,3.1863671824783277,player,6.2367823752707245,0.02564102564102564,player,0.02498687650328475
687749,Jase,Bowen,SD,CHC,True,849842,2026-10-01T02:00:00Z,51.0,50,0.3278001237623762,0.0658415841584158,0.0121287128712871,0.0424504950495049,0.4215373445976255,0.42612544940690045,1.0108842190806475,0.33136797212406927,0.8946272511405623,3.027013148513103,OF,model,7.300000000000004,48,player,3.458725504872504,player,6.4857386533856065,0.041666666666666664,player,0.04212017579502698
