key_mlbam,name_first,name_last,team,opponent,is_home,dk_slot,game_pk,game_datetime,DK_Points,Ceiling_DK_Points,Boom_Adjusted_DK_Points,Value_Score,Estimated_Salary
661388,William,Contreras,MIL,SD,True,C,849825,2026-10-04T20:00:00Z,8.412171841268021,15.400000000000006,13.577057655579823,2.7154115311159646,5000.0
694192,Jackson,Chourio,MIL,SD,True,OF,849825,2026-10-04T20:00:00Z,8.21362331680662,16.5,14.14588759355825,2.8869158354200506,4900.0
668930,Brice,Turang,MIL,SD,True,2B,849825,2026-10-04T20:00:00Z,7.81262339311079,17.0,13.107275722270469,2.730682442139681,4800.0
645277,Ozzie,Albies,ATL,LAD,False,2B,849823,2026-10-05T00:00:00Z,7.381895056377759,14.0,12.00418953589671,2.6096064208471113,4600.0
641343,Jake,Bauers,MIL,SD,True,1B,849825,2026-10-04T20:00:00Z,7.271595389812257,18.0,12.434220620680811,2.7030914392784373,4600.0
800325,Luis,Lara,MIL,SD,True,OF,849825,2026-10-04T20:00:00Z,7.262677619002128,10.0,11.17089217698746,2.4284548210842307,4600.0
669003,Garrett,Mitchell,MIL,SD,True,OF,849825,2026-10-04T20:00:00Z,7.105985859873592,13.0,12.385830607911196,2.7524068017580436,4500.0
686948,Drake,Baldwin,ATL,LAD,False,C,849823,2026-10-05T00:00:00Z,7.079929300768947,15.0,12.306636513784069,2.7348081141742373,4500.0
660670,Ronald,Acuña,ATL,LAD,False,OF,849823,2026-10-05T00:00:00Z,7.03118725189217,15.0,12.398976021346366,2.755328004743637,4500.0
663586,Austin,Riley,ATL,LAD,False,3B,849823,2026-10-05T00:00:00Z,7.002968157021472,13.800000000000011,11.86148304279576,2.63588512062128,4500.0
687401,Joey,Ortiz,MIL,SD,True,SS,849825,2026-10-04T20:00:00Z,6.950434991697473,12.299999999999995,11.423489146704632,2.5385531437121407,4500.0
681624,Andy,Pages,LAD,ATL,True,OF,849823,2026-10-05T00:00:00Z,6.811483646267705,16.0,12.627804461006644,2.8699555593196915,4400.0
806198,Cooper,Pratt,MIL,SD,True,SS,849825,2026-10-04T20:00:00Z,6.753033149255085,12.0,11.18521842426516,2.5420950964238997,4400.0
683734,Andrew,Vaughn,MIL,SD,True,1B,849825,2026-10-04T20:00:00Z,6.696999190713681,10.0,10.965532234728588,2.49216641698377,4400.0
665487,Fernando,Tatís,SD,MIL,False,OF,849825,2026-10-04T20:00:00Z,6.680529793944274,15.0,11.828059785999304,2.6881954059089326,4400.0
621566,Matt,Olson,ATL,LAD,False,1B,849823,2026-10-05T00:00:00Z,6.639473440610853,16.0,12.03223250710198,2.798193606302786,4300.0
593428,Xander,Bogaerts,SD,MIL,False,SS,849825,2026-10-04T20:00:00Z,6.536524848836399,12.0,10.753605187656428,2.500838415734053,4300.0
592518,Manny,Machado,SD,MIL,False,3B,849825,2026-10-04T20:00:00Z,6.461851039105824,16.0,11.824351489715664,2.749849183654806,4300.0
671739,Michael,Harris,ATL,LAD,False,OF,849823,2026-10-05T00:00:00Z,6.348296756459833,16.30000000000001,11.769750847721983,2.802321630409996,4200.0
643289,Mauricio,Dubón,ATL,LAD,False,OF,849823,2026-10-05T00:00:00Z,6.243134164347705,13.5,10.273143164127957,2.4459864676495133,4200.0
701538,Jackson,Merrill,SD,MIL,False,OF,849825,2026-10-04T20:00:00Z,6.183964859069797,15.0,11.774798596089706,2.803523475259454,4200.0
571970,Max,Muncy,LAD,ATL,True,3B,849823,2026-10-05T00:00:00Z,6.134982127520023,15.0,12.216433068914128,2.9086745402176493,4200.0
669257,Will,Smith,LAD,ATL,True,C,849823,2026-10-05T00:00:00Z,6.00318201880602,14.0,10.323135051641994,2.5178378174736573,4100.0
605141,Mookie,Betts,LAD,ATL,True,SS,849823,2026-10-05T00:00:00Z,5.939043275226879,17.0,12.122178792746093,2.9566289738405107,4100.0
606192,Teoscar,Hernández,LAD,ATL,True,OF,849823,2026-10-05T00:00:00Z,5.826872063043349,16.0,11.0658618893362,2.6989907047161465,4100.0
657757,Gavin,Sheets,SD,MIL,False,1B,849825,2026-10-04T20:00:00Z,5.811601295072236,13.200000000000015,11.009480444109853,2.752370111027463,4000.0
518692,Freddie,Freeman,LAD,ATL,True,1B,849823,2026-10-05T00:00:00Z,5.75118389598862,13.0,10.274458206992175,2.568614551748044,4000.0
664034,Ty,France,SD,MIL,False,1B,849825,2026-10-04T20:00:00Z,5.6078167867741735,15.0,11.23470863020129,2.8086771575503224,4000.0
669221,Sean,Murphy,ATL,LAD,False,C,849823,2026-10-05T00:00:00Z,5.530921465793628,11.200000000000005,10.319359922863203,2.645989723811078,3900.0
663656,Kyle,Tucker,LAD,ATL,True,OF,849823,2026-10-05T00:00:00Z,5.306200628753185,15.800000000000011,10.465300986343369,2.6834105093188128,3900.0
573262,Mike,Yastrzemski,ATL,LAD,False,OF,849823,2026-10-05T00:00:00Z,5.221845846424578,11.100000000000009,9.58962827273832,2.523586387562716,3800.0
630105,Jake,Cronenworth,SD,MIL,False,2B,849825,2026-10-04T20:00:00Z,5.103227380820365,10.0,9.314880867985542,2.4512844389435635,3800.0
669242,Tommy,Edman,LAD,ATL,True,2B,849823,2026-10-05T00:00:00Z,5.097845261914677,14.900000000000006,10.355862732944695,2.7252270349854464,3800.0
669134,Luis,Campusano,SD,MIL,False,C,849825,2026-10-04T20:00:00Z,4.849909869259769,15.0,9.63993698380274,2.60538837400074,3700.0
673490,Ha-Seong,Kim,ATL,LAD,False,SS,849823,2026-10-05T00:00:00Z,4.573435369354685,5.6000000000000085,6.8822725586486095,1.9117423774023914,3600.0
687957,Dustin,Harris,SD,MIL,False,OF,849825,2026-10-04T20:00:00Z,4.57135843633896,10.6,8.159808128534134,2.2666133690372594,3600.0
657041,Lane,Thomas,ATL,LAD,False,OF,849823,2026-10-05T00:00:00Z,4.500462263356573,12.0,9.248526157042802,2.5690350436230003,3600.0
669392,Samad,Taylor,SD,MIL,False,OF,849825,2026-10-04T20:00:00Z,4.080236798665165,12.200000000000005,8.165447641738513,2.401602247570151,3400.0
806956,Ethan,Salas,SD,MIL,False,C,849825,2026-10-04T20:00:00Z,4.011874481556142,8.0,9.546216697083963,2.8077107932599894,3400.0
650633,Mike,King,SD,MIL,False,P,849825,2026-10-04T20:00:00Z,15.711860873950368,19.97222222222222,15.711860873950368,2.609955449047724,7600.0
701656,Logan,Henderson,MIL,SD,True,P,849825,2026-10-04T20:00:00Z,15.082885081840557,23.71,15.082885081840557,2.5122749147859893,7400.0
605483,Blake,Snell,LAD,ATL,True,P,849823,2026-10-05T00:00:00Z,14.815881460458904,13.86111111111111,14.815881460458904,2.780503913725535,7300.0
