date,game_pk,home_team,away_team,predicted_winner,predicted_loser,predicted_probability,above_threshold,status,market_home_win_probability,market_predicted_winner_probability,bet_units,bet_side,bet_team,bet_moneyline,bet_profit_units
2026-09-04,824797,BAL,BOS,BAL,BOS,0.5483298076566744,False,pending,0.4782608695652174,0.4782608695652174,0.0,,,,
2026-09-04,823905,LAD,WSH,LAD,WSH,0.5635621475138584,False,pending,0.7334197020280033,0.7334197020280033,1.089979518282508,away,WSH,259.0,
2026-09-04,823093,SEA,ATH,SEA,ATH,0.5220023915227816,False,pending,0.6656300180905339,0.6656300180905339,1.089979518282508,away,ATH,186.0,
2026-09-04,823256,SD,NYY,SD,NYY,0.5134811442931627,False,pending,0.4816715542521994,0.4816715542521994,0.0,,,,
2026-09-04,823338,PIT,LAA,PIT,LAA,0.5139294997277052,False,pending,0.6364166980799397,0.6364166980799397,1.089979518282508,away,LAA,163.0,
2026-09-04,823418,PHI,ATL,PHI,ATL,0.5346971091910081,False,pending,0.5173641257162701,0.5173641257162701,0.0,,,,
2026-09-04,823579,NYM,SF,NYM,SF,0.538159585305494,False,pending,0.62781536572576,0.62781536572576,0.6346728408317374,away,SF,157.0,
2026-09-04,823824,MIA,CHC,MIA,CHC,0.5297902817446632,False,pending,0.4174548300828387,0.4174548300828387,1.089979518282508,home,MIA,129.0,
2026-09-04,822852,TEX,TB,TB,TEX,0.5037336881939996,False,pending,0.5120034919249236,0.48799650807507644,0.0,,,,
2026-09-04,824067,KC,TOR,KC,TOR,0.5195115675932309,False,pending,0.5183284457478006,0.5183284457478006,0.0,,,,
2026-09-04,824311,COL,STL,STL,COL,0.5170794741940491,False,pending,0.4576160383525822,0.5423839616474178,0.0,,,,
2026-09-04,824387,CLE,DET,CLE,DET,0.609982683219805,True,pending,0.5630832299476779,0.5630832299476779,0.0,,,,
2026-09-04,824424,CLE,DET,CLE,DET,0.5634496167483001,False,pending,0.5630832299476779,0.5630832299476779,0.0,,,,
2026-09-04,824471,CIN,MIL,MIL,CIN,0.517873733740184,False,pending,0.4055050380928974,0.5944949619071026,0.0054090860382306,home,CIN,136.0,
2026-09-04,824554,CWS,MIN,CWS,MIN,0.5217029578118949,False,pending,0.5151837230488916,0.5151837230488916,0.0,,,,
2026-09-04,824146,HOU,AZ,HOU,AZ,0.5281184854796024,False,pending,0.54911742133538,0.54911742133538,0.0,,,,
2026-09-03,824069,KC,MIA,KC,MIA,0.5377272351729351,False,win,0.5173641257162701,0.5173641257162701,0.0,,,,
2026-09-03,822853,TEX,TB,TB,TEX,0.508699817290208,False,loss,0.4596322941646683,0.5403677058353318,0.0,,,,
2026-09-03,823095,SEA,ATH,SEA,ATH,0.5054050158502981,False,loss,0.654717947042229,0.654717947042229,2.0,away,ATH,177.0,3.54
2026-09-03,823337,PIT,SF,PIT,SF,0.5440346580284203,False,win,0.5981699425097071,0.5981699425097071,0.0,,,,
2026-09-03,823907,LAD,STL,LAD,STL,0.5466075423080203,False,win,0.7236157249875593,0.7236157249875593,2.0,away,STL,246.0,-2.0
2026-09-03,824144,HOU,CWS,HOU,CWS,0.5582429298494347,False,win,0.5918810713509823,0.5918810713509823,0.0,,,,
2026-09-03,824388,CLE,TOR,CLE,TOR,0.5457944798864225,False,loss,0.5086640097036909,0.5086640097036909,0.0,,,,
2026-09-03,824632,CHC,MIL,CHC,MIL,0.5048975108019629,False,win,0.4869927159209156,0.4869927159209156,0.0,,,,
2026-09-03,824796,BAL,BOS,BAL,BOS,0.5184823856523793,False,loss,0.4687499999999999,0.4687499999999999,0.0,,,,
2026-09-02,824068,KC,MIA,KC,MIA,0.5333781638002175,False,loss,0.5054504229528212,0.5054504229528212,0.0,,,,
2026-09-02,822686,WSH,ATL,WSH,ATL,0.5368368321120984,False,loss,0.4362128146453089,0.4362128146453089,0.8754839126132712,home,WSH,119.0,-0.8754839126132712
2026-09-02,822851,TEX,ATH,ATH,TEX,0.5050376926745708,False,win,0.5981699425097071,0.4018300574902929,0.8846449915112267,away,ATH,138.0,1.2208100882854926
2026-09-02,822931,TB,NYM,TB,NYM,0.5633744240496267,False,loss,0.6159575776626715,0.6159575776626715,0.0,,,,
2026-09-02,823660,MIN,DET,MIN,DET,0.5556769027394224,False,loss,0.5173641257162701,0.5173641257162701,0.0,,,,
2026-09-02,823906,LAD,STL,LAD,STL,0.5599408429912883,False,loss,0.6903330429307089,0.6903330429307089,0.8846449915112267,away,STL,209.0,1.848908032258464
2026-09-02,823983,LAA,NYY,NYY,LAA,0.5057206006269941,False,win,0.3967150239346518,0.6032849760653483,0.7948397581302296,home,LAA,141.0,-0.7948397581302296
2026-09-02,823339,PIT,SF,PIT,SF,0.5171756858189354,False,loss,0.5825451699171612,0.5825451699171612,0.0,,,,
2026-09-02,824147,HOU,CWS,HOU,CWS,0.550221686791616,False,win,0.5612444702298934,0.5612444702298934,0.0,,,,
2026-09-02,824390,CLE,TOR,CLE,TOR,0.5300401047468983,False,loss,0.4576160383525822,0.4576160383525822,0.0,home,CLE,109.0,
2026-09-02,824470,CIN,SD,CIN,SD,0.5471483816459328,False,win,0.4157903251900987,0.4157903251900987,0.8846449915112267,home,CIN,130.0,1.1500384889645947
2026-09-02,824634,CHC,MIL,CHC,MIL,0.5032181711450627,False,loss,0.4086853434828726,0.4086853434828726,0.6757413547228188,home,CHC,134.0,-0.6757413547228188
2026-09-02,824717,BOS,SEA,BOS,SEA,0.5674084304965095,False,loss,0.552982006111132,0.552982006111132,0.0,,,,
2026-09-02,825037,AZ,PHI,PHI,AZ,0.5232224643569877,False,loss,0.4826358742837298,0.5173641257162702,0.0,,,,
2026-09-02,824312,COL,BAL,BAL,COL,0.533487837349228,False,loss,0.4018300574902929,0.5981699425097071,0.0,,,,
2026-09-01,824070,KC,MIA,KC,MIA,0.5439519262583843,False,loss,0.5232153996969967,0.5232153996969967,0.0,,,,
2026-09-01,822687,WSH,ATL,WSH,ATL,0.5049247517941959,False,win,0.3810330228619814,0.3810330228619814,1.002818404232546,home,WSH,158.0,1.584453078687423
2026-09-01,822854,TEX,ATH,TEX,ATH,0.5306634363006794,False,win,0.6620502286130807,0.6620502286130807,1.002818404232546,away,ATH,191.0,-1.002818404232546
2026-09-01,823340,PIT,SF,PIT,SF,0.5312766041032111,False,win,0.6020115385801993,0.6020115385801993,0.1971936428224691,away,SF,147.0,-0.1971936428224691
2026-09-01,823661,MIN,DET,MIN,DET,0.5263366221971967,False,win,0.508313539192399,0.508313539192399,0.0,,,,
2026-09-01,823908,LAD,STL,LAD,STL,0.5369751534187153,False,loss,0.6189669771380187,0.6189669771380187,0.665571128300291,away,STL,158.0,1.0516023827144598
2026-09-01,823984,LAA,NYY,NYY,LAA,0.5043146791645553,False,win,0.3672612801678908,0.6327387198321093,1.002818404232546,home,LAA,168.0,-1.002818404232546
2026-09-01,822929,TB,NYM,TB,NYM,0.547720464344515,False,win,0.5445673389720234,0.5445673389720234,0.0,,,,
2026-09-01,824148,HOU,CWS,HOU,CWS,0.5252287621196297,False,loss,0.5035612535612536,0.5035612535612536,0.0,,,,
2026-09-01,824313,COL,BAL,BAL,COL,0.5055098795405563,False,loss,0.4259850905218316,0.5740149094781684,0.1259616119470563,home,COL,131.0,0.1650097116506437
2026-09-01,824391,CLE,TOR,CLE,TOR,0.5200803754028194,False,win,0.6259775586535192,0.6259775586535192,1.002818404232546,away,TOR,163.0,-1.002818404232546
2026-09-01,824472,CIN,SD,SD,CIN,0.5469576419703641,False,loss,0.4369747899159664,0.5630252100840336,0.0,,,,
2026-09-01,824633,CHC,MIL,CHC,MIL,0.5294799868182402,False,loss,0.5445673389720234,0.5445673389720234,0.0,,,,
2026-09-01,824716,BOS,SEA,BOS,SEA,0.5756060141962925,False,loss,0.5276417074877537,0.5276417074877537,0.0,,,,
2026-09-01,825038,AZ,PHI,PHI,AZ,0.5096838904276999,False,win,0.4485363550519358,0.5514636449480642,0.0,,,,
2026-08-31,822689,WSH,MIA,WSH,MIA,0.5356307483585792,False,win,0.4893196574762397,0.4893196574762397,0.0,,,,
2026-08-31,822855,TEX,ATH,TEX,ATH,0.5202799075741071,False,win,0.666827360865606,0.666827360865606,2.0,away,ATH,195.0,-2.0
2026-08-31,822932,TB,NYM,TB,NYM,0.5461491361996808,False,loss,0.6175337323873572,0.6175337323873572,0.4576478695868803,away,NYM,157.0,0.7185071552514021
2026-08-31,823663,MIN,DET,MIN,DET,0.5277035121741321,False,win,0.5319879776728209,0.5319879776728209,0.0,,,,
2026-08-31,823982,LAA,NYY,LAA,NYY,0.5028003091791557,False,win,0.4658682379969793,0.4658682379969793,0.0,,,,
2026-08-31,824149,HOU,CWS,HOU,CWS,0.5244346542096422,False,win,0.5506107338704889,0.5506107338704889,0.0,,,,
2026-08-31,824314,COL,BAL,BAL,COL,0.5274803412928011,False,win,0.4465678627145086,0.5534321372854913,0.0,,,,
2026-08-31,824473,CIN,SD,SD,CIN,0.5287962129181532,False,win,0.4234915301693966,0.5765084698306033,0.0,,,,
2026-08-31,824635,CHC,MIL,CHC,MIL,0.5416266602309503,False,win,0.5106803425237603,0.5106803425237603,0.0,,,,
2026-08-31,824719,BOS,SEA,BOS,SEA,0.5961036590396597,True,win,0.6020115385801993,0.6020115385801993,0.0,,,,
2026-08-31,824911,ATL,SF,SF,ATL,0.5197951744951971,False,win,0.6476120605674287,0.3523879394325713,2.0,away,SF,179.0,3.58
2026-08-31,825040,AZ,PHI,AZ,PHI,0.5007173031325446,False,loss,0.4723582925122463,0.4723582925122463,0.0,,,,
2026-08-30,823740,MIL,TEX,MIL,TEX,0.5851170300940577,True,loss,0.6081481259908468,0.6081481259908468,0.0,,,,
2026-08-30,822688,WSH,MIA,WSH,MIA,0.531356066101683,False,loss,0.5232153996969967,0.5232153996969967,0.0,,,,
2026-08-30,822766,TOR,SEA,TOR,SEA,0.5603902002474698,False,win,0.4361948955916473,0.4361948955916473,0.9875769914945504,home,TOR,125.0,1.234471239368188
2026-08-30,822933,TB,SD,TB,SD,0.5134880045367729,False,win,0.6035633380273067,0.6035633380273067,0.982605320631718,away,SD,148.0,-0.982605320631718
2026-08-30,823010,STL,PIT,STL,PIT,0.5150628554377787,False,loss,0.468012022327179,0.468012022327179,0.0,,,,
2026-08-30,823580,NYM,HOU,NYM,HOU,0.5078476211376475,False,loss,0.5341317620030207,0.5341317620030207,0.0,,,,
2026-08-30,823662,MIN,CWS,CWS,MIN,0.5018494705390766,False,loss,0.5232153996969967,0.4767846003030033,0.0,,,,
2026-08-30,823502,NYY,BOS,BOS,NYY,0.5077982503022642,False,loss,0.4658682379969793,0.5341317620030207,0.0,,,,
2026-08-30,823987,LAA,PHI,PHI,LAA,0.536973049778444,False,win,0.3810330228619814,0.6189669771380186,0.6608212328691606,home,LAA,158.0,-0.6608212328691606
2026-08-30,824232,DET,LAD,LAD,DET,0.5131562410976857,False,win,0.4043169590270923,0.5956830409729077,0.6605656047493794,home,DET,143.0,-0.6605656047493794
2026-08-30,824393,CLE,KC,CLE,KC,0.5538442741739297,False,win,0.6331975772765247,0.6331975772765247,0.519267057293619,away,KC,168.0,-0.519267057293619
2026-08-30,824636,CHC,CIN,CHC,CIN,0.5611873038516905,False,loss,0.5940698905753617,0.5940698905753617,0.0,,,,
2026-08-30,824876,ATL,COL,ATL,COL,0.5246030683272115,False,win,0.6898004537247094,0.6898004537247094,0.9875769914945504,away,COL,217.0,-0.9875769914945504
2026-08-30,824959,ATH,BAL,BAL,ATH,0.5049734285082557,False,win,0.4234915301693966,0.5765084698306033,0.2015868014670221,home,ATH,132.0,-0.2015868014670221
2026-08-29,823582,NYM,HOU,NYM,HOU,0.552818276655712,False,win,0.5553837231780397,0.5553837231780397,0.0,,,,
2026-08-29,822690,WSH,MIA,WSH,MIA,0.5056685448035969,False,win,0.5,0.5,0.0,,,,
2026-08-29,822770,TOR,SEA,TOR,SEA,0.5830261567431856,True,win,0.5106803425237603,0.5106803425237603,0.1831754213968635,home,TOR,-108.0,0.1696068716637624
2026-08-29,823011,STL,PIT,STL,PIT,0.511765355074542,False,loss,0.5341317620030207,0.5341317620030207,0.0,,,,
2026-08-29,823176,SF,AZ,SF,AZ,0.5332847595939948,False,win,0.4658682379969793,0.4658682379969793,0.0,,,,
2026-08-29,823177,SF,AZ,SF,AZ,0.5456990948178544,False,loss,0.4658682379969793,0.4658682379969793,0.0,,,,
2026-08-29,823501,NYY,BOS,NYY,BOS,0.5186197763476051,False,win,0.5445673389720234,0.5445673389720234,0.0,,,,
2026-08-29,823539,NYY,BOS,NYY,BOS,0.5250565855502706,False,loss,0.5445673389720234,0.5445673389720234,0.0,,,,
2026-08-29,822936,TB,SD,SD,TB,0.5097882945553633,False,loss,0.5506107338704889,0.44938926612951113,0.0,away,SD,119.0,
2026-08-29,823665,MIN,CWS,MIN,CWS,0.5031498687833846,False,loss,0.5232153996969967,0.5232153996969967,0.0,,,,
2026-08-29,823986,LAA,PHI,LAA,PHI,0.5064469322633023,False,loss,0.3152911411814313,0.3152911411814313,0.962874127942408,home,LAA,212.0,-0.962874127942408
2026-08-29,824230,DET,LAD,LAD,DET,0.5301239254748251,False,loss,0.373538328280641,0.626461671719359,0.962874127942408,home,DET,163.0,1.569484828546125
2026-08-29,824392,CLE,KC,CLE,KC,0.5110816328901359,False,loss,0.5868319338931095,0.5868319338931095,0.3619665927075381,away,KC,138.0,0.4995138979364025
2026-08-29,824637,CHC,CIN,CHC,CIN,0.5617731191503809,False,win,0.6396986570586309,0.6396986570586309,0.4522026988805596,away,CIN,173.0,-0.4522026988805596
2026-08-29,824874,ATL,COL,ATL,COL,0.5463201895069036,False,win,0.6735716192079492,0.6735716192079492,0.962874127942408,away,COL,201.0,-0.962874127942408
2026-08-29,824961,ATH,BAL,BAL,ATH,0.5074378840871396,False,win,0.4259850905218316,0.5740149094781684,0.0026924528737623,home,ATH,131.0,-0.0026924528737623
2026-08-29,823741,MIL,TEX,MIL,TEX,0.5675233154086647,False,win,0.5988718270134754,0.5988718270134754,0.0,,,,
2026-08-28,823666,MIN,CWS,MIN,CWS,0.5178292046594426,False,loss,0.5445673389720234,0.5445673389720234,0.0,,,,
2026-08-28,822691,WSH,MIA,MIA,WSH,0.5626049349076271,False,loss,0.4148541292262215,0.5851458707737784,0.0,,,,
2026-08-28,822769,TOR,SEA,TOR,SEA,0.6011734498143267,True,win,0.5851458707737786,0.5851458707737786,0.0,,,,
2026-08-28,822935,TB,SD,TB,SD,0.5167679176524249,False,win,0.5534321372854915,0.5534321372854915,0.0,,,,
2026-08-28,823013,STL,PIT,STL,PIT,0.5046500037969388,False,win,0.4790284493421793,0.4790284493421793,0.0,,,,
2026-08-28,823178,SF,AZ,SF,AZ,0.5466048530930422,False,loss,0.4745613066990398,0.4745613066990398,0.3507707126412925,home,SF,107.0,-0.3507707126412925
2026-08-28,823504,NYY,BOS,NYY,BOS,0.5381181452990753,False,win,0.5851458707737786,0.5851458707737786,0.0,,,,
2026-08-28,823583,NYM,HOU,NYM,HOU,0.5218403297131585,False,loss,0.4976431769974074,0.4976431769974074,0.0,,,,
2026-08-28,824231,DET,LAD,LAD,DET,0.5104268668775429,False,win,0.3668024227234753,0.6331975772765247,2.0,home,DET,168.0,-2.0
2026-08-28,823744,MIL,TEX,MIL,TEX,0.612106965886314,True,win,0.6586453967824794,0.6586453967824794,0.0,,,,
2026-08-28,823985,LAA,PHI,LAA,PHI,0.5178725484191975,False,loss,0.4554326610279765,0.4554326610279765,0.0,home,LAA,116.0,
2026-08-28,824396,CLE,KC,CLE,KC,0.5391926320460195,False,loss,0.5553837231780397,0.5553837231780397,0.0,,,,
2026-08-28,824638,CHC,CIN,CHC,CIN,0.5809272949552209,True,loss,0.6488294314381271,0.6488294314381271,0.1347128676381555,away,CIN,180.0,0.2424831617486798
2026-08-28,824877,ATL,COL,ATL,COL,0.5589861615081814,False,win,0.6732531412020574,0.6732531412020574,2.0,away,COL,201.0,-2.0
2026-08-28,824960,ATH,BAL,ATH,BAL,0.522010336677388,False,loss,0.4893196574762397,0.4893196574762397,0.0,,,,
2026-08-27,823179,SF,AZ,AZ,SF,0.5064898526949337,False,loss,0.4976431769974074,0.5023568230025925,0.0,,,,
2026-08-27,822771,TOR,KC,KC,TOR,0.5102551972915104,False,win,0.4940634498480243,0.5059365501519757,0.0,,,,
2026-08-27,822694,WSH,COL,WSH,COL,0.5093812264662876,False,win,0.5740149094781682,0.5740149094781682,0.0,away,COL,131.0,
2026-08-27,823014,STL,BAL,STL,BAL,0.5310824525121685,False,win,0.4554326610279765,0.4554326610279765,0.6977578927984683,home,STL,116.0,0.8093991556462232
2026-08-27,823581,NYM,MIL,MIL,NYM,0.531289742425644,False,win,0.3536136407672932,0.6463863592327068,2.0,home,NYM,178.0,-2.0
2026-08-27,823503,NYY,HOU,NYY,HOU,0.5427961935699414,False,loss,0.5956830409729075,0.5956830409729075,0.0,,,,
2026-08-27,824879,ATL,LAD,LAD,ATL,0.5205091530251422,False,loss,0.5341317620030207,0.4658682379969793,0.0,,,,
2026-08-26,823584,NYM,MIL,NYM,MIL,0.5187968256945689,False,loss,0.4043169590270923,0.4043169590270923,2.0,home,NYM,143.0,-2.0
2026-08-26,822692,WSH,COL,WSH,COL,0.5070622871444194,False,loss,0.5445673389720234,0.5445673389720234,0.0,,,,
2026-08-26,822772,TOR,KC,TOR,KC,0.5237408816400273,False,win,0.5630252100840336,0.5630252100840336,0.0,,,,
2026-08-26,823015,STL,BAL,STL,BAL,0.5337814320030903,False,loss,0.4988130282024499,0.4988130282024499,0.0,,,,
2026-08-26,823096,SEA,PHI,PHI,SEA,0.5142373667895594,False,win,0.4554326610279765,0.5445673389720235,0.0,,,,
2026-08-26,823180,SF,CIN,SF,CIN,0.5752455315956279,False,loss,0.5187068652379223,0.5187068652379223,0.0,,,,
2026-08-26,823506,NYY,HOU,NYY,HOU,0.5375163888963567,False,win,0.5445673389720234,0.5445673389720234,0.0,,,,
2026-08-26,823255,SD,PIT,SD,PIT,0.5344271847632447,False,win,0.5534321372854915,0.5534321372854915,0.0,,,,
2026-08-26,823825,MIA,BOS,BOS,MIA,0.5222784736232366,False,loss,0.4059301094246382,0.5940698905753619,0.32441807445223,home,MIA,142.0,0.4606736657221665
2026-08-26,823988,LAA,CLE,CLE,LAA,0.5146531283725309,False,win,0.4351046102573597,0.5648953897426403,0.0,,,,
2026-08-26,824234,DET,TB,DET,TB,0.5487437081816016,False,loss,0.5276417074877537,0.5276417074877537,0.0,,,,
2026-08-26,824555,CWS,TEX,CWS,TEX,0.5385596041979762,False,win,0.5404487869504017,0.5404487869504017,0.0,,,,
2026-08-26,824878,ATL,LAD,ATL,LAD,0.500278421490245,False,win,0.4554326610279765,0.4554326610279765,0.0,,,,
2026-08-26,824963,ATH,MIN,ATH,MIN,0.5402088078115107,False,win,0.4387555297701066,0.4387555297701066,1.984824518381416,home,ATH,118.0,2.3420929316900705
2026-08-26,825039,AZ,CHC,AZ,CHC,0.5091485405744617,False,win,0.5059365501519757,0.5059365501519757,0.0,,,,
2026-08-25,823585,NYM,MIL,MIL,NYM,0.5516271354526945,False,loss,0.3933685003767898,0.6066314996232103,0.0,,,,
2026-08-25,822693,WSH,COL,COL,WSH,0.5005096374658158,False,win,0.5851458707737786,0.41485412922622145,6.795906598320562,away,COL,137.0,9.31039203969917
2026-08-25,822773,TOR,KC,TOR,KC,0.5212742252019098,False,loss,0.5298247134530799,0.5298247134530799,0.0,,,,
2026-08-25,823016,STL,BAL,STL,BAL,0.5297755807603318,False,loss,0.5445673389720234,0.5445673389720234,0.0,,,,
2026-08-25,823098,SEA,PHI,PHI,SEA,0.626763886962142,True,loss,0.5043297540699688,0.4956702459300312,11.18344424406277,away,PHI,-108.0,-11.18344424406277
2026-08-25,823181,SF,CIN,SF,CIN,0.5390596740381666,False,win,0.5043297540699688,0.5043297540699688,0.0,,,,
2026-08-25,823259,SD,PIT,SD,PIT,0.5276347830007936,False,loss,0.5291347851677457,0.5291347851677457,0.0,,,,
2026-08-25,823505,NYY,HOU,HOU,NYY,0.533612744532797,False,win,0.5740149094781682,0.42598509052183176,8.879596941632094,away,HOU,131.0,11.632271993538044
2026-08-25,825042,AZ,CHC,CHC,AZ,0.5500478203394252,False,loss,0.4956702459300312,0.5043297540699688,0.0,,,,
2026-08-25,823826,MIA,BOS,BOS,MIA,0.5927504216252031,True,win,0.3979884614198006,0.6020115385801994,0.0,,,,
2026-08-25,823989,LAA,CLE,CLE,LAA,0.502997127138709,False,win,0.4283723570801864,0.5716276429198136,0.0,,,,
2026-08-25,824233,DET,TB,DET,TB,0.5034130777287046,False,win,0.4545454545454545,0.4545454545454545,0.0,,,,
2026-08-25,824556,CWS,TEX,CWS,TEX,0.5648045098678379,False,win,0.4723582925122463,0.4723582925122463,8.092286135421432,home,CWS,108.0,8.739669026255147
2026-08-25,824881,ATL,LAD,LAD,ATL,0.6699285926952668,True,loss,0.4059301094246382,0.5940698905753619,8.245966975951255,away,LAD,-153.0,-8.245966975951255
2026-08-25,824962,ATH,MIN,MIN,ATH,0.5094979755068966,False,loss,0.4157903251900987,0.5842096748099013,4.929025243620689,home,ATH,130.0,6.407732816706896
2026-08-24,823828,MIA,BOS,BOS,MIA,0.560354598933912,False,win,0.4465678627145086,0.5534321372854913,0.0,,,,
2026-08-24,822695,WSH,COL,WSH,COL,0.5608485359890797,False,win,0.6371256260860677,0.6371256260860677,5.558493200865324,away,COL,171.0,-5.558493200865324
2026-08-24,823097,SEA,PHI,PHI,SEA,0.5912581717979724,True,loss,0.4794993526111351,0.5205006473888649,0.0,,,,
2026-08-24,823183,SF,CIN,CIN,SF,0.5207291890896968,False,loss,0.4086853434828726,0.5913146565171274,4.533346922765281,home,SF,134.0,6.074684876505477
2026-08-24,823260,SD,PIT,SD,PIT,0.5359178445980062,False,loss,0.5021645958699511,0.5021645958699511,0.0,,,,
2026-08-24,823992,LAA,CLE,LAA,CLE,0.5209221092476237,False,loss,0.4002867726132154,0.4002867726132154,8.813087809418008,home,LAA,139.0,-8.813087809418008
2026-08-24,824235,DET,TB,TB,DET,0.503307207373209,False,win,0.4324896439716052,0.5675103560283947,5.019395246567544,home,DET,127.0,-5.019395246567544
2026-08-24,824557,CWS,TEX,CWS,TEX,0.6231702311502483,True,loss,0.5534321372854915,0.5534321372854915,6.852991466703428,home,CWS,-129.0,-6.852991466703428
2026-08-24,824964,ATH,MIN,MIN,ATH,0.5221961527810198,False,win,0.4108723135271808,0.5891276864728192,0.0,,,,
2026-08-24,825041,AZ,CHC,CHC,AZ,0.508183720543073,False,win,0.4362128146453089,0.5637871853546911,0.0,,,,
2026-08-23,823909,LAD,PIT,LAD,PIT,0.5766769482658263,False,win,0.7236195601310249,0.7236195601310249,0.0,,,,
2026-08-23,822856,TEX,LAA,LAA,TEX,0.6273793712610414,True,loss,0.5956830409729075,0.4043169590270925,0.0,,,,
2026-08-23,823099,SEA,CHC,CHC,SEA,0.5830299068085092,True,win,0.4940634498480243,0.5059365501519757,0.0,,,,
2026-08-23,823258,SD,MIN,SD,MIN,0.6118902654419445,True,win,0.5656654888103652,0.5656654888103652,0.0,,,,
2026-08-23,823421,PHI,STL,PHI,STL,0.5273138662471237,False,win,0.6732531412020574,0.6732531412020574,0.0,,,,
2026-08-23,823507,NYY,TOR,NYY,TOR,0.5407354625021465,False,win,0.5630252100840336,0.5630252100840336,0.0,,,,
2026-08-23,823745,MIL,ATL,MIL,ATL,0.5627914015881551,False,loss,0.5413598782444161,0.5413598782444161,0.0,,,,
2026-08-23,823827,MIA,WSH,MIA,WSH,0.528922189687431,False,win,0.6020115385801993,0.6020115385801993,0.0,,,,
2026-08-23,824071,KC,DET,KC,DET,0.5027863750820861,False,win,0.4952856873467848,0.4952856873467848,0.0,,,,
2026-08-23,824150,HOU,ATH,HOU,ATH,0.5018201252945556,False,loss,0.6264616717193591,0.6264616717193591,0.0,,,,
2026-08-23,824315,COL,CLE,CLE,COL,0.5567835460876573,False,win,0.4027163613392294,0.5972836386607706,0.0,,,,
2026-08-23,824558,CWS,NYM,CWS,NYM,0.5816454041214545,True,win,0.4893196574762397,0.4893196574762397,0.0,,,,
2026-08-23,824720,BOS,SF,BOS,SF,0.5461215325203577,False,win,0.6732531412020574,0.6732531412020574,0.0,,,,
2026-08-23,824799,BAL,TB,BAL,TB,0.5438250263469935,False,loss,0.4893196574762397,0.4893196574762397,0.0,,,,
2026-08-23,825043,AZ,CIN,AZ,CIN,0.5636645309002812,False,win,0.5506107338704889,0.5506107338704889,0.0,,,,
2026-08-22,823910,LAD,PIT,LAD,PIT,0.5601629151307636,False,win,0.701887759460152,0.701887759460152,0.0,,,,
2026-08-22,822858,TEX,LAA,LAA,TEX,0.5722342307199579,False,win,0.6126297324952492,0.3873702675047508,0.0,,,,
2026-08-22,823100,SEA,CHC,CHC,SEA,0.5770091963550101,False,loss,0.5232153996969967,0.4767846003030033,0.0,,,,
2026-08-22,823261,SD,MIN,SD,MIN,0.5830240897142425,True,win,0.592910765420633,0.592910765420633,0.0,,,,
2026-08-22,823422,PHI,STL,PHI,STL,0.5004669016055104,False,win,0.5454545454545454,0.5454545454545454,0.0,,,,
2026-08-22,823509,NYY,TOR,TOR,NYY,0.5507577327370977,False,win,0.4964387464387464,0.5035612535612536,0.0,,,,
2026-08-22,823743,MIL,ATL,MIL,ATL,0.5662772901235207,False,win,0.6116931643343835,0.6116931643343835,0.0,,,,
2026-08-22,823831,MIA,WSH,MIA,WSH,0.564693846785294,False,win,0.6259775586535192,0.6259775586535192,0.0,,,,
2026-08-22,824798,BAL,TB,TB,BAL,0.5278188735503446,False,loss,0.4554326610279765,0.5445673389720235,0.0,,,,
2026-08-22,824073,KC,DET,DET,KC,0.531137316446742,False,loss,0.5,0.5,0.0,,,,
2026-08-22,824151,HOU,ATH,HOU,ATH,0.5271569319140929,False,loss,0.6898004537247094,0.6898004537247094,0.0,,,,
2026-08-22,824316,COL,CLE,CLE,COL,0.5425895278476421,False,win,0.4308089440820455,0.5691910559179545,0.0,,,,
2026-08-22,824560,CWS,NYM,NYM,CWS,0.514859113515918,False,win,0.5106803425237603,0.48931965747623973,0.0,,,,
2026-08-22,824718,BOS,SF,BOS,SF,0.5538005278375494,False,win,0.6597878150320068,0.6597878150320068,0.0,,,,
2026-08-22,825044,AZ,CIN,AZ,CIN,0.5962457388939624,True,loss,0.6159575776626715,0.6159575776626715,0.0,,,,
2026-08-21,823911,LAD,PIT,LAD,PIT,0.527319057602412,False,win,,,0.0,,,,
2026-08-21,822857,TEX,LAA,LAA,TEX,0.5705774893395568,False,loss,,,0.0,,,,
2026-08-21,823101,SEA,CHC,CHC,SEA,0.592591656602319,True,loss,,,0.0,,,,
2026-08-21,823262,SD,MIN,SD,MIN,0.5996333260760104,True,win,,,0.0,,,,
2026-08-21,823420,PHI,STL,PHI,STL,0.5317156763989122,False,win,,,0.0,,,,
2026-08-21,823510,NYY,TOR,NYY,TOR,0.5337029133504578,False,win,,,0.0,,,,
2026-08-21,823746,MIL,ATL,MIL,ATL,0.5892774377619486,True,win,,,0.0,,,,
2026-08-21,823830,MIA,WSH,WSH,MIA,0.5611042991630707,False,loss,,,0.0,,,,
2026-08-21,824152,HOU,ATH,ATH,HOU,0.5070504148640337,False,loss,,,0.0,,,,
2026-08-21,824072,KC,DET,DET,KC,0.5322299593578143,False,loss,,,0.0,,,,
2026-08-21,824721,BOS,SF,BOS,SF,0.5922868708732262,True,win,,,0.0,,,,
2026-08-21,825045,AZ,CIN,AZ,CIN,0.573796735087077,False,win,,,0.0,,,,
2026-08-21,824800,BAL,TB,BAL,TB,0.5249371314110594,False,win,,,0.0,,,,
2026-08-21,824559,CWS,NYM,CWS,NYM,0.5504790345571994,False,win,,,0.0,,,,
2026-08-21,824317,COL,CLE,CLE,COL,0.5316337310636081,False,win,,,0.0,,,,
2026-08-20,822934,TB,TOR,TB,TOR,0.5291754720747202,False,loss,0.6066314996232103,0.6066314996232103,0.0,,,,
2026-08-20,824802,BAL,NYY,BAL,NYY,0.5183961097913578,False,loss,0.4858861638130495,0.4858861638130495,0.0,,,,
2026-08-20,824589,CWS,ATL,CWS,ATL,0.5513316758039336,False,loss,0.4893196574762397,0.4893196574762397,0.0,,,,
2026-08-20,824474,CIN,STL,STL,CIN,0.5704243946569476,False,win,0.4846526655896607,0.5153473344103393,0.0,,,,
2026-08-20,824395,CLE,SF,CLE,SF,0.5427988719759704,False,win,0.6620502286130807,0.6620502286130807,0.0,,,,
2026-08-20,824153,HOU,LAA,HOU,LAA,0.5690153210605062,False,loss,0.6345161875631821,0.6345161875631821,0.0,,,,
2026-08-20,824074,KC,ATH,KC,ATH,0.5058369081796973,False,win,0.5445673389720234,0.5445673389720234,0.0,,,,
2026-08-20,823747,MIL,SEA,MIL,SEA,0.6289851627249549,True,win,0.5667498898516669,0.5667498898516669,0.0,,,,
2026-08-20,822861,TEX,WSH,WSH,TEX,0.617428442897406,True,loss,0.6331975772765247,0.3668024227234753,0.0,,,,
2026-08-19,823342,PIT,DET,PIT,DET,0.5005760874074173,False,win,0.5956830409729075,0.5956830409729075,0.0,,,,
2026-08-19,823587,NYM,SD,SD,NYM,0.557464111472866,False,loss,0.4343345111896348,0.5656654888103652,0.0,,,,
2026-08-19,823424,PHI,MIA,MIA,PHI,0.5452434110175,False,loss,0.5747384023574668,0.42526159764253324,0.0,,,,
2026-08-19,824476,CIN,STL,STL,CIN,0.5326757069570108,False,loss,0.5630252100840336,0.4369747899159664,0.0,,,,
2026-08-19,822937,TB,TOR,TB,TOR,0.5758576802454883,False,win,0.6476120605674287,0.6476120605674287,0.0,,,,
2026-08-19,822860,TEX,WSH,WSH,TEX,0.5956176422022648,True,win,0.5276417074877537,0.47235829251224626,0.0,,,,
2026-08-19,823748,MIL,SEA,MIL,SEA,0.6064915108125647,True,loss,0.5276417074877537,0.5276417074877537,0.0,,,,
2026-08-19,823664,MIN,ATL,ATL,MIN,0.5591125331567978,False,loss,0.4905660377358491,0.5094339622641508,0.0,,,,
2026-08-19,824801,BAL,NYY,BAL,NYY,0.5773777883278212,False,loss,0.4964387464387464,0.4964387464387464,0.0,,,,
2026-08-19,824076,KC,ATH,KC,ATH,0.5002471378039769,False,win,0.6345161875631821,0.6345161875631821,0.0,,,,
2026-08-19,824155,HOU,LAA,LAA,HOU,0.505985706304853,False,loss,0.5851458707737786,0.41485412922622145,0.0,,,,
2026-08-19,824318,COL,LAD,LAD,COL,0.5462455983844393,False,win,0.3523879394325712,0.6476120605674288,0.0,,,,
2026-08-19,824394,CLE,SF,CLE,SF,0.5540162941240802,False,loss,0.6787284409874873,0.6787284409874873,0.0,,,,
2026-08-19,824640,CHC,CWS,CWS,CHC,0.529288206091808,False,win,0.5817328211694409,0.4182671788305591,0.0,,,,
2026-08-19,824722,BOS,AZ,BOS,AZ,0.5384693074393743,False,loss,0.6035633380273067,0.6035633380273067,0.0,,,,
2026-08-18,823586,NYM,SD,SD,NYM,0.526666227302467,False,win,0.4723582925122463,0.5276417074877537,0.0,,,,
2026-08-18,823423,PHI,MIA,PHI,MIA,0.5310987402918809,False,win,0.666827360865606,0.666827360865606,0.0,,,,
2026-08-18,823341,PIT,DET,DET,PIT,0.5710240989986515,False,loss,0.5940698905753617,0.40593010942463825,0.0,,,,
2026-08-18,824475,CIN,STL,STL,CIN,0.5507351829997957,False,win,0.4745613066990398,0.5254386933009603,0.0,,,,
2026-08-18,822938,TB,TOR,TOR,TB,0.5125012100865971,False,win,0.5534321372854915,0.44656786271450855,0.0,,,,
2026-08-18,822859,TEX,WSH,WSH,TEX,0.5956280862249999,True,loss,0.5667498898516669,0.43325011014833315,0.0,,,,
2026-08-18,823749,MIL,SEA,MIL,SEA,0.5853007172553691,True,win,0.6116931643343835,0.6116931643343835,0.0,,,,
2026-08-18,823667,MIN,ATL,ATL,MIN,0.5874068871475984,True,loss,0.4148541292262215,0.5851458707737784,0.0,,,,
2026-08-18,824639,CHC,CWS,CWS,CHC,0.519484731903336,False,loss,0.6189669771380187,0.38103302286198126,0.0,,,,
2026-08-18,824075,KC,ATH,KC,ATH,0.543693540039326,False,win,0.5956830409729075,0.5956830409729075,0.0,,,,
2026-08-18,824319,COL,LAD,LAD,COL,0.5332296517597055,False,win,0.3523879394325712,0.6476120605674288,0.0,,,,
2026-08-18,824398,CLE,SF,CLE,SF,0.529460966027892,False,win,0.6463863592327068,0.6463863592327068,0.0,,,,
2026-08-18,824154,HOU,LAA,LAA,HOU,0.5016440337767292,False,win,0.6096532890049869,0.39034671099501306,0.0,,,,
2026-08-18,824723,BOS,AZ,BOS,AZ,0.558876093532294,False,win,0.6035633380273067,0.6035633380273067,0.0,,,,
2026-08-18,824803,BAL,NYY,NYY,BAL,0.5694856576898231,False,win,0.4940634498480243,0.5059365501519757,0.0,,,,
2026-08-17,823668,MIN,ATL,ATL,MIN,0.6310429673630595,True,loss,0.442681,0.557319,0.0,,,,
2026-08-17,822939,TB,BAL,TB,BAL,0.5798585442863379,False,win,0.606631,0.606631,0.0,,,,
2026-08-17,823343,PIT,DET,DET,PIT,0.5754693587142389,False,win,0.497643,0.5023569999999999,0.0,,,,
2026-08-17,823427,PHI,MIA,PHI,MIA,0.5653396175362301,False,win,0.703863,0.703863,0.0,,,,
2026-08-17,823589,NYM,SD,NYM,SD,0.50051957099997,False,win,0.531988,0.531988,0.0,,,,
2026-08-17,824077,KC,ATH,KC,ATH,0.5385173873436163,False,win,0.633198,0.633198,0.0,,,,
2026-08-17,824320,COL,LAD,LAD,COL,0.636879487500711,True,win,0.27322,0.72678,0.0,,,,
2026-08-17,824478,CIN,STL,STL,CIN,0.574594458421088,False,loss,,,0.0,,,,
2026-08-17,824514,CIN,STL,STL,CIN,0.5538935817613935,False,win,,,0.0,,,,
2026-08-17,824641,CHC,CWS,CWS,CHC,0.5107820887614167,False,loss,0.598267,0.401733,0.0,,,,
2026-08-17,824725,BOS,AZ,BOS,AZ,0.5181515668419796,False,win,0.563025,0.563025,0.0,,,,
2026-08-16,823991,LAA,KC,KC,LAA,0.5270782730958592,False,win,0.47017528654692,0.52982471345308,0.0,,,,
2026-08-16,822774,TOR,NYY,TOR,NYY,0.5505778309644398,False,loss,0.5319879776728209,0.5319879776728209,0.0,,,,
2026-08-16,822940,TB,BAL,BAL,TB,0.5260281321257083,False,win,0.5656654888103652,0.43433451118963484,0.0,,,,
2026-08-16,823182,SF,COL,SF,COL,0.5140207116589122,False,loss,0.5445673389720234,0.5445673389720234,0.0,,,,
2026-08-16,823344,PIT,BOS,BOS,PIT,0.535889096842669,False,loss,0.4964387464387464,0.5035612535612536,0.0,,,,
2026-08-16,823590,NYM,WSH,NYM,WSH,0.5002463351287977,False,win,0.6041412911084043,0.6041412911084043,0.0,,,,
2026-08-16,823670,MIN,PHI,PHI,MIN,0.5440865473956067,False,win,0.4893196574762397,0.5106803425237603,0.0,,,,
2026-08-16,823912,LAD,MIL,LAD,MIL,0.507395455906875,False,loss,0.6345161875631821,0.6345161875631821,0.0,,,,
2026-08-16,824642,CHC,STL,CHC,STL,0.5990340527750787,True,loss,0.6264616717193591,0.6264616717193591,0.0,,,,
2026-08-16,824156,HOU,SEA,HOU,SEA,0.6104281658557086,True,loss,0.5341317620030207,0.5341317620030207,0.0,,,,
2026-08-16,824236,DET,CWS,CWS,DET,0.5007634177010227,False,win,0.5209715506578209,0.47902844934217914,0.0,,,,
2026-08-16,824397,CLE,SD,SD,CLE,0.5199934054897958,False,win,0.4976431769974074,0.5023568230025925,0.0,,,,
2026-08-16,824477,CIN,MIA,MIA,CIN,0.5925929292200789,True,win,0.468012022327179,0.531987977672821,0.0,,,,
2026-08-16,824880,ATL,AZ,AZ,ATL,0.5366348209467886,False,loss,0.536256323777403,0.46374367622259705,0.0,,,,
2026-08-16,824965,ATH,TEX,TEX,ATH,0.5146905751423507,False,loss,0.468012022327179,0.531987977672821,0.0,,,,
2026-08-15,823990,LAA,KC,LAA,KC,0.523061218237057,False,win,,,0.0,,,,
2026-08-15,822941,TB,BAL,TB,BAL,0.5365843515688297,False,loss,,,0.0,,,,
2026-08-15,823184,SF,COL,SF,COL,0.5835988497381693,True,win,,,0.0,,,,
2026-08-15,822775,TOR,NYY,TOR,NYY,0.507759800812389,False,win,,,0.0,,,,
2026-08-15,823347,PIT,BOS,BOS,PIT,0.6079767343552134,True,win,,,0.0,,,,
2026-08-15,823588,NYM,WSH,WSH,NYM,0.5499121781036775,False,loss,,,0.0,,,,
2026-08-15,823671,MIN,PHI,PHI,MIN,0.5689171200522756,False,win,,,0.0,,,,
2026-08-15,823914,LAD,MIL,MIL,LAD,0.6164285863635088,True,win,,,0.0,,,,
2026-08-15,824644,CHC,STL,CHC,STL,0.5639581862034672,False,loss,,,0.0,,,,
2026-08-15,824157,HOU,SEA,HOU,SEA,0.6091893303915435,True,loss,,,0.0,,,,
2026-08-15,824400,CLE,SD,SD,CLE,0.5937076316834828,True,loss,,,0.0,,,,
2026-08-15,824480,CIN,MIA,CIN,MIA,0.5276982101152402,False,loss,,,0.0,,,,
2026-08-15,824884,ATL,AZ,ATL,AZ,0.5207774299142043,False,loss,,,0.0,,,,
2026-08-15,824966,ATH,TEX,TEX,ATH,0.5072446052774586,False,win,,,0.0,,,,
2026-08-15,824239,DET,CWS,DET,CWS,0.5928162432044518,True,loss,,,0.0,,,,
2026-08-14,824159,HOU,SEA,HOU,SEA,0.6373196490968901,True,win,,,0.0,,,,
2026-08-14,822777,TOR,NYY,NYY,TOR,0.5265042650975862,False,loss,,,0.0,,,,
2026-08-14,822942,TB,BAL,TB,BAL,0.575719266248823,False,loss,,,0.0,,,,
2026-08-14,823185,SF,COL,SF,COL,0.5379675415659183,False,loss,,,0.0,,,,
2026-08-14,823346,PIT,BOS,BOS,PIT,0.587580336233551,True,loss,,,0.0,,,,
2026-08-14,823591,NYM,WSH,WSH,NYM,0.58396834963122,True,loss,,,0.0,,,,
2026-08-14,823913,LAD,MIL,LAD,MIL,0.5362536901104324,False,win,,,0.0,,,,
2026-08-14,823993,LAA,KC,KC,LAA,0.5108774334243202,False,win,,,0.0,,,,
2026-08-14,824237,DET,CWS,DET,CWS,0.6081747867910572,True,loss,,,0.0,,,,
2026-08-14,824399,CLE,SD,SD,CLE,0.5147416261549285,False,win,,,0.0,,,,
2026-08-14,824479,CIN,MIA,CIN,MIA,0.5038561139827384,False,win,,,0.0,,,,
2026-08-14,824643,CHC,STL,CHC,STL,0.5024844914101306,False,win,,,0.0,,,,
2026-08-14,824882,ATL,AZ,ATL,AZ,0.5058169197906482,False,loss,,,0.0,,,,
2026-08-14,824968,ATH,TEX,TEX,ATH,0.5028618376490361,False,loss,,,0.0,,,,
2026-08-13,822696,WSH,CHC,CHC,WSH,0.5298807574936738,False,loss,,,0.0,,,,
2026-08-13,824561,CWS,CIN,CIN,CWS,0.54548686167442,False,win,,,0.0,,,,
2026-08-13,824238,DET,CLE,DET,CLE,0.5515253023718086,False,win,,,0.0,,,,
2026-08-13,823995,LAA,TEX,LAA,TEX,0.51031930711636,False,win,,,0.0,,,,
2026-08-13,823915,LAD,MIL,MIL,LAD,0.5069293443867331,False,win,,,0.0,,,,
2026-08-13,823829,MIA,PIT,MIA,PIT,0.5396158150898646,False,loss,,,0.0,,,,
2026-08-13,823669,MIN,PHI,MIN,PHI,0.52360572847309,False,loss,,,0.0,,,,
2026-08-13,823508,NYY,SEA,NYY,SEA,0.6229652501953271,True,loss,,,0.0,,,,
2026-08-13,822776,TOR,BOS,BOS,TOR,0.5681356348461823,False,win,,,0.0,,,,
2026-08-12,824967,ATH,TB,TB,ATH,0.6658282797345794,True,win,,,0.0,,,,
2026-08-12,825047,AZ,COL,AZ,COL,0.560787461166591,False,loss,,,0.0,,,,
2026-08-12,824883,ATL,NYM,ATL,NYM,0.5243084383993517,False,win,,,0.0,,,,
2026-08-12,824562,CWS,CIN,CIN,CWS,0.5451616175690814,False,loss,,,0.0,,,,
2026-08-12,823511,NYY,SEA,NYY,SEA,0.5188494438926253,False,win,,,0.0,,,,
2026-08-12,822698,WSH,CHC,CHC,WSH,0.5208869366502913,False,win,,,0.0,,,,
2026-08-12,822779,TOR,BOS,BOS,TOR,0.5619222922758853,False,loss,,,0.0,,,,
2026-08-12,823187,SF,HOU,HOU,SF,0.5150533915087645,False,win,,,0.0,,,,
2026-08-12,823263,SD,MIL,MIL,SD,0.511951900850019,False,loss,,,0.0,,,,
2026-08-12,823017,STL,PHI,PHI,STL,0.5392264542313265,False,loss,,,0.0,,,,
2026-08-12,823672,MIN,BAL,BAL,MIN,0.5208325756900407,False,loss,,,0.0,,,,
2026-08-12,823833,MIA,PIT,MIA,PIT,0.5095094350574157,False,win,,,0.0,,,,
2026-08-12,823916,LAD,KC,KC,LAD,0.5129863841584703,False,loss,,,0.0,,,,
2026-08-12,823994,LAA,TEX,TEX,LAA,0.5537723199737961,False,loss,,,0.0,,,,
2026-08-12,824241,DET,CLE,DET,CLE,0.5765954669666401,False,loss,,,0.0,,,,
2026-08-11,823832,MIA,PIT,MIA,PIT,0.5368072723753096,False,win,,,0.0,,,,
2026-08-11,822697,WSH,CHC,CHC,WSH,0.5142590379007743,False,win,,,0.0,,,,
2026-08-11,822778,TOR,BOS,TOR,BOS,0.5236865829058986,False,win,,,0.0,,,,
2026-08-11,823019,STL,PHI,PHI,STL,0.5215135316367795,False,loss,,,0.0,,,,
2026-08-11,823186,SF,HOU,HOU,SF,0.585713154754314,True,loss,,,0.0,,,,
2026-08-11,823264,SD,MIL,MIL,SD,0.5845368326963207,True,loss,,,0.0,,,,
2026-08-11,823512,NYY,SEA,NYY,SEA,0.5417924591396708,False,win,,,0.0,,,,
2026-08-11,823673,MIN,BAL,MIN,BAL,0.5000309931705043,False,loss,,,0.0,,,,
2026-08-11,824563,CWS,CIN,CWS,CIN,0.5003162927965208,False,loss,,,0.0,,,,
2026-08-11,823917,LAD,KC,LAD,KC,0.608726209724772,True,win,,,0.0,,,,
2026-08-11,823997,LAA,TEX,TEX,LAA,0.5768529104204112,False,loss,,,0.0,,,,
2026-08-11,824240,DET,CLE,DET,CLE,0.562936617088758,False,win,,,0.0,,,,
2026-08-11,824886,ATL,NYM,ATL,NYM,0.5680396487668307,False,win,,,0.0,,,,
2026-08-11,824970,ATH,TB,TB,ATH,0.5819971492575423,True,win,,,0.0,,,,
2026-08-11,825046,AZ,COL,AZ,COL,0.5668365130941164,False,loss,,,0.0,,,,
2026-08-10,823918,LAD,KC,LAD,KC,0.5233355858273121,False,win,,,0.0,,,,
2026-08-10,823018,STL,PHI,PHI,STL,0.5592862305004123,False,win,,,0.0,,,,
2026-08-10,823189,SF,HOU,HOU,SF,0.5295833102146473,False,win,,,0.0,,,,
2026-08-10,823265,SD,MIL,MIL,SD,0.5338898758862088,False,loss,,,0.0,,,,
2026-08-10,823675,MIN,BAL,BAL,MIN,0.5081665781709295,False,loss,,,0.0,,,,
2026-08-10,822780,TOR,BOS,BOS,TOR,0.6252623715798777,True,loss,,,0.0,,,,
2026-08-10,823998,LAA,TEX,TEX,LAA,0.5390503187419107,False,win,,,0.0,,,,
2026-08-10,824969,ATH,TB,TB,ATH,0.5369180462437528,False,win,,,0.0,,,,
2026-08-10,825048,AZ,COL,AZ,COL,0.6002520101868698,True,win,,,0.0,,,,
2026-08-10,824887,ATL,NYM,ATL,NYM,0.5535294701661758,False,loss,,,0.0,,,,
2026-08-09,823425,PHI,TOR,PHI,TOR,0.5925516824339802,True,win,,,0.0,,,,
2026-08-09,822700,WSH,CIN,WSH,CIN,0.5741499941587555,False,win,,,0.0,,,,
2026-08-09,822862,TEX,BAL,BAL,TEX,0.5020691986673465,False,win,,,0.0,,,,
2026-08-09,823020,STL,COL,COL,STL,0.5059265300667077,False,loss,,,0.0,,,,
2026-08-09,823104,SEA,TB,TB,SEA,0.5701533922294665,False,win,,,0.0,,,,
2026-08-09,823190,SF,DET,DET,SF,0.5801948611163095,True,win,,,0.0,,,,
2026-08-09,823268,SD,HOU,HOU,SD,0.5013595018307813,False,loss,,,0.0,,,,
2026-08-09,823345,PIT,NYM,PIT,NYM,0.500668043188534,False,loss,,,0.0,,,,
2026-08-09,823513,NYY,ATL,ATL,NYY,0.5244206328437222,False,win,,,0.0,,,,
2026-08-09,823751,MIL,MIN,MIL,MIN,0.5930434824407326,True,win,,,0.0,,,,
2026-08-09,823835,MIA,LAA,MIA,LAA,0.5490755519172167,False,win,,,0.0,,,,
2026-08-09,824078,KC,CHC,CHC,KC,0.5294095987671265,False,win,,,0.0,,,,
2026-08-09,824564,CWS,CLE,CLE,CWS,0.5142362402937617,False,loss,,,0.0,,,,
2026-08-09,824724,BOS,ATH,BOS,ATH,0.6438638196565543,True,loss,,,0.0,,,,
2026-08-09,825050,AZ,LAD,AZ,LAD,0.5434240188413864,False,win,,,0.0,,,,
2026-08-08,823426,PHI,TOR,PHI,TOR,0.5140319481974993,False,loss,,,0.0,,,,
2026-08-08,822864,TEX,BAL,BAL,TEX,0.5156437465504136,False,loss,,,0.0,,,,
2026-08-08,822701,WSH,CIN,CIN,WSH,0.5457023824929468,False,loss,,,0.0,,,,
2026-08-08,823021,STL,COL,COL,STL,0.5136464984364979,False,win,,,0.0,,,,
2026-08-08,823102,SEA,TB,TB,SEA,0.5836046647089386,True,win,,,0.0,,,,
2026-08-08,823188,SF,DET,DET,SF,0.5344780640193173,False,win,,,0.0,,,,
2026-08-08,823267,SD,HOU,HOU,SD,0.5394513546472681,False,loss,,,0.0,,,,
2026-08-08,823348,PIT,NYM,NYM,PIT,0.5527063852858738,False,loss,,,0.0,,,,
2026-08-08,824726,BOS,ATH,BOS,ATH,0.6778004000586367,True,loss,,,0.0,,,,
2026-08-08,823514,NYY,ATL,ATL,NYY,0.5883342203996378,True,loss,,,0.0,,,,
2026-08-08,823752,MIL,MIN,MIL,MIN,0.5023789470825266,False,win,,,0.0,,,,
2026-08-08,823834,MIA,LAA,LAA,MIA,0.5229511152956234,False,loss,,,0.0,,,,
2026-08-08,824079,KC,CHC,CHC,KC,0.6576875237232177,True,loss,,,0.0,,,,
2026-08-08,824565,CWS,CLE,CLE,CWS,0.5468124781853748,False,loss,,,0.0,,,,
2026-08-08,825049,AZ,LAD,LAD,AZ,0.5154635460180074,False,win,,,0.0,,,,
2026-08-07,823428,PHI,TOR,PHI,TOR,0.5072407823912273,False,loss,,,0.0,,,,
2026-08-07,822699,WSH,CIN,CIN,WSH,0.5101397170567332,False,loss,,,0.0,,,,
2026-08-07,822863,TEX,BAL,BAL,TEX,0.5322624107470338,False,loss,,,0.0,,,,
2026-08-07,823024,STL,COL,STL,COL,0.5267459042913571,False,win,,,0.0,,,,
2026-08-07,823103,SEA,TB,TB,SEA,0.5481834043537281,False,win,,,0.0,,,,
2026-08-07,823191,SF,DET,DET,SF,0.560452542168155,False,loss,,,0.0,,,,
2026-08-07,823266,SD,HOU,HOU,SD,0.5000942225068916,False,win,,,0.0,,,,
2026-08-07,823349,PIT,NYM,NYM,PIT,0.5365039163459269,False,win,,,0.0,,,,
2026-08-07,823515,NYY,ATL,ATL,NYY,0.518858833592877,False,loss,,,0.0,,,,
2026-08-07,823750,MIL,MIN,MIL,MIN,0.5607749779418547,False,loss,,,0.0,,,,
2026-08-07,823836,MIA,LAA,LAA,MIA,0.5443422511248017,False,win,,,0.0,,,,
2026-08-07,824081,KC,CHC,CHC,KC,0.5485937741980271,False,win,,,0.0,,,,
2026-08-07,824566,CWS,CLE,CLE,CWS,0.5044984958052203,False,win,,,0.0,,,,
2026-08-07,824727,BOS,ATH,BOS,ATH,0.6692395621129203,True,win,,,0.0,,,,
2026-08-07,825051,AZ,LAD,LAD,AZ,0.5123416098936834,False,loss,,,0.0,,,,
2026-08-06,824481,CIN,ATH,CIN,ATH,0.6122022761751813,True,win,,,0.0,,,,
2026-08-06,823430,PHI,WSH,PHI,WSH,0.5961639691968614,True,win,,,0.0,,,,
2026-08-06,823754,MIL,PIT,MIL,PIT,0.5714836731831012,False,win,,,0.0,,,,
2026-08-06,824080,KC,MIN,MIN,KC,0.5043793717674366,False,win,,,0.0,,,,
2026-08-06,824401,CLE,NYM,NYM,CLE,0.5489009893204831,False,win,,,0.0,,,,
2026-08-06,823105,SEA,DET,DET,SEA,0.5676594320349501,False,win,,,0.0,,,,
2026-08-06,824664,CHC,TOR,TOR,CHC,0.5081862555007379,False,loss,,,0.0,,,,
2026-08-06,824804,BAL,LAA,BAL,LAA,0.5959317386761009,True,loss,,,0.0,,,,
2026-08-06,824885,ATL,MIA,ATL,MIA,0.5795260592332622,False,win,,,0.0,,,,
2026-08-06,825053,AZ,SD,SD,AZ,0.5260608370781772,False,win,,,0.0,,,,
2026-08-06,824729,BOS,CWS,BOS,CWS,0.6170218362721006,True,win,,,0.0,,,,
2026-08-05,824322,COL,TB,TB,COL,0.5192226940443876,False,win,,,0.0,,,,
2026-08-05,822866,TEX,SF,SF,TEX,0.5226798652807347,False,loss,,,0.0,,,,
2026-08-05,823106,SEA,DET,DET,SEA,0.6101877834076228,True,loss,,,0.0,,,,
2026-08-05,823429,PHI,WSH,PHI,WSH,0.5158203978618289,False,loss,,,0.0,,,,
2026-08-05,823516,NYY,STL,STL,NYY,0.5421607220656066,False,win,,,0.0,,,,
2026-08-05,823753,MIL,PIT,MIL,PIT,0.5799435246374625,False,win,,,0.0,,,,
2026-08-05,824082,KC,MIN,KC,MIN,0.5406189328198298,False,win,,,0.0,,,,
2026-08-05,824158,HOU,TOR,HOU,TOR,0.6558232107546829,True,loss,,,0.0,,,,
2026-08-05,824482,CIN,ATH,CIN,ATH,0.5710953203417304,False,win,,,0.0,,,,
2026-08-05,824402,CLE,NYM,NYM,CLE,0.5383682058478216,False,win,,,0.0,,,,
2026-08-05,824646,CHC,LAD,CHC,LAD,0.5128798336461207,False,win,,,0.0,,,,
2026-08-05,824728,BOS,CWS,CWS,BOS,0.5125332150413886,False,loss,,,0.0,,,,
2026-08-05,824889,ATL,MIA,MIA,ATL,0.5150399266553466,False,loss,,,0.0,,,,
2026-08-05,825052,AZ,SD,SD,AZ,0.5670934702413722,False,loss,,,0.0,,,,
2026-08-05,824806,BAL,LAA,BAL,LAA,0.5295901753356311,False,win,,,0.0,,,,
2026-08-04,823756,MIL,PIT,MIL,PIT,0.5218775509000918,False,win,,,0.0,,,,
2026-08-04,823432,PHI,WSH,PHI,WSH,0.5308830822959972,False,win,,,0.0,,,,
2026-08-04,823517,NYY,STL,NYY,STL,0.5335271600375388,False,win,,,0.0,,,,
2026-08-04,824731,BOS,CWS,BOS,CWS,0.5048331504984689,False,win,,,0.0,,,,
2026-08-04,823108,SEA,DET,DET,SEA,0.5509994330299843,False,win,,,0.0,,,,
2026-08-04,822865,TEX,SF,SF,TEX,0.63940354645584,True,loss,,,0.0,,,,
2026-08-04,824161,HOU,TOR,HOU,TOR,0.5060708356484516,False,win,,,0.0,,,,
2026-08-04,824084,KC,MIN,KC,MIN,0.5046381689629557,False,win,,,0.0,,,,
2026-08-04,824805,BAL,LAA,BAL,LAA,0.5992500449595831,True,win,,,0.0,,,,
2026-08-04,824321,COL,TB,COL,TB,0.5456802608725222,False,loss,,,0.0,,,,
2026-08-04,824484,CIN,ATH,CIN,ATH,0.5448736578872713,False,win,,,0.0,,,,
2026-08-04,824645,CHC,LAD,LAD,CHC,0.5235278082304136,False,loss,,,0.0,,,,
2026-08-04,824403,CLE,NYM,NYM,CLE,0.5267292453672221,False,win,,,0.0,,,,
2026-08-04,824888,ATL,MIA,ATL,MIA,0.5307853627428849,False,win,,,0.0,,,,
2026-08-04,825054,AZ,SD,AZ,SD,0.5050951424596146,False,loss,,,0.0,,,,
2026-08-03,823757,MIL,PIT,MIL,PIT,0.5302613786504636,False,loss,,,0.0,,,,
2026-08-03,822867,TEX,SF,SF,TEX,0.5566159040526253,False,win,,,0.0,,,,
2026-08-03,823431,PHI,WSH,WSH,PHI,0.5474759948347308,False,loss,,,0.0,,,,
2026-08-03,823520,NYY,STL,NYY,STL,0.620594938704529,True,loss,,,0.0,,,,
2026-08-03,824160,HOU,TOR,HOU,TOR,0.5577671664244273,False,loss,,,0.0,,,,
2026-08-03,824324,COL,TB,TB,COL,0.6015500203735613,True,win,,,0.0,,,,
2026-08-03,824647,CHC,LAD,CHC,LAD,0.5277377086886631,False,win,,,0.0,,,,
2026-08-03,825095,AZ,SD,SD,AZ,0.518450252993228,False,loss,,,0.0,,,,
2026-08-02,824163,HOU,TEX,HOU,TEX,0.5646975622907926,False,win,,,0.0,,,,
2026-08-02,822943,TB,CWS,TB,CWS,0.5123513461593758,False,loss,,,0.0,,,,
2026-08-02,823107,SEA,MIN,MIN,SEA,0.5938028447658773,True,loss,,,0.0,,,,
2026-08-02,823270,SD,SF,SD,SF,0.5004546851999242,False,win,,,0.0,,,,
2026-08-02,823592,NYM,MIA,NYM,MIA,0.5230433208364802,False,loss,,,0.0,,,,
2026-08-02,823919,LAD,BOS,BOS,LAD,0.5656301149061267,False,win,,,0.0,,,,
2026-08-02,823996,LAA,MIL,MIL,LAA,0.5801015008118311,True,loss,,,0.0,,,,
2026-08-02,824971,ATH,DET,DET,ATH,0.6647256626225229,True,win,,,0.0,,,,
2026-08-02,824323,COL,KC,KC,COL,0.5268389837883973,False,loss,,,0.0,,,,
2026-08-02,824404,CLE,AZ,AZ,CLE,0.5429522055656026,False,loss,,,0.0,,,,
2026-08-02,824483,CIN,PIT,CIN,PIT,0.5331996419385866,False,win,,,0.0,,,,
2026-08-02,824648,CHC,NYY,CHC,NYY,0.5239684794174315,False,loss,,,0.0,,,,
2026-08-02,824807,BAL,PHI,BAL,PHI,0.5351359194602305,False,pending,,,0.0,,,,
2026-08-02,824891,ATL,WSH,WSH,ATL,0.5111615206637877,False,loss,,,0.0,,,,
2026-08-02,822783,TOR,STL,TOR,STL,0.5212814805489708,False,loss,,,0.0,,,,
2026-08-01,823594,NYM,MIA,NYM,MIA,0.5876234673707682,True,loss,,,0.0,,,,
2026-08-01,823109,SEA,MIN,MIN,SEA,0.5155924661806814,False,loss,,,0.0,,,,
2026-08-01,823269,SD,SF,SD,SF,0.5000939615166226,False,win,,,0.0,,,,
2026-08-01,824000,LAA,MIL,MIL,LAA,0.516616602804002,False,win,,,0.0,,,,
2026-08-01,822944,TB,CWS,CWS,TB,0.5386934034655317,False,loss,,,0.0,,,,
2026-08-01,822781,TOR,STL,STL,TOR,0.5133001781406199,False,loss,,,0.0,,,,
2026-08-01,823920,LAD,BOS,LAD,BOS,0.5505889718759915,False,loss,,,0.0,,,,
2026-08-01,824162,HOU,TEX,HOU,TEX,0.5585239968487968,False,win,,,0.0,,,,
2026-08-01,824326,COL,KC,KC,COL,0.548492342783717,False,loss,,,0.0,,,,
2026-08-01,824405,CLE,AZ,CLE,AZ,0.5090519794122235,False,loss,,,0.0,,,,
2026-08-01,824485,CIN,PIT,CIN,PIT,0.5545016991860365,False,loss,,,0.0,,,,
2026-08-01,824649,CHC,NYY,CHC,NYY,0.5239490667231221,False,win,,,0.0,,,,
2026-08-01,824808,BAL,PHI,BAL,PHI,0.5587862434816535,False,loss,,,0.0,,,,
2026-08-01,824890,ATL,WSH,ATL,WSH,0.5090517654682079,False,win,,,0.0,,,,
2026-08-01,824972,ATH,DET,DET,ATH,0.5948244407590457,True,win,,,0.0,,,,
2026-07-31,824164,HOU,TEX,HOU,TEX,0.5745063409920413,False,win,,,0.0,,,,
2026-07-31,822782,TOR,STL,TOR,STL,0.5197878180272664,False,win,,,0.0,,,,
2026-07-31,822945,TB,CWS,TB,CWS,0.5848741529491418,True,loss,,,0.0,,,,
2026-07-31,823272,SD,SF,SD,SF,0.5359221700305914,False,win,,,0.0,,,,
2026-07-31,823593,NYM,MIA,NYM,MIA,0.550750045517942,False,loss,,,0.0,,,,
2026-07-31,823922,LAD,BOS,LAD,BOS,0.5650970963303413,False,loss,,,0.0,,,,
2026-07-31,823999,LAA,MIL,MIL,LAA,0.6007585822471735,True,win,,,0.0,,,,
2026-07-31,823111,SEA,MIN,SEA,MIN,0.5504468454615138,False,loss,,,0.0,,,,
2026-07-31,824325,COL,KC,KC,COL,0.5221315143449423,False,loss,,,0.0,,,,
2026-07-31,824407,CLE,AZ,CLE,AZ,0.5069958451216994,False,loss,,,0.0,,,,
2026-07-31,824486,CIN,PIT,PIT,CIN,0.5154700285565176,False,loss,,,0.0,,,,
2026-07-31,824651,CHC,NYY,CHC,NYY,0.5907249927561705,True,loss,,,0.0,,,,
2026-07-31,824809,BAL,PHI,BAL,PHI,0.5643922414042655,False,win,,,0.0,,,,
2026-07-31,824892,ATL,WSH,WSH,ATL,0.5507901954194483,False,loss,,,0.0,,,,
2026-07-31,824975,ATH,DET,DET,ATH,0.6681653380257642,True,win,,,0.0,,,,
2026-07-30,822946,TB,TEX,TB,TEX,0.6047887425728911,True,win,,,0.0,,,,
2026-07-30,823023,STL,CHC,CHC,STL,0.5713852115499405,False,win,,,0.0,,,,
2026-07-30,823271,SD,SF,SD,SF,0.5290343669167004,False,loss,,,0.0,,,,
2026-07-30,823595,NYM,MIA,NYM,MIA,0.5357177764807396,False,win,,,0.0,,,,
2026-07-30,823674,MIN,KC,MIN,KC,0.5055648795959293,False,win,,,0.0,,,,
2026-07-30,823921,LAD,SEA,LAD,SEA,0.5352213700892235,False,win,,,0.0,,,,
2026-07-30,824488,CIN,PIT,PIT,CIN,0.5721896840915671,False,loss,,,0.0,,,,
2026-07-30,824568,CWS,NYY,CWS,NYY,0.5676508947463553,False,win,,,0.0,,,,
2026-07-30,824894,ATL,WSH,WSH,ATL,0.6082790930870365,True,loss,,,0.0,,,,
2026-07-30,824974,ATH,BOS,BOS,ATH,0.6245959750675841,True,win,,,0.0,,,,
2026-07-29,823598,NYM,ATL,ATL,NYM,0.5429589369356227,False,win,,,0.0,,,,
2026-07-29,822702,WSH,TOR,WSH,TOR,0.5886170468786582,True,loss,,,0.0,,,,
2026-07-29,822947,TB,TEX,TB,TEX,0.5368230412643958,False,win,,,0.0,,,,
2026-07-29,823022,STL,CHC,CHC,STL,0.5935462563639597,True,loss,,,0.0,,,,
2026-07-29,823192,SF,MIL,MIL,SF,0.5068121997262163,False,loss,,,0.0,,,,
2026-07-29,823273,SD,COL,SD,COL,0.5386956025831897,False,win,,,0.0,,,,
2026-07-29,823351,PIT,AZ,PIT,AZ,0.5537423123011023,False,loss,,,0.0,,,,
2026-07-29,823596,NYM,ATL,ATL,NYM,0.5541745111158852,False,loss,,,0.0,,,,
2026-07-29,823924,LAD,SEA,SEA,LAD,0.5335623747361921,False,loss,,,0.0,,,,
2026-07-29,823677,MIN,KC,KC,MIN,0.5507443487458865,False,win,,,0.0,,,,
2026-07-29,824002,LAA,HOU,HOU,LAA,0.615408048573687,True,win,,,0.0,,,,
2026-07-29,824242,DET,BAL,BAL,DET,0.5155639621575113,False,win,,,0.0,,,,
2026-07-29,824487,CIN,CLE,CIN,CLE,0.5531751203988018,False,loss,,,0.0,,,,
2026-07-29,824567,CWS,NYY,CWS,NYY,0.500290136555465,False,win,,,0.0,,,,
2026-07-29,824973,ATH,BOS,BOS,ATH,0.5609242161889458,False,win,,,0.0,,,,
2026-07-29,823837,MIA,PHI,PHI,MIA,0.5411754698890259,False,loss,,,0.0,,,,
2026-07-28,823838,MIA,PHI,MIA,PHI,0.5051925111729256,False,win,,,0.0,,,,
2026-07-28,822703,WSH,TOR,WSH,TOR,0.6432866493786901,True,win,,,0.0,,,,
2026-07-28,822949,TB,TEX,TB,TEX,0.5561565301392463,False,loss,,,0.0,,,,
2026-07-28,823026,STL,CHC,CHC,STL,0.5470221060602745,False,win,,,0.0,,,,
2026-07-28,823193,SF,MIL,SF,MIL,0.5321332489997175,False,loss,,,0.0,,,,
2026-07-28,823275,SD,COL,SD,COL,0.614089648038755,True,win,,,0.0,,,,
2026-07-28,823350,PIT,AZ,PIT,AZ,0.5277856579661234,False,loss,,,0.0,,,,
2026-07-28,823676,MIN,KC,MIN,KC,0.5208664839489121,False,win,,,0.0,,,,
2026-07-28,823598,NYM,ATL,ATL,NYM,0.5438392093424782,False,pending,,,0.0,,,,
2026-07-28,823923,LAD,SEA,LAD,SEA,0.532853698196514,False,loss,,,0.0,,,,
2026-07-28,824003,LAA,HOU,HOU,LAA,0.5463504211058512,False,win,,,0.0,,,,
2026-07-28,824243,DET,BAL,DET,BAL,0.5230201715593787,False,win,,,0.0,,,,
2026-07-28,824489,CIN,CLE,CLE,CIN,0.5561153624271662,False,loss,,,0.0,,,,
2026-07-28,824490,CIN,CLE,CIN,CLE,0.5623048246540138,False,loss,,,0.0,,,,
2026-07-28,824569,CWS,NYY,CWS,NYY,0.5488552366637696,False,loss,,,0.0,,,,
2026-07-28,824976,ATH,BOS,BOS,ATH,0.6877059477896896,True,loss,,,0.0,,,,
2026-07-27,823839,MIA,PHI,PHI,MIA,0.5905336754359206,True,loss,,,0.0,,,,
2026-07-27,824570,CWS,NYY,NYY,CWS,0.6015572172845787,True,win,,,0.0,,,,
2026-07-27,824977,ATH,BOS,BOS,ATH,0.6403280571561192,True,win,,,0.0,,,,
2026-07-26,824730,BOS,TOR,BOS,TOR,0.6691572526007638,True,win,,,0.0,,,,
2026-07-26,823840,MIA,SD,SD,MIA,0.5916428559151962,True,win,,,0.0,,,,
2026-07-26,823755,MIL,COL,MIL,COL,0.600479146512352,True,win,,,0.0,,,,
2026-07-26,823678,MIN,ATH,MIN,ATH,0.6217629981597937,True,win,,,0.0,,,,
2026-07-26,823194,SF,LAA,SF,LAA,0.5858205492677248,True,loss,,,0.0,,,,
2026-07-26,822706,WSH,AZ,AZ,WSH,0.5847491615772707,True,loss,,,0.0,,,,
2026-07-25,824734,BOS,TOR,BOS,TOR,0.6442106543543951,True,loss,,,0.0,,,,
2026-07-25,823679,MIN,ATH,MIN,ATH,0.6131429581323333,True,win,,,0.0,,,,
2026-07-24,823759,MIL,COL,MIL,COL,0.5848133889340674,True,loss,,,0.0,,,,
2026-07-24,823196,SF,LAA,SF,LAA,0.5925690996153259,True,win,,,0.0,,,,
2026-07-23,824247,DET,KC,DET,KC,0.5802620103472967,True,win,,,0.0,,,,
2026-07-23,822785,TOR,TB,TB,TOR,0.594403786012081,True,loss,,,0.0,,,,
2026-07-22,825055,AZ,ATH,AZ,ATH,0.6047345511104647,True,win,,,0.0,,,,
2026-07-22,824896,ATL,SD,ATL,SD,0.612436853909904,True,win,,,0.0,,,,
2026-07-22,824735,BOS,BAL,BOS,BAL,0.5879717700967578,True,win,,,0.0,,,,
2026-07-22,824732,BOS,BAL,BAL,BOS,0.5827721796780427,True,win,,,0.0,,,,
2026-07-22,824083,KC,SF,SF,KC,0.5907011993959508,True,loss,,,0.0,,,,
2026-07-22,823519,NYY,PIT,NYY,PIT,0.6139766711517302,True,win,,,0.0,,,,
2026-07-22,823438,PHI,LAD,LAD,PHI,0.6090774306572677,True,win,,,0.0,,,,
2026-07-22,823110,SEA,CIN,SEA,CIN,0.5929766320972154,True,loss,,,0.0,,,,
2026-07-20,825058,AZ,ATH,AZ,ATH,0.6741440668901664,True,loss,,,0.0,,,,
2026-07-20,823762,MIL,NYM,MIL,NYM,0.5977384208554837,True,win,,,0.0,,,,
2026-07-19,824978,ATH,WSH,WSH,ATH,0.6712024508256972,True,win,,,0.0,,,,
2026-07-19,824897,ATL,TEX,ATL,TEX,0.5841582569105603,True,win,,,0.0,,,,
2026-07-18,824169,HOU,BAL,BAL,HOU,0.5878820670965341,True,win,,,0.0,,,,
2026-07-18,824899,ATL,TEX,ATL,TEX,0.6190486798723907,True,loss,,,0.0,,,,
2026-07-18,824979,ATH,WSH,WSH,ATH,0.6203505274677741,True,loss,,,0.0,,,,
2026-07-17,824981,ATH,WSH,WSH,ATH,0.6406178750861391,True,win,,,0.0,,,,
2026-07-17,824737,BOS,TB,BOS,TB,0.6003034137420052,True,win,,,0.0,,,,
2026-07-17,824090,KC,SD,SD,KC,0.5829587963215763,True,loss,,,0.0,,,,
2026-07-17,824009,LAA,DET,DET,LAA,0.6523262462229429,True,win,,,0.0,,,,
2026-07-11,822711,WSH,NYY,WSH,NYY,0.6048405834990455,True,loss,,,0.0,,,,
2026-07-11,824249,DET,PHI,DET,PHI,0.6215884113033631,True,loss,,,0.0,,,,
2026-07-11,823603,NYM,BOS,BOS,NYM,0.6284429950580019,True,win,,,0.0,,,,
2026-07-10,824575,CWS,ATH,CWS,ATH,0.5813421588240877,True,win,,,0.0,,,,
2026-07-10,824493,CIN,CHC,CHC,CIN,0.6548842380770108,True,loss,,,0.0,,,,
2026-07-10,824252,DET,PHI,DET,PHI,0.5883267385100712,True,win,,,0.0,,,,
2026-07-10,823278,SD,TOR,SD,TOR,0.5865618711461011,True,loss,,,0.0,,,,
2026-07-09,823683,MIN,CLE,MIN,CLE,0.6492665413365162,True,loss,,,0.0,,,,
2026-07-09,823034,STL,MIL,MIL,STL,0.5884139887020282,True,win,,,0.0,,,,
2026-07-08,824253,DET,ATH,DET,ATH,0.6326082750501278,True,win,,,0.0,,,,
2026-07-08,823202,SF,TOR,SF,TOR,0.5913797633148716,True,loss,,,0.0,,,,
2026-07-07,822956,TB,NYY,TB,NYY,0.6325396375661696,True,win,,,0.0,,,,
2026-07-07,822881,TEX,LAA,TEX,LAA,0.6007953065486082,True,win,,,0.0,,,,
2026-07-06,822958,TB,NYY,TB,NYY,0.5910566942950538,True,loss,,,0.0,,,,
2026-07-06,824089,KC,PHI,PHI,KC,0.6091930673299717,True,loss,,,0.0,,,,
2026-07-06,824900,ATL,NYM,ATL,NYM,0.5842145293624397,True,loss,,,0.0,,,,
2026-07-05,824980,ATH,MIA,MIA,ATH,0.6028334488726067,True,win,,,0.0,,,,
2026-07-05,824172,HOU,TB,TB,HOU,0.5854766554258841,True,loss,,,0.0,,,,
2026-07-04,825063,AZ,MIL,MIL,AZ,0.6537535575117118,True,loss,,,0.0,,,,
2026-07-04,824171,HOU,TB,TB,HOU,0.601185971895073,True,loss,,,0.0,,,,
2026-07-04,823932,LAD,SD,LAD,SD,0.5885608757136592,True,win,,,0.0,,,,
2026-07-03,824498,CIN,BAL,BAL,CIN,0.5846508941649713,True,win,,,0.0,,,,
2026-07-03,824982,ATH,MIA,MIA,ATH,0.5877076056445358,True,win,,,0.0,,,,
2026-07-03,824173,HOU,TB,TB,HOU,0.5934383468175827,True,win,,,0.0,,,,
2026-07-02,824093,KC,TB,TB,KC,0.6410658901101465,True,win,,,0.0,,,,
2026-07-02,823765,MIL,CIN,MIL,CIN,0.6164267553994991,True,loss,,,0.0,,,,
2026-07-01,823530,NYY,DET,DET,NYY,0.5978197539476511,True,win,,,0.0,,,,
2026-06-30,824984,ATH,LAD,LAD,ATH,0.6052372821218879,True,win,,,0.0,,,,
2026-06-29,823771,MIL,CIN,MIL,CIN,0.5882508010266552,True,win,,,0.0,,,,
2026-06-29,824662,CHC,SD,CHC,SD,0.5963390801467735,True,win,,,0.0,,,,
2026-06-28,822959,TB,AZ,TB,AZ,0.6124500958509504,True,win,,,0.0,,,,
2026-06-27,822960,TB,AZ,AZ,TB,0.5813659237037366,True,loss,,,0.0,,,,
2026-06-27,823609,NYM,PHI,PHI,NYM,0.6132674750084602,True,loss,,,0.0,,,,
2026-06-25,824747,BOS,NYY,NYY,BOS,0.5842762940034627,True,loss,,,0.0,,,,
2026-06-25,823612,NYM,CHC,CHC,NYM,0.6527722263987703,True,win,,,0.0,,,,
2026-06-24,823613,NYM,CHC,CHC,NYM,0.5925705509880556,True,win,,,0.0,,,,
2026-06-24,823611,NYM,CHC,CHC,NYM,0.5922352020098951,True,win,,,0.0,,,,
2026-06-23,824501,CIN,MIL,MIL,CIN,0.5966853712361373,True,win,,,0.0,,,,
2026-06-22,824502,CIN,MIL,MIL,CIN,0.651480707930472,True,win,,,0.0,,,,
2026-06-22,823040,STL,AZ,STL,AZ,0.5925013137071079,True,win,,,0.0,,,,
2026-06-21,825067,AZ,MIN,MIN,AZ,0.6046255615461047,True,win,,,0.0,,,,
2026-06-21,823531,NYY,CIN,NYY,CIN,0.6764742746459078,True,loss,,,0.0,,,,
2026-06-21,823449,PHI,NYM,PHI,NYM,0.595879022879135,True,win,,,0.0,,,,
2026-06-20,823937,LAD,BAL,LAD,BAL,0.6090816456791089,True,loss,,,0.0,,,,
2026-06-19,824910,ATL,MIL,MIL,ATL,0.5888966024132182,True,loss,,,0.0,,,,
2026-06-19,823124,SEA,BOS,SEA,BOS,0.6020000992547939,True,loss,,,0.0,,,,
2026-06-17,823940,LAD,TB,LAD,TB,0.613761809268173,True,win,,,0.0,,,,
2026-06-16,824667,CHC,COL,COL,CHC,0.6133345574024465,True,win,,,0.0,,,,
2026-06-15,825071,AZ,LAA,LAA,AZ,0.5825052087307021,True,loss,,,0.0,,,,
2026-06-15,823938,LAD,TB,LAD,TB,0.5873184865820894,True,win,,,0.0,,,,
2026-06-14,823693,MIN,STL,STL,MIN,0.5990604922878433,True,loss,,,0.0,,,,
2026-06-14,823615,NYM,ATL,ATL,NYM,0.5940435208375803,True,loss,,,0.0,,,,
2026-06-13,824426,CLE,DET,DET,CLE,0.6413906336465097,True,loss,,,0.0,,,,
2026-06-13,824100,KC,HOU,KC,HOU,0.5845271820597266,True,loss,,,0.0,,,,
2026-06-13,824828,BAL,SD,BAL,SD,0.5885300908142999,True,loss,,,0.0,,,,
2026-06-12,824826,BAL,SD,BAL,SD,0.6000946336909911,True,win,,,0.0,,,,
2026-06-12,823778,MIL,PHI,MIL,PHI,0.6088143722571333,True,win,,,0.0,,,,
2026-06-11,824346,COL,CHC,COL,CHC,0.6458932269706144,True,loss,,,0.0,,,,
