key_mlbam,Current_Hit_Streak,last_game_date,name_first,name_last,team
694192,7,2026-10-04,Jackson,Chourio,MIL
664034,6,2026-10-04,Ty,France,SD
656941,4,2026-10-01,Kyle,Schwarber,PHI
663656,4,2026-10-04,Kyle,Tucker,LAD
660271,4,2026-10-04,Shohei,Ohtani,LAD
665161,4,2026-09-30,Jeremy,Peña,HOU
669224,4,2026-10-05,Austin,Wells,NYY
650490,3,2026-10-05,Yandy,Díaz,TB
669003,3,2026-10-04,Garrett,Mitchell,MIL
660670,3,2026-10-04,Ronald,Acuña,ATL
621438,3,2026-09-30,Tyrone,Taylor,CHC
673548,3,2026-09-30,Seiya,Suzuki,CHC
681987,3,2026-09-30,Nate,Eaton,BOS
669134,3,2026-10-04,Luis,Campusano,SD
664761,3,2026-10-01,Alec,Bohm,PHI
592885,3,2026-10-04,Christian,Yelich,MIL
666018,3,2026-10-05,Jonathan,Aranda,TB
571970,3,2026-10-04,Max,Muncy,LAD
701358,3,2026-09-30,Cam,Smith,HOU
518692,2,2026-10-04,Freddie,Freeman,LAD
678246,2,2026-10-05,Miguel,Vargas,CWS
808959,2,2026-10-05,Munetaka,Murakami,CWS
547180,2,2026-10-01,Bryce,Harper,PHI
650559,2,2026-10-01,Bryan,De La Cruz,PHI
663538,2,2026-09-30,Nico,Hoerner,CHC
680700,2,2026-10-05,Richie,Palacios,TB
608348,1,2026-09-30,Carson,Kelly,CHC
575929,1,2026-09-30,Willson,Contreras,BOS
643289,1,2026-10-04,Mauricio,Dubón,ATL
621566,1,2026-10-04,Matt,Olson,ATL
676356,1,2026-10-05,Jonny,DeLuca,TB
700250,1,2026-10-05,Ben,Rice,NYY
641355,1,2026-10-05,Cody,Bellinger,NYY
671739,1,2026-10-04,Michael,Harris,ATL
656537,1,2026-10-01,Derek,Hill,PHI
805367,1,2026-10-05,Chase,Meidroth,CWS
802415,1,2026-10-05,Chandler,Simpson,TB
514888,1,2026-09-30,José,Altuve,HOU
666176,1,2026-10-05,Jo,Adell,CLE
691406,1,2026-10-05,Junior,Caminero,TB
680757,1,2026-10-05,Steven,Kwan,CLE
800050,1,2026-10-05,Chase,DeLauter,CLE
701538,1,2026-10-04,Jackson,Merrill,SD
806956,1,2026-10-03,Ethan,Salas,SD
806198,1,2026-10-04,Cooper,Pratt,MIL
669392,1,2026-10-04,Samad,Taylor,SD
695731,1,2026-10-05,Braden,Montgomery,CWS
686217,1,2026-10-04,Sal,Frelick,MIL
500743,1,2026-10-04,Miguel,Rojas,LAD
686765,1,2026-09-30,Nick,Sogard,BOS
691019,1,2026-10-05,Kyle,Teel,CWS
642086,1,2026-10-01,Dominic,Smith,ATL
641857,0,2026-10-05,Ryan,McMahon,NYY
672275,0,2026-10-05,Patrick,Bailey,CLE
519317,0,2026-10-03,Giancarlo,Stanton,NYY
663757,0,2026-10-05,Trent,Grisham,NYY
665862,0,2026-10-05,Jazz,Chisholm,NYY
687401,0,2026-10-03,Joey,Ortiz,MIL
669720,0,2026-10-04,Austin,Hays,SD
682668,0,2026-09-30,Luisangel,Acuña,CWS
665487,0,2026-10-04,Fernando,Tatís,SD
592663,0,2026-10-01,J. T.,Realmuto,PHI
607208,0,2026-10-01,Trea,Turner,PHI
702222,0,2026-10-01,Justin,Crawford,PHI
681082,0,2026-10-01,Bryson,Stott,PHI
666023,0,2026-10-04,Freddy,Fermin,SD
669016,0,2026-10-01,Brandon,Marsh,PHI
592518,0,2026-10-04,Manny,Machado,SD
593428,0,2026-10-04,Xander,Bogaerts,SD
609280,0,2026-10-03,Miguel,Andújar,SD
630105,0,2026-10-04,Jake,Cronenworth,SD
608070,0,2026-10-05,José,Ramírez,CLE
677587,0,2026-10-05,Brayan,Rocchio,CLE
677800,0,2026-09-30,Wilyer,Abreu,BOS
596115,0,2026-09-30,Trevor,Story,BOS
702332,0,2026-09-30,Caleb,Durbin,BOS
670623,0,2026-09-30,Isaac,Paredes,HOU
669397,0,2026-09-30,Nick,Allen,HOU
670541,0,2026-09-30,Yordan,Álvarez,HOU
673237,0,2026-09-30,Yainer,Diaz,HOU
572233,0,2026-09-30,Christian,Walker,HOU
606192,0,2026-10-04,Teoscar,Hernández,LAD
681624,0,2026-10-04,Andy,Pages,LAD
671976,0,2026-10-05,Tristan,Peters,CWS
643217,0,2026-10-05,Andrew,Benintendi,CWS
661388,0,2026-10-04,William,Contreras,MIL
668930,0,2026-10-04,Brice,Turang,MIL
669257,0,2026-10-04,Will,Smith,LAD
605141,0,2026-10-04,Mookie,Betts,LAD
666152,0,2026-10-04,David,Hamilton,MIL
683734,0,2026-10-04,Andrew,Vaughn,MIL
641343,0,2026-10-04,Jake,Bauers,MIL
695657,0,2026-10-05,Colson,Montgomery,CWS
682657,0,2026-10-05,Angel,Martínez,CLE
657757,0,2026-10-04,Gavin,Sheets,SD
668939,0,2026-09-30,Adley,Rutschman,BOS
621020,0,2026-09-30,Dansby,Swanson,CHC
545341,0,2026-10-05,Randal,Grichuk,CWS
502671,0,2026-10-05,Paul,Goldschmidt,NYY
807713,0,2026-09-30,Matt,Shaw,CHC
680776,0,2026-09-30,Jarren,Duran,BOS
683737,0,2026-09-30,Michael,Busch,CHC
691718,0,2026-09-30,Pete,Crow-Armstrong,CHC
624424,0,2026-09-30,Michael,Conforto,CHC
678882,0,2026-09-30,Ceddanne,Rafaela,BOS
624641,0,2026-10-01,Edmundo,Sosa,PHI
805249,0,2026-10-01,Otto,Kemp,PHI
681807,0,2026-10-03,David,Fry,CLE
663586,0,2026-10-04,Austin,Riley,ATL
645277,0,2026-10-04,Ozzie,Albies,ATL
686948,0,2026-10-04,Drake,Baldwin,ATL
686668,0,2026-10-05,Brenton,Doyle,CWS
657041,0,2026-10-04,Lane,Thomas,ATL
663330,0,2026-09-30,Jahmai,Jones,BOS
664023,0,2026-09-30,Ian,Happ,CHC
608324,0,2026-09-30,Alex,Bregman,CHC
671277,0,2026-10-05,Luis,García,NYY
573262,0,2026-10-04,Mike,Yastrzemski,ATL
596142,0,2026-10-04,Gary,Sánchez,MIL
663993,0,2026-10-05,Nathaniel,Lowe,CLE
689414,0,2026-10-05,Liam,Hicks,TB
682987,0,2026-10-05,Spencer,Jones,NYY
669221,0,2026-10-04,Sean,Murphy,ATL
683953,0,2026-10-05,Travis,Bazzana,CLE
803011,0,2026-10-05,Sam,Antonacci,CWS
687957,0,2026-10-04,Dustin,Harris,SD
502054,0,2026-10-05,Tommy,Pham,CWS
595978,0,2026-10-03,Austin,Hedges,CLE
670764,0,2026-10-05,Taylor,Walls,TB
642133,0,2026-10-04,Rowdy,Tellez,ATL
683748,0,2026-10-05,Victor,Mesa,TB
673490,0,2026-10-03,Ha-Seong,Kim,ATL
669242,0,2026-10-04,Tommy,Edman,LAD
828599,0,2026-09-30,Lucas,Spence,HOU
800325,0,2026-10-03,Luis,Lara,MIL
806146,0,2026-10-05,George,Lombard,NYY
800543,0,2026-10-04,Josue,De Paula,LAD
