key_mlbam,name_first,name_last,team,opponent,is_home,Model_Hit_Probability
680757,Steven,Kwan,CLE,CWS,False,0.675186314607002
678246,Miguel,Vargas,CWS,CLE,True,0.6607003039466671
800050,Chase,DeLauter,CLE,CWS,False,0.6434992433353071
803011,Sam,Antonacci,CWS,CLE,True,0.636359166193296
805367,Chase,Meidroth,CWS,CLE,True,0.6309089108053154
666176,Jo,Adell,CLE,CWS,False,0.5957720372451174
683953,Travis,Bazzana,CLE,CWS,False,0.5847638096067581
677587,Brayan,Rocchio,CLE,CWS,False,0.5844516295788241
808959,Munetaka,Murakami,CWS,CLE,True,0.5799324874297304
545341,Randal,Grichuk,CWS,CLE,True,0.5720060127867274
695731,Braden,Montgomery,CWS,CLE,True,0.5718923400862282
663993,Nathaniel,Lowe,CLE,CWS,False,0.5717956392968095
608070,José,Ramírez,CLE,CWS,False,0.5668153111081351
671976,Tristan,Peters,CWS,CLE,True,0.5532677214660342
682657,Angel,Martínez,CLE,CWS,False,0.5484819682116678
691019,Kyle,Teel,CWS,CLE,True,0.5435044450719619
686668,Brenton,Doyle,CWS,CLE,True,0.5413442388152637
672275,Patrick,Bailey,CLE,CWS,False,0.5407686381231855
690984,Petey,Halpin,CLE,CWS,False,0.5274490712267175
643217,Andrew,Benintendi,CWS,CLE,True,0.5219091565293712
595978,Austin,Hedges,CLE,CWS,False,0.5148950517427272
695657,Colson,Montgomery,CWS,CLE,True,0.5046686666026099
694197,Angel,Genao,CLE,CWS,False,0.4853855594484329
681807,David,Fry,CLE,CWS,False,0.4627604935134977
502054,Tommy,Pham,CWS,CLE,True,0.407250181811173
