player_id,player_name,position,position_group,team,game,stat,floor,games,season_avg,game_log,players_at_or_above,pool_size,pool_group,rarity
00-0038543,Jaxon Smith-Njigba,WR,WR,SEA,LAC @ SEA,Anytime TD (Rush + Rec),1.0,3,2.0,"1, 3, 2",3,119,WR,0.025210084033613446
00-0036963,Amon-Ra St. Brown,WR,WR,DET,DET @ CAR,Anytime TD (Rush + Rec),1.0,3,1.6666666666666667,"2, 2, 1",3,119,WR,0.025210084033613446
00-0038124,Christian Watson,WR,WR,GB,GB @ TB,Anytime TD (Rush + Rec),1.0,3,1.3333333333333333,"2, 1, 1",3,119,WR,0.025210084033613446
00-0032764,Derrick Henry,RB,RB,BAL,TEN @ BAL,Anytime TD (Rush + Rec),1.0,3,2.0,"3, 1, 2",2,68,RB,0.029411764705882353
00-0039139,Jahmyr Gibbs,RB,RB,DET,DET @ CAR,Anytime TD (Rush + Rec),1.0,3,2.0,"2, 1, 3",2,68,RB,0.029411764705882353
00-0034857,Josh Allen,QB,QB,BUF,NE @ BUF,Anytime TD (Rush + Rec),2.0,3,2.0,"2, 2, 2",1,26,QB,0.038461538461538464
00-0029604,Kirk Cousins,QB,QB,LV,KC @ LV,Passing TDs,3.0,3,3.0,"3, 3, 3",1,26,QB,0.038461538461538464
00-0037834,Brock Purdy,QB,QB,SF,DEN @ SF,Passing TDs,2.0,3,3.0,"3, 2, 4",5,26,QB,0.19230769230769232
00-0033106,Jared Goff,QB,QB,DET,DET @ CAR,Passing TDs,2.0,3,2.6666666666666665,"2, 4, 2",5,26,QB,0.19230769230769232
00-0033873,Patrick Mahomes,QB,QB,KC,KC @ LV,Passing TDs,2.0,3,2.3333333333333335,"2, 3, 2",5,26,QB,0.19230769230769232
00-0036264,Jordan Love,QB,QB,GB,GB @ TB,Passing TDs,2.0,3,2.0,"2, 2, 2",5,26,QB,0.19230769230769232
00-0039139,Jahmyr Gibbs,RB,RB,DET,DET @ CAR,Receptions,5.0,3,6.0,"5, 6, 7",1,68,RB,0.014705882352941176
00-0037239,Chris Olave,WR,WR,NO,ATL @ NO,Receptions,8.0,3,9.0,"10, 8, 9",2,119,WR,0.01680672268907563
00-0038543,Jaxon Smith-Njigba,WR,WR,SEA,LAC @ SEA,Receptions,8.0,3,9.0,"8, 9, 10",2,119,WR,0.01680672268907563
00-0037744,Trey McBride,TE,TE,ARI,ARI @ NYG,Receptions,8.0,3,8.666666666666666,"9, 8, 9",1,51,TE,0.0196078431372549
00-0033280,Christian McCaffrey,RB,RB,SF,DEN @ SF,Receptions,4.0,3,4.333333333333333,"5, 4, 4",2,68,RB,0.029411764705882353
00-0037740,Garrett Wilson,WR,WR,NYJ,NYJ @ CHI,Receptions,5.0,3,7.0,"6, 5, 10",5,119,WR,0.04201680672268908
00-0036358,CeeDee Lamb,WR,WR,DAL,DAL @ HOU,Receptions,5.0,3,6.666666666666667,"5, 8, 7",5,119,WR,0.04201680672268908
00-0032464,Kalif Raymond,WR,WR,CHI,NYJ @ CHI,Receptions,5.0,3,6.333333333333333,"8, 5, 6",5,119,WR,0.04201680672268908
00-0040122,Ashton Jeanty,RB,RB,LV,KC @ LV,Receptions,3.0,3,4.333333333333333,"6, 4, 3",3,68,RB,0.04411764705882353
00-0036963,Amon-Ra St. Brown,WR,WR,DET,DET @ CAR,Receptions,4.0,3,7.666666666666667,"10, 9, 4",9,119,WR,0.07563025210084033
00-0038124,Christian Watson,WR,WR,GB,GB @ TB,Receptions,4.0,3,5.666666666666667,"6, 4, 7",9,119,WR,0.07563025210084033
00-0040667,Matthew Golden,WR,WR,GB,GB @ TB,Receptions,4.0,3,5.0,"6, 4, 5",9,119,WR,0.07563025210084033
00-0031588,Stefon Diggs,WR,WR,WAS,IND @ WAS,Receptions,4.0,3,4.333333333333333,"4, 5, 4",9,119,WR,0.07563025210084033
00-0034383,Dalton Schultz,TE,TE,HOU,DAL @ HOU,Receptions,3.0,3,6.333333333333333,"4, 12, 3",8,51,TE,0.1568627450980392
00-0040128,Tyler Warren,TE,TE,IND,IND @ WAS,Receptions,3.0,3,6.0,"3, 6, 9",8,51,TE,0.1568627450980392
00-0036040,Juwan Johnson,TE,TE,NO,ATL @ NO,Receptions,3.0,3,5.0,"3, 4, 8",8,51,TE,0.1568627450980392
00-0039065,Sam LaPorta,TE,TE,DET,DET @ CAR,Receptions,3.0,3,4.666666666666667,"5, 6, 3",8,51,TE,0.1568627450980392
00-0034753,Mark Andrews,TE,TE,BAL,TEN @ BAL,Receptions,3.0,3,4.333333333333333,"4, 6, 3",8,51,TE,0.1568627450980392
00-0039066,Michael Mayer,TE,TE,LV,KC @ LV,Receptions,3.0,3,4.0,"6, 3, 3",8,51,TE,0.1568627450980392
00-0038129,Cade Otton,TE,TE,TB,GB @ TB,Receptions,3.0,3,3.6666666666666665,"3, 5, 3",8,51,TE,0.1568627450980392
00-0036912,DeVonta Smith,WR,WR,PHI,LA @ PHI,Receptions,3.0,3,6.333333333333333,"3, 10, 6",25,119,WR,0.21008403361344538
00-0031381,Davante Adams,WR,WR,LA,LA @ PHI,Receptions,3.0,3,6.0,"3, 8, 7",25,119,WR,0.21008403361344538
00-0037247,George Pickens,WR,WR,DAL,DAL @ HOU,Receptions,3.0,3,5.333333333333333,"3, 6, 7",25,119,WR,0.21008403361344538
00-0038606,Parker Washington,WR,WR,JAX,JAX @ CIN,Receptions,3.0,3,5.0,"5, 7, 3",25,119,WR,0.21008403361344538
00-0039424,Devaughn Vele,WR,WR,NO,ATL @ NO,Receptions,3.0,3,5.0,"7, 5, 3",25,119,WR,0.21008403361344538
00-0038543,Jaxon Smith-Njigba,WR,WR,SEA,LAC @ SEA,Targets,11.0,3,12.0,"11, 11, 14",1,119,WR,0.008403361344537815
00-0039139,Jahmyr Gibbs,RB,RB,DET,DET @ CAR,Targets,5.0,3,7.0,"5, 8, 8",1,68,RB,0.014705882352941176
00-0037239,Chris Olave,WR,WR,NO,ATL @ NO,Targets,10.0,3,12.0,"13, 10, 13",2,119,WR,0.01680672268907563
00-0037744,Trey McBride,TE,TE,ARI,ARI @ NYG,Targets,10.0,3,11.333333333333334,"13, 10, 11",1,51,TE,0.0196078431372549
00-0036963,Amon-Ra St. Brown,WR,WR,DET,DET @ CAR,Targets,8.0,3,11.666666666666666,"14, 13, 8",5,119,WR,0.04201680672268908
00-0038124,Christian Watson,WR,WR,GB,GB @ TB,Targets,8.0,3,9.666666666666666,"8, 11, 10",5,119,WR,0.04201680672268908
00-0036358,CeeDee Lamb,WR,WR,DAL,DAL @ HOU,Targets,8.0,3,8.333333333333334,"8, 9, 8",5,119,WR,0.04201680672268908
00-0038559,Michael Wilson,WR,WR,ARI,ARI @ NYG,Targets,7.0,3,10.333333333333334,"7, 7, 17",7,119,WR,0.058823529411764705
00-0037740,Garrett Wilson,WR,WR,NYJ,NYJ @ CHI,Targets,7.0,3,9.0,"7, 7, 13",7,119,WR,0.058823529411764705
00-0033280,Christian McCaffrey,RB,RB,SF,DEN @ SF,Targets,4.0,3,5.666666666666667,"8, 4, 5",4,68,RB,0.058823529411764705
00-0039361,Bucky Irving,RB,RB,TB,GB @ TB,Targets,4.0,3,5.0,"7, 4, 4",4,68,RB,0.058823529411764705
00-0037228,Jaylen Warren,RB,RB,PIT,PIT @ CLE,Targets,4.0,3,4.666666666666667,"6, 4, 4",4,68,RB,0.058823529411764705
00-0037838,Isaiah Likely,TE,TE,NYG,ARI @ NYG,Targets,5.0,3,7.666666666666667,"8, 10, 5",5,51,TE,0.09803921568627451
00-0040128,Tyler Warren,TE,TE,IND,IND @ WAS,Targets,5.0,3,7.333333333333333,"5, 7, 10",5,51,TE,0.09803921568627451
00-0034753,Mark Andrews,TE,TE,BAL,TEN @ BAL,Targets,5.0,3,6.0,"6, 7, 5",5,51,TE,0.09803921568627451
00-0038129,Cade Otton,TE,TE,TB,GB @ TB,Targets,5.0,3,5.666666666666667,"5, 6, 6",5,51,TE,0.09803921568627451
00-0040122,Ashton Jeanty,RB,RB,LV,KC @ LV,Targets,3.0,3,5.333333333333333,"6, 7, 3",8,68,RB,0.11764705882352941
00-0036997,Javonte Williams,RB,RB,DAL,DAL @ HOU,Targets,3.0,3,4.0,"5, 4, 3",8,68,RB,0.11764705882352941
00-0041027,Jeremiyah Love,RB,RB,ARI,ARI @ NYG,Targets,3.0,3,4.0,"4, 3, 5",8,68,RB,0.11764705882352941
00-0036223,Jonathan Taylor,RB,RB,IND,IND @ WAS,Targets,3.0,3,3.6666666666666665,"4, 4, 3",8,68,RB,0.11764705882352941
00-0040667,Matthew Golden,WR,WR,GB,GB @ TB,Targets,6.0,3,10.0,"12, 6, 12",16,119,WR,0.13445378151260504
00-0031381,Davante Adams,WR,WR,LA,LA @ PHI,Targets,6.0,3,9.666666666666666,"6, 10, 13",16,119,WR,0.13445378151260504
00-0036912,DeVonta Smith,WR,WR,PHI,LA @ PHI,Targets,6.0,3,9.0,"6, 13, 8",16,119,WR,0.13445378151260504
00-0037247,George Pickens,WR,WR,DAL,DAL @ HOU,Targets,6.0,3,8.333333333333334,"6, 8, 11",16,119,WR,0.13445378151260504
00-0036410,Tee Higgins,WR,WR,CIN,JAX @ CIN,Targets,6.0,3,7.666666666666667,"6, 10, 7",16,119,WR,0.13445378151260504
00-0038543,Jaxon Smith-Njigba,WR,WR,SEA,LAC @ SEA,Receiving Yards,122.0,3,135.0,"122, 155, 128",1,119,WR,0.008403361344537815
00-0039139,Jahmyr Gibbs,RB,RB,DET,DET @ CAR,Receiving Yards,30.0,3,52.0,"30, 61, 65",1,68,RB,0.014705882352941176
00-0037239,Chris Olave,WR,WR,NO,ATL @ NO,Receiving Yards,86.0,3,125.0,"182, 86, 107",2,119,WR,0.01680672268907563
00-0030506,Travis Kelce,TE,TE,KC,KC @ LV,Receiving Yards,59.0,3,77.0,"71, 101, 59",1,51,TE,0.0196078431372549
00-0036410,Tee Higgins,WR,WR,CIN,JAX @ CIN,Receiving Yards,59.0,3,81.33333333333333,"59, 95, 90",3,119,WR,0.025210084033613446
00-0037228,Jaylen Warren,RB,RB,PIT,PIT @ CLE,Receiving Yards,27.0,3,36.666666666666664,"27, 34, 49",2,68,RB,0.029411764705882353
00-0040667,Matthew Golden,WR,WR,GB,GB @ TB,Receiving Yards,58.0,3,84.33333333333333,"95, 58, 100",4,119,WR,0.03361344537815126
00-0036040,Juwan Johnson,TE,TE,NO,ATL @ NO,Receiving Yards,53.0,3,57.666666666666664,"54, 66, 53",2,51,TE,0.0392156862745098
00-0037740,Garrett Wilson,WR,WR,NYJ,NYJ @ CHI,Receiving Yards,57.0,3,81.0,"79, 57, 107",5,119,WR,0.04201680672268908
00-0033280,Christian McCaffrey,RB,RB,SF,DEN @ SF,Receiving Yards,20.0,3,34.666666666666664,"20, 43, 41",3,68,RB,0.04411764705882353
00-0036912,DeVonta Smith,WR,WR,PHI,LA @ PHI,Receiving Yards,53.0,3,78.33333333333333,"53, 117, 65",6,119,WR,0.05042016806722689
00-0036358,CeeDee Lamb,WR,WR,DAL,DAL @ HOU,Receiving Yards,44.0,3,103.0,"44, 153, 112",7,119,WR,0.058823529411764705
00-0039065,Sam LaPorta,TE,TE,DET,DET @ CAR,Receiving Yards,44.0,3,48.0,"48, 52, 44",3,51,TE,0.058823529411764705
00-0038120,Breece Hall,RB,RB,NYJ,NYJ @ CHI,Receiving Yards,16.0,3,34.0,"16, 63, 23",4,68,RB,0.058823529411764705
00-0040122,Ashton Jeanty,RB,RB,LV,KC @ LV,Receiving Yards,15.0,3,32.333333333333336,"45, 15, 37",5,68,RB,0.07352941176470588
00-0039880,Malik Washington,WR,WR,MIA,MIA @ MIN,Receiving Yards,43.0,3,50.666666666666664,"53, 43, 56",9,119,WR,0.07563025210084033
00-0039919,Rome Odunze,WR,WR,CHI,NYJ @ CHI,Receiving Yards,43.0,3,46.333333333333336,"52, 43, 44",9,119,WR,0.07563025210084033
00-0037744,Trey McBride,TE,TE,ARI,ARI @ NYG,Receiving Yards,41.0,3,70.33333333333333,"95, 41, 75",4,51,TE,0.0784313725490196
00-0035685,David Montgomery,RB,RB,HOU,DAL @ HOU,Receiving Yards,14.0,3,16.0,"19, 14, 15",6,68,RB,0.08823529411764706
00-0038124,Christian Watson,WR,WR,GB,GB @ TB,Receiving Yards,41.0,3,94.66666666666667,"147, 41, 96",11,119,WR,0.09243697478991597
00-0041037,Denzel Boston,WR,WR,CLE,PIT @ CLE,Receiving Yards,41.0,3,65.0,"59, 95, 41",11,119,WR,0.09243697478991597
00-0038933,Dalton Kincaid,TE,TE,BUF,NE @ BUF,Receiving Yards,38.0,3,87.66666666666667,"130, 95, 38",5,51,TE,0.09803921568627451
00-0037840,Kyren Williams,RB,RB,LA,LA @ PHI,Receiving Yards,12.0,3,35.333333333333336,"24, 12, 70",7,68,RB,0.10294117647058823
00-0038606,Parker Washington,WR,WR,JAX,JAX @ CIN,Receiving Yards,40.0,3,73.66666666666667,"83, 98, 40",13,119,WR,0.1092436974789916
00-0032464,Kalif Raymond,WR,WR,CHI,NYJ @ CHI,Receiving Yards,40.0,3,71.33333333333333,"84, 40, 90",13,119,WR,0.1092436974789916
00-0038542,Bijan Robinson,RB,RB,ATL,ATL @ NO,Rushing Yards,72.0,3,116.33333333333333,"83, 72, 194",1,68,RB,0.014705882352941176
00-0038134,Kenneth Walker III,RB,RB,KC,KC @ LV,Rushing Yards,70.0,3,120.0,"173, 117, 70",2,68,RB,0.029411764705882353
00-0034796,Lamar Jackson,QB,QB,BAL,TEN @ BAL,Rushing Yards,34.0,3,41.333333333333336,"40, 34, 50",1,26,QB,0.038461538461538464
00-0032764,Derrick Henry,RB,RB,BAL,TEN @ BAL,Rushing Yards,68.0,3,100.33333333333333,"144, 68, 89",4,68,RB,0.058823529411764705
00-0036223,Jonathan Taylor,RB,RB,IND,IND @ WAS,Rushing Yards,68.0,3,86.0,"98, 92, 68",4,68,RB,0.058823529411764705
00-0040719,Bhayshul Tuten,RB,RB,JAX,JAX @ CIN,Rushing Yards,65.0,3,68.0,"66, 65, 73",5,68,RB,0.07352941176470588
00-0037834,Brock Purdy,QB,QB,SF,DEN @ SF,Rushing Yards,29.0,3,31.0,"29, 30, 34",2,26,QB,0.07692307692307693
00-0037248,James Cook,RB,RB,BUF,NE @ BUF,Rushing Yards,57.0,3,115.33333333333333,"57, 135, 154",6,68,RB,0.08823529411764706
00-0038597,Chase Brown,RB,RB,CIN,JAX @ CIN,Rushing Yards,56.0,3,65.66666666666667,"56, 80, 61",7,68,RB,0.10294117647058823
00-0039139,Jahmyr Gibbs,RB,RB,DET,DET @ CAR,Rushing Yards,52.0,3,102.33333333333333,"156, 52, 99",8,68,RB,0.11764705882352941
00-0036555,Chuba Hubbard,RB,RB,CAR,DET @ CAR,Rushing Yards,49.0,3,61.333333333333336,"49, 53, 82",9,68,RB,0.1323529411764706
00-0040122,Ashton Jeanty,RB,RB,LV,KC @ LV,Rushing Yards,48.0,3,68.66666666666667,"102, 48, 56",10,68,RB,0.14705882352941177
00-0034857,Josh Allen,QB,QB,BUF,NE @ BUF,Rushing Yards,22.0,3,38.0,"23, 69, 22",4,26,QB,0.15384615384615385
00-0033537,Deshaun Watson,QB,QB,CLE,PIT @ CLE,Rushing Yards,22.0,3,35.0,"38, 22, 45",4,26,QB,0.15384615384615385
00-0036275,D'Andre Swift,RB,RB,CHI,NYJ @ CHI,Rushing Yards,45.0,3,84.33333333333333,"124, 45, 84",12,68,RB,0.17647058823529413
00-0039361,Bucky Irving,RB,RB,TB,GB @ TB,Rushing Yards,45.0,3,60.0,"45, 89, 46",12,68,RB,0.17647058823529413
00-0039851,Drake Maye,QB,QB,NE,NE @ BUF,Rushing Yards,17.0,3,27.333333333333332,"47, 17, 18",5,26,QB,0.19230769230769232
00-0037228,Jaylen Warren,RB,RB,PIT,PIT @ CLE,Rushing Yards,43.0,3,72.0,"46, 43, 127",14,68,RB,0.20588235294117646
00-0040666,Omarion Hampton,RB,RB,LAC,LAC @ SEA,Rushing Yards,43.0,3,64.33333333333333,"43, 94, 56",14,68,RB,0.20588235294117646
00-0037840,Kyren Williams,RB,RB,LA,LA @ PHI,Rushing Yards,41.0,3,71.33333333333333,"41, 85, 88",15,68,RB,0.22058823529411764
00-0036389,Jalen Hurts,QB,QB,PHI,LA @ PHI,Rushing Yards,16.0,3,29.0,"46, 16, 25",6,26,QB,0.23076923076923078
00-0033293,Aaron Jones,RB,RB,MIN,MIA @ MIN,Rushing Yards,40.0,3,67.66666666666667,"40, 105, 58",16,68,RB,0.23529411764705882
00-0036223,Jonathan Taylor,RB,RB,IND,IND @ WAS,Rush Attempts,19.0,3,22.0,"19, 24, 23",2,68,RB,0.029411764705882353
00-0040122,Ashton Jeanty,RB,RB,LV,KC @ LV,Rush Attempts,19.0,3,21.0,"23, 21, 19",2,68,RB,0.029411764705882353
00-0038134,Kenneth Walker III,RB,RB,KC,KC @ LV,Rush Attempts,18.0,3,21.666666666666668,"23, 24, 18",3,68,RB,0.04411764705882353
00-0034857,Josh Allen,QB,QB,BUF,NE @ BUF,Rush Attempts,6.0,3,9.333333333333334,"6, 14, 8",2,26,QB,0.07692307692307693
00-0033537,Deshaun Watson,QB,QB,CLE,PIT @ CLE,Rush Attempts,6.0,3,8.0,"6, 7, 11",2,26,QB,0.07692307692307693
00-0032764,Derrick Henry,RB,RB,BAL,TEN @ BAL,Rush Attempts,16.0,3,22.0,"24, 16, 26",7,68,RB,0.10294117647058823
00-0038542,Bijan Robinson,RB,RB,ATL,ATL @ NO,Rush Attempts,16.0,3,22.0,"21, 16, 29",7,68,RB,0.10294117647058823
00-0039139,Jahmyr Gibbs,RB,RB,DET,DET @ CAR,Rush Attempts,16.0,3,21.666666666666668,"29, 16, 20",7,68,RB,0.10294117647058823
00-0036275,D'Andre Swift,RB,RB,CHI,NYJ @ CHI,Rush Attempts,16.0,3,18.0,"18, 16, 20",7,68,RB,0.10294117647058823
00-0037248,James Cook,RB,RB,BUF,NE @ BUF,Rush Attempts,13.0,3,19.333333333333332,"13, 21, 24",11,68,RB,0.16176470588235295
00-0038120,Breece Hall,RB,RB,NYJ,NYJ @ CHI,Rush Attempts,13.0,3,17.0,"22, 16, 13",11,68,RB,0.16176470588235295
00-0038597,Chase Brown,RB,RB,CIN,JAX @ CIN,Rush Attempts,13.0,3,16.333333333333332,"16, 20, 13",11,68,RB,0.16176470588235295
00-0040719,Bhayshul Tuten,RB,RB,JAX,JAX @ CIN,Rush Attempts,13.0,3,14.333333333333334,"15, 13, 15",11,68,RB,0.16176470588235295
00-0034796,Lamar Jackson,QB,QB,BAL,TEN @ BAL,Rush Attempts,4.0,3,5.666666666666667,"7, 4, 6",5,26,QB,0.19230769230769232
00-0036389,Jalen Hurts,QB,QB,PHI,LA @ PHI,Rush Attempts,4.0,3,5.333333333333333,"7, 5, 4",5,26,QB,0.19230769230769232
00-0039851,Drake Maye,QB,QB,NE,NE @ BUF,Rush Attempts,4.0,3,5.0,"7, 4, 4",5,26,QB,0.19230769230769232
00-0033293,Aaron Jones,RB,RB,MIN,MIA @ MIN,Rush Attempts,12.0,3,17.333333333333332,"12, 23, 17",17,68,RB,0.25
00-0040666,Omarion Hampton,RB,RB,LAC,LAC @ SEA,Rush Attempts,12.0,3,16.666666666666668,"12, 23, 15",17,68,RB,0.25
00-0040715,Cam Skattebo,RB,RB,NYG,ARI @ NYG,Rush Attempts,12.0,3,16.666666666666668,"18, 12, 20",17,68,RB,0.25
00-0040242,Jacory Croskey-Merritt,RB,RB,WAS,IND @ WAS,Rush Attempts,12.0,3,15.666666666666666,"16, 12, 19",17,68,RB,0.25
00-0036997,Javonte Williams,RB,RB,DAL,DAL @ HOU,Rush Attempts,12.0,3,14.333333333333334,"12, 12, 19",17,68,RB,0.25
00-0040784,Quinshon Judkins,RB,RB,CLE,PIT @ CLE,Rush Attempts,12.0,3,14.0,"12, 12, 18",17,68,RB,0.25
00-0039139,Jahmyr Gibbs,RB,RB,DET,DET @ CAR,Rush + Rec Yards,113.0,3,154.33333333333334,"186, 113, 164",1,68,RB,0.014705882352941176
00-0036275,D'Andre Swift,RB,RB,CHI,NYJ @ CHI,Rush + Rec Yards,88.0,3,107.0,"134, 99, 88",2,68,RB,0.029411764705882353
00-0032764,Derrick Henry,RB,RB,BAL,TEN @ BAL,Rush + Rec Yards,87.0,3,113.0,"163, 87, 89",3,68,RB,0.04411764705882353
00-0038542,Bijan Robinson,RB,RB,ATL,ATL @ NO,Rush + Rec Yards,81.0,3,155.66666666666666,"173, 81, 213",4,68,RB,0.058823529411764705
00-0038134,Kenneth Walker III,RB,RB,KC,KC @ LV,Rush + Rec Yards,73.0,3,147.33333333333334,"191, 178, 73",6,68,RB,0.08823529411764706
00-0037228,Jaylen Warren,RB,RB,PIT,PIT @ CLE,Rush + Rec Yards,73.0,3,108.66666666666667,"73, 77, 176",6,68,RB,0.08823529411764706
00-0036223,Jonathan Taylor,RB,RB,IND,IND @ WAS,Rush + Rec Yards,72.0,3,108.33333333333333,"121, 132, 72",7,68,RB,0.10294117647058823
00-0037248,James Cook,RB,RB,BUF,NE @ BUF,Rush + Rec Yards,69.0,3,120.66666666666667,"69, 139, 154",9,68,RB,0.1323529411764706
00-0038597,Chase Brown,RB,RB,CIN,JAX @ CIN,Rush + Rec Yards,69.0,3,76.33333333333333,"78, 82, 69",9,68,RB,0.1323529411764706
00-0033280,Christian McCaffrey,RB,RB,SF,DEN @ SF,Rush + Rec Yards,66.0,3,90.0,"88, 66, 116",10,68,RB,0.14705882352941177
00-0037840,Kyren Williams,RB,RB,LA,LA @ PHI,Rush + Rec Yards,65.0,3,106.66666666666667,"65, 97, 158",11,68,RB,0.16176470588235295
00-0036555,Chuba Hubbard,RB,RB,CAR,DET @ CAR,Rush + Rec Yards,64.0,3,87.0,"87, 64, 110",12,68,RB,0.17647058823529413
00-0040122,Ashton Jeanty,RB,RB,LV,KC @ LV,Rush + Rec Yards,63.0,3,101.0,"147, 63, 93",13,68,RB,0.19117647058823528
00-0040719,Bhayshul Tuten,RB,RB,JAX,JAX @ CIN,Rush + Rec Yards,62.0,3,80.0,"88, 62, 90",14,68,RB,0.20588235294117646
00-0039361,Bucky Irving,RB,RB,TB,GB @ TB,Rush + Rec Yards,58.0,3,80.33333333333333,"93, 90, 58",15,68,RB,0.22058823529411764
00-0038120,Breece Hall,RB,RB,NYJ,NYJ @ CHI,Rush + Rec Yards,55.0,3,88.33333333333333,"118, 92, 55",17,68,RB,0.25
00-0040715,Cam Skattebo,RB,RB,NYG,ARI @ NYG,Rush + Rec Yards,55.0,3,78.66666666666667,"81, 55, 100",17,68,RB,0.25
00-0039150,Bryce Young,QB,QB,CAR,DET @ CAR,Passing Yards,287.0,3,313.0,"361, 287, 291",1,26,QB,0.038461538461538464
00-0040743,Tyler Shough,QB,QB,NO,ATL @ NO,Passing Yards,252.0,3,305.6666666666667,"410, 252, 255",2,26,QB,0.07692307692307693
00-0030565,Geno Smith,QB,QB,NYJ,NYJ @ CHI,Passing Yards,215.0,3,261.0,"215, 247, 321",3,26,QB,0.11538461538461539
00-0036442,Joe Burrow,QB,QB,CIN,JAX @ CIN,Passing Yards,207.0,3,247.66666666666666,"254, 207, 282",4,26,QB,0.15384615384615385
00-0033106,Jared Goff,QB,QB,DET,DET @ CAR,Passing Yards,206.0,3,267.3333333333333,"206, 327, 269",5,26,QB,0.19230769230769232
00-0037834,Brock Purdy,QB,QB,SF,DEN @ SF,Passing Yards,205.0,3,263.0,"205, 287, 297",6,26,QB,0.23076923076923078
00-0040743,Tyler Shough,QB,QB,NO,ATL @ NO,Completions,27.0,3,30.333333333333332,"35, 27, 29",1,26,QB,0.038461538461538464
00-0033106,Jared Goff,QB,QB,DET,DET @ CAR,Completions,25.0,3,25.666666666666668,"26, 26, 25",2,26,QB,0.07692307692307693
00-0039150,Bryce Young,QB,QB,CAR,DET @ CAR,Completions,23.0,3,24.0,"23, 23, 26",3,26,QB,0.11538461538461539
00-0033077,Dak Prescott,QB,QB,DAL,DAL @ HOU,Completions,22.0,3,24.333333333333332,"22, 26, 25",4,26,QB,0.15384615384615385
00-0036442,Joe Burrow,QB,QB,CIN,JAX @ CIN,Completions,20.0,3,24.333333333333332,"25, 20, 28",5,26,QB,0.19230769230769232
00-0039150,Bryce Young,QB,QB,CAR,DET @ CAR,Pass Attempts,36.0,3,40.333333333333336,"37, 36, 48",1,26,QB,0.038461538461538464
00-0040743,Tyler Shough,QB,QB,NO,ATL @ NO,Pass Attempts,34.0,3,44.0,"56, 34, 42",3,26,QB,0.11538461538461539
00-0023459,Aaron Rodgers,QB,QB,PIT,PIT @ CLE,Pass Attempts,34.0,3,37.666666666666664,"40, 39, 34",3,26,QB,0.11538461538461539
00-0033106,Jared Goff,QB,QB,DET,DET @ CAR,Pass Attempts,32.0,3,36.333333333333336,"39, 38, 32",4,26,QB,0.15384615384615385
00-0039851,Drake Maye,QB,QB,NE,NE @ BUF,Interceptions Thrown,1.0,3,2.0,"3, 1, 2",5,26,QB,0.19230769230769232
00-0026498,Matthew Stafford,QB,QB,LA,LA @ PHI,Interceptions Thrown,1.0,3,1.3333333333333333,"1, 1, 2",5,26,QB,0.19230769230769232
00-0036355,Justin Herbert,QB,QB,LAC,LAC @ SEA,Interceptions Thrown,1.0,3,1.3333333333333333,"1, 2, 1",5,26,QB,0.19230769230769232
00-0035710,Daniel Jones,QB,QB,IND,IND @ WAS,Interceptions Thrown,1.0,3,1.0,"1, 1, 1",5,26,QB,0.19230769230769232
00-0039732,Bo Nix,QB,QB,DEN,DEN @ SF,Interceptions Thrown,1.0,3,1.0,"1, 1, 1",5,26,QB,0.19230769230769232
00-0036914,Greg Rousseau,LB,LB,BUF,NE @ BUF,Sacks,2.0,3,2.0,"2, 2, 2",1,142,LB,0.007042253521126761
00-0040685,Mason Graham,DT,DL,CLE,PIT @ CLE,Sacks,1.0,3,1.3333333333333333,"1, 1, 2",2,139,DL,0.014388489208633094
00-0031933,Leonard Williams,DE,DL,SEA,LAC @ SEA,Sacks,1.0,3,1.0,"1, 1, 1",2,139,DL,0.014388489208633094
00-0039924,Dallas Turner,LB,LB,MIN,MIA @ MIN,Sacks,0.5,3,1.1666666666666667,"1, 2, 0.5",4,142,LB,0.028169014084507043
00-0035272,Andrew Van Ginkel,OLB,LB,MIN,MIA @ MIN,Sacks,0.5,3,1.0,"1.5, 1, 0.5",4,142,LB,0.028169014084507043
00-0035276,Blake Cashman,LB,LB,MIN,MIA @ MIN,Sacks,0.5,3,0.8333333333333334,"0.5, 1, 1",4,142,LB,0.028169014084507043
00-0039108,Will Anderson Jr.,DE,DL,HOU,DAL @ HOU,Sacks,0.5,3,1.3333333333333333,"0.5, 1, 2.5",5,139,DL,0.03597122302158273
00-0037236,Aidan Hutchinson,DE,DL,DET,DET @ CAR,Sacks,0.5,3,1.1666666666666667,"2, 1, 0.5",5,139,DL,0.03597122302158273
00-0032378,DeForest Buckner,DT,DL,IND,IND @ WAS,Sacks,0.5,3,1.0,"0.5, 1, 1.5",5,139,DL,0.03597122302158273
00-0039813,Evan Williams,SAF,DB,GB,GB @ TB,Tackles (Solo + Ast),7.0,3,8.666666666666666,"7, 9, 10",1,173,DB,0.005780346820809248
00-0040708,Jihaad Campbell,LB,LB,PHI,LA @ PHI,Tackles (Solo + Ast),9.0,3,9.333333333333334,"9, 10, 9",1,142,LB,0.007042253521126761
00-0035643,Jeffery Simmons,DT,DL,TEN,TEN @ BAL,Tackles (Solo + Ast),4.0,3,6.666666666666667,"4, 6, 10",2,139,DL,0.014388489208633094
00-0039138,Kobie Turner,DE,DL,LA,LA @ PHI,Tackles (Solo + Ast),4.0,3,5.333333333333333,"7, 4, 5",2,139,DL,0.014388489208633094
00-0034384,D.J. Reed,CB,DB,DET,DET @ CAR,Tackles (Solo + Ast),6.0,3,8.0,"10, 6, 8",6,173,DB,0.03468208092485549
00-0037841,Quentin Lake,SAF,DB,LA,LA @ PHI,Tackles (Solo + Ast),6.0,3,7.666666666666667,"10, 7, 6",6,173,DB,0.03468208092485549
00-0041538,Dillon Thieneman,SAF,DB,CHI,NYJ @ CHI,Tackles (Solo + Ast),6.0,3,7.666666666666667,"10, 7, 6",6,173,DB,0.03468208092485549
00-0035632,Amani Hooker,SAF,DB,TEN,TEN @ BAL,Tackles (Solo + Ast),6.0,3,7.0,"9, 6, 6",6,173,DB,0.03468208092485549
00-0038135,Jaquan Brisker,SAF,DB,PIT,PIT @ CLE,Tackles (Solo + Ast),6.0,3,6.666666666666667,"6, 6, 8",6,173,DB,0.03468208092485549
00-0041479,Anthony Hill Jr.,LB,LB,TEN,TEN @ BAL,Tackles (Solo + Ast),8.0,3,11.333333333333334,"16, 10, 8",5,142,LB,0.035211267605633804
00-0031898,Alex Singleton,LB,LB,DEN,DEN @ SF,Tackles (Solo + Ast),8.0,3,10.666666666666666,"15, 9, 8",5,142,LB,0.035211267605633804
00-0035166,Azeez Al-Shaair,LB,LB,HOU,DAL @ HOU,Tackles (Solo + Ast),8.0,3,10.333333333333334,"8, 12, 11",5,142,LB,0.035211267605633804
00-0034874,Roquan Smith,ILB,LB,BAL,TEN @ BAL,Tackles (Solo + Ast),8.0,3,9.333333333333334,"11, 8, 9",5,142,LB,0.035211267605633804
00-0036298,Akeem Davis-Gaither,LB,LB,IND,IND @ WAS,Tackles (Solo + Ast),7.0,3,9.666666666666666,"8, 14, 7",11,142,LB,0.07746478873239436
00-0036994,Ernest Jones,LB,LB,SEA,LAC @ SEA,Tackles (Solo + Ast),7.0,3,9.333333333333334,"13, 8, 7",11,142,LB,0.07746478873239436
00-0040738,Demetrius Knight Jr.,LB,LB,CIN,JAX @ CIN,Tackles (Solo + Ast),7.0,3,9.333333333333334,"7, 12, 9",11,142,LB,0.07746478873239436
00-0038922,Drake Thomas,LB,LB,SEA,LAC @ SEA,Tackles (Solo + Ast),7.0,3,8.333333333333334,"9, 7, 9",11,142,LB,0.07746478873239436
00-0037596,Jack Gibbens,LB,LB,ARI,ARI @ NYG,Tackles (Solo + Ast),7.0,3,8.0,"7, 9, 8",11,142,LB,0.07746478873239436
00-0038570,Ventrell Miller,LB,LB,JAX,JAX @ CIN,Tackles (Solo + Ast),7.0,3,8.0,"10, 7, 7",11,142,LB,0.07746478873239436
00-0039108,Will Anderson Jr.,DE,DL,HOU,DAL @ HOU,Tackles (Solo + Ast),3.0,3,5.666666666666667,"3, 7, 7",11,139,DL,0.07913669064748201
00-0040685,Mason Graham,DT,DL,CLE,PIT @ CLE,Tackles (Solo + Ast),3.0,3,4.666666666666667,"4, 3, 7",11,139,DL,0.07913669064748201
00-0032889,A'Shawn Robinson,DT,DL,TB,GB @ TB,Tackles (Solo + Ast),3.0,3,4.333333333333333,"5, 5, 3",11,139,DL,0.07913669064748201
00-0035642,Josh Hines-Allen,DE,DL,JAX,JAX @ CIN,Tackles (Solo + Ast),3.0,3,4.333333333333333,"5, 3, 5",11,139,DL,0.07913669064748201
00-0040010,Barryn Sorrell,DE,DL,GB,GB @ TB,Tackles (Solo + Ast),3.0,3,3.6666666666666665,"3, 5, 3",11,139,DL,0.07913669064748201
00-0034760,Nathan Shepherd,DE,DL,NO,ATL @ NO,Tackles (Solo + Ast),3.0,3,3.3333333333333335,"3, 4, 3",11,139,DL,0.07913669064748201
00-0036914,Greg Rousseau,LB,LB,BUF,NE @ BUF,QB Hits,3.0,3,4.0,"5, 4, 3",1,142,LB,0.007042253521126761
00-0035272,Andrew Van Ginkel,OLB,LB,MIN,MIA @ MIN,QB Hits,2.0,3,2.3333333333333335,"2, 3, 2",3,142,LB,0.02112676056338028
00-0034832,Bradley Chubb,OLB,LB,BUF,NE @ BUF,QB Hits,2.0,3,2.0,"2, 2, 2",3,142,LB,0.02112676056338028
00-0035248,Zach Allen,DE,DL,DEN,DEN @ SF,QB Hits,1.0,3,3.0,"3, 1, 5",15,139,DL,0.1079136690647482
00-0037236,Aidan Hutchinson,DE,DL,DET,DET @ CAR,QB Hits,1.0,3,2.3333333333333335,"4, 2, 1",15,139,DL,0.1079136690647482
00-0037815,Cameron Thomas,DE,DL,ATL,ATL @ NO,QB Hits,1.0,3,2.3333333333333335,"1, 2, 4",15,139,DL,0.1079136690647482
00-0034973,Maxx Crosby,DE,DL,LV,KC @ LV,QB Hits,1.0,3,2.0,"3, 1, 2",15,139,DL,0.1079136690647482
00-0039108,Will Anderson Jr.,DE,DL,HOU,DAL @ HOU,QB Hits,1.0,3,2.0,"1, 2, 3",15,139,DL,0.1079136690647482
00-0031933,Leonard Williams,DE,DL,SEA,LAC @ SEA,QB Hits,1.0,3,1.6666666666666667,"1, 1, 3",15,139,DL,0.1079136690647482
00-0036321,Chase Young,DE,DL,NO,ATL @ NO,QB Hits,1.0,3,1.6666666666666667,"1, 2, 2",15,139,DL,0.1079136690647482
00-0040685,Mason Graham,DT,DL,CLE,PIT @ CLE,QB Hits,1.0,3,1.6666666666666667,"1, 2, 2",15,139,DL,0.1079136690647482
00-0032378,DeForest Buckner,DT,DL,IND,IND @ WAS,QB Hits,1.0,3,1.3333333333333333,"1, 1, 2",15,139,DL,0.1079136690647482
00-0033523,Jonathan Allen,DT,DL,CIN,JAX @ CIN,QB Hits,1.0,3,1.3333333333333333,"1, 1, 2",15,139,DL,0.1079136690647482
00-0035683,Dexter Lawrence,DT,DL,CIN,JAX @ CIN,QB Hits,1.0,3,1.3333333333333333,"1, 1, 2",15,139,DL,0.1079136690647482
00-0036624,Alim McNeill,DT,DL,DET,DET @ CAR,QB Hits,1.0,3,1.3333333333333333,"1, 1, 2",15,139,DL,0.1079136690647482
00-0034760,Nathan Shepherd,DE,DL,NO,ATL @ NO,QB Hits,1.0,3,1.0,"1, 1, 1",15,139,DL,0.1079136690647482
00-0034825,Arden Key,DE,DL,IND,IND @ WAS,QB Hits,1.0,3,1.0,"1, 1, 1",15,139,DL,0.1079136690647482
00-0036981,Christian Barmore,DT,DL,NE,NE @ BUF,QB Hits,1.0,3,1.0,"1, 1, 1",15,139,DL,0.1079136690647482
00-0039924,Dallas Turner,LB,LB,MIN,MIA @ MIN,QB Hits,1.0,3,4.0,"7, 4, 1",18,142,LB,0.1267605633802817
00-0038505,Tavius Robinson,LB,LB,BAL,TEN @ BAL,QB Hits,1.0,3,2.0,"4, 1, 1",18,142,LB,0.1267605633802817
00-0039047,Derick Hall,LB,LB,SEA,LAC @ SEA,QB Hits,1.0,3,2.0,"1, 3, 2",18,142,LB,0.1267605633802817
00-0039112,Lukas Van Ness,LB,LB,GB,GB @ TB,QB Hits,1.0,3,2.0,"1, 4, 1",18,142,LB,0.1267605633802817
00-0031411,DeMarcus Lawrence,LB,LB,SEA,LAC @ SEA,QB Hits,1.0,3,1.6666666666666667,"1, 1, 3",18,142,LB,0.1267605633802817
00-0033886,T.J. Watt,OLB,LB,PIT,PIT @ CLE,QB Hits,1.0,3,1.6666666666666667,"2, 2, 1",18,142,LB,0.1267605633802817
00-0035276,Blake Cashman,LB,LB,MIN,MIA @ MIN,QB Hits,1.0,3,1.6666666666666667,"2, 1, 2",18,142,LB,0.1267605633802817
00-0036998,Jevon Holland,SAF,DB,NYG,ARI @ NYG,Interceptions (Defense),1.0,3,1.0,"1, 1, 1",1,173,DB,0.005780346820809248
00-0037191,Trent McDuffie,CB,DB,LA,LA @ PHI,Passes Defended,1.0,3,2.3333333333333335,"2, 4, 1",13,173,DB,0.07514450867052024
00-0037841,Quentin Lake,SAF,DB,LA,LA @ PHI,Passes Defended,1.0,3,2.3333333333333335,"3, 3, 1",13,173,DB,0.07514450867052024
00-0036281,C.J. Henderson,CB,DB,ATL,ATL @ NO,Passes Defended,1.0,3,1.6666666666666667,"1, 1, 3",13,173,DB,0.07514450867052024
00-0038552,Riley Moss,CB,DB,DEN,DEN @ SF,Passes Defended,1.0,3,1.6666666666666667,"1, 3, 1",13,173,DB,0.07514450867052024
00-0039147,Christian Gonzalez,CB,DB,NE,NE @ BUF,Passes Defended,1.0,3,1.6666666666666667,"2, 2, 1",13,173,DB,0.07514450867052024
00-0036998,Jevon Holland,SAF,DB,NYG,ARI @ NYG,Passes Defended,1.0,3,1.3333333333333333,"1, 1, 2",13,173,DB,0.07514450867052024
00-0039860,Kool-Aid McKinstry,CB,DB,NO,ATL @ NO,Passes Defended,1.0,3,1.3333333333333333,"1, 1, 2",13,173,DB,0.07514450867052024
00-0040889,Hezekiah Masses,CB,DB,LV,KC @ LV,Passes Defended,1.0,3,1.3333333333333333,"1, 2, 1",13,173,DB,0.07514450867052024
00-0041063,Will Lee III,CB,DB,CAR,DET @ CAR,Passes Defended,1.0,3,1.3333333333333333,"1, 2, 1",13,173,DB,0.07514450867052024
00-0033281,Marlon Humphrey,CB,DB,BAL,TEN @ BAL,Passes Defended,1.0,3,1.0,"1, 1, 1",13,173,DB,0.07514450867052024
00-0037323,Rodney Thomas,SAF,DB,SEA,LAC @ SEA,Passes Defended,1.0,3,1.0,"1, 1, 1",13,173,DB,0.07514450867052024
00-0040670,Nohl Williams,CB,DB,KC,KC @ LV,Passes Defended,1.0,3,1.0,"1, 1, 1",13,173,DB,0.07514450867052024
00-0041538,Dillon Thieneman,SAF,DB,CHI,NYJ @ CHI,Passes Defended,1.0,3,1.0,"1, 1, 1",13,173,DB,0.07514450867052024
00-0035358,Chase McLaughlin,K,SPEC,TB,GB @ TB,Field Goals Made,2.0,3,3.0,"2, 4, 3",2,32,K,0.0625
00-0036854,Evan McPherson,K,SPEC,CIN,JAX @ CIN,Field Goals Made,2.0,3,2.6666666666666665,"4, 2, 2",2,32,K,0.0625
