date,season,week,game_id,home_team,away_team,predicted_winner,predicted_loser,predicted_probability,above_threshold,status,market_home_win_probability,market_predicted_winner_probability,bet_units,bet_side,bet_team,bet_moneyline,bet_profit_units
2026-09-28,2026,3,2026_03_PHI_CHI,CHI,PHI,PHI,CHI,0.5083441658186378,False,pending,0.3907637655417407,0.6092362344582594,0.0,home,CHI,145.0,
2026-09-27,2026,3,2026_03_LA_DEN,DEN,LA,LA,DEN,0.5163237931006717,False,pending,0.448558885283451,0.551441114716549,0.0,,,,
2026-09-27,2026,3,2026_03_ARI_SF,SF,ARI,SF,ARI,0.7584853301429272,True,pending,0.7957758771164253,0.7957758771164253,0.0,,,,
2026-09-27,2026,3,2026_03_BAL_DAL,DAL,BAL,BAL,DAL,0.5796583295077085,False,pending,0.4170073589533933,0.5829926410466066,0.0,,,,
2026-09-27,2026,3,2026_03_CAR_CLE,CLE,CAR,CLE,CAR,0.5016787582238429,False,pending,0.4279403644395361,0.4279403644395361,0.0,home,CLE,124.0,
2026-09-27,2026,3,2026_03_CIN_PIT,PIT,CIN,CIN,PIT,0.5652553209212297,False,pending,0.3775334481388264,0.6224665518611736,0.0,,,,
2026-09-27,2026,3,2026_03_KC_MIA,MIA,KC,KC,MIA,0.6588386961556545,True,pending,0.1420560747663551,0.8579439252336449,2.0,home,MIA,575.0,
2026-09-27,2026,3,2026_03_LAC_BUF,BUF,LAC,BUF,LAC,0.8270565460713635,True,pending,0.740871613663133,0.740871613663133,0.0,home,BUF,-340.0,
2026-09-27,2026,3,2026_03_HOU_IND,IND,HOU,IND,HOU,0.500288170341053,False,pending,0.4365079365079364,0.4365079365079364,0.0,,,,
2026-09-27,2026,3,2026_03_LV_NO,NO,LV,NO,LV,0.7121771716968689,True,pending,0.6309403437815976,0.6309403437815976,0.0,home,NO,-192.0,
2026-09-27,2026,3,2026_03_MIN_TB,TB,MIN,MIN,TB,0.5810373555575786,False,pending,0.4782608695652174,0.5217391304347826,0.0,,,,
2026-09-27,2026,3,2026_03_NE_JAX,JAX,NE,JAX,NE,0.6357244581083148,True,pending,0.5996387718242023,0.5996387718242023,0.0,,,,
2026-09-27,2026,3,2026_03_NYJ_DET,DET,NYJ,DET,NYJ,0.7653000064148698,True,pending,0.7220792588780237,0.7220792588780237,0.0,,,,
2026-09-27,2026,3,2026_03_SEA_WAS,WAS,SEA,SEA,WAS,0.6570429034057267,True,pending,0.2779207411219763,0.7220792588780237,0.0,home,WAS,245.0,
2026-09-27,2026,3,2026_03_TEN_NYG,NYG,TEN,NYG,TEN,0.7421765476652589,True,pending,0.5996387718242023,0.5996387718242023,0.0,home,NYG,-166.0,
2026-09-24,2026,3,2026_03_ATL_GB,GB,ATL,GB,ATL,0.7135512302607419,True,pending,0.7135512302607419,0.7135512302607419,0.0,,,,
2026-09-21,2026,2,2026_02_NYG_LA,LA,NYG,LA,NYG,0.7477827050997783,True,win,0.7477827050997783,0.7477827050997783,0.0,,,,
2026-09-20,2026,2,2026_02_MIN_CHI,CHI,MIN,CHI,MIN,0.5571967594137494,False,loss,0.6690070210631895,0.6690070210631895,0.0,away,MIN,190.0,
2026-09-20,2026,2,2026_02_WAS_DAL,DAL,WAS,DAL,WAS,0.5588528084348872,False,win,0.6574752261956054,0.6574752261956054,0.0,away,WAS,180.0,
2026-09-20,2026,2,2026_02_SEA_ARI,ARI,SEA,SEA,ARI,0.660386336467484,True,win,0.3363518758085381,0.6636481241914619,0.0,,,,
2026-09-20,2026,2,2026_02_PIT_NE,NE,PIT,NE,PIT,0.7807151688125538,True,win,0.6750312469954812,0.6750312469954812,0.0,home,NE,-238.0,
2026-09-20,2026,2,2026_02_PHI_TEN,TEN,PHI,PHI,TEN,0.648532772626671,True,win,0.2779207411219763,0.7220792588780237,0.0,home,TEN,245.0,
2026-09-20,2026,2,2026_02_NO_BAL,BAL,NO,BAL,NO,0.6006679626246273,False,loss,0.771505376344086,0.771505376344086,0.2739173757617639,away,NO,320.0,0.8765356024376445
2026-09-20,2026,2,2026_02_MIA_SF,SF,MIA,SF,MIA,0.8003223295971101,True,win,0.8677165354330709,0.8677165354330709,0.0,away,MIA,625.0,
2026-09-20,2026,2,2026_02_JAX_DEN,DEN,JAX,JAX,DEN,0.6355777808176877,True,loss,0.551441114716549,0.448558885283451,2.0,away,JAX,114.0,-2.0
2026-09-20,2026,2,2026_02_IND_KC,KC,IND,KC,IND,0.7220792588780237,True,win,0.7220792588780237,0.7220792588780237,0.0,,,,
2026-09-20,2026,2,2026_02_GB_NYJ,NYJ,GB,GB,NYJ,0.5814495468631454,False,win,0.355270821199767,0.644729178800233,0.0,,,,
2026-09-20,2026,2,2026_02_CLE_TB,TB,CLE,TB,CLE,0.771505376344086,True,loss,0.771505376344086,0.771505376344086,0.0,,,,
2026-09-20,2026,2,2026_02_CIN_HOU,HOU,CIN,CIN,HOU,0.5183860799984554,False,win,0.5634920634920635,0.4365079365079365,0.0,away,CIN,120.0,
2026-09-20,2026,2,2026_02_CAR_ATL,ATL,CAR,ATL,CAR,0.5802730034704041,False,loss,0.4170073589533933,0.4170073589533933,0.0,home,ATL,130.0,
2026-09-20,2026,2,2026_02_LV_LAC,LAC,LV,LAC,LV,0.6508073325843472,True,loss,0.725752508361204,0.725752508361204,0.0,away,LV,250.0,
2026-09-17,2026,2,2026_02_DET_BUF,BUF,DET,BUF,DET,0.6903348919600542,True,win,0.6574752261956054,0.6574752261956054,0.0,,,,
2026-09-14,2026,1,2026_01_DEN_KC,KC,DEN,KC,DEN,0.5142280161195442,False,win,0.5720596355604638,0.5720596355604638,0.0,,,,
2026-09-13,2026,1,2026_01_NYJ_TEN,TEN,NYJ,NYJ,TEN,0.5131224401811816,False,win,0.5427435387673957,0.4572564612326043,0.0,,,,
2026-09-13,2026,1,2026_01_DAL_NYG,NYG,DAL,DAL,NYG,0.5058606504960994,False,loss,0.4279403644395361,0.5720596355604639,0.0,,,,
2026-09-13,2026,1,2026_01_BAL_IND,IND,BAL,BAL,IND,0.5059049154957964,False,win,0.3907637655417407,0.6092362344582594,0.0,home,IND,145.0,
2026-09-13,2026,1,2026_01_BUF_HOU,HOU,BUF,HOU,BUF,0.5234823742719976,False,loss,0.4826358742837298,0.4826358742837298,0.0,,,,
2026-09-13,2026,1,2026_01_CHI_CAR,CAR,CHI,CAR,CHI,0.5046598389251021,False,loss,0.4066302458405761,0.4066302458405761,0.0,home,CAR,136.0,
2026-09-13,2026,1,2026_01_CLE_JAX,JAX,CLE,CLE,JAX,0.5052389193391164,False,loss,0.7659021045164341,0.23409789548356585,1.3715722978175575,away,CLE,310.0,-1.3715722978175575
2026-09-13,2026,1,2026_01_TB_CIN,CIN,TB,TB,CIN,0.5036033334747786,False,loss,0.6369041816941223,0.36309581830587767,0.0,away,TB,164.0,
2026-09-13,2026,1,2026_01_GB_MIN,MIN,GB,MIN,GB,0.540976791570976,False,win,0.5173641257162701,0.5173641257162701,0.0,,,,
2026-09-13,2026,1,2026_01_MIA_LV,LV,MIA,MIA,LV,0.5419492901873155,False,loss,0.6369041816941223,0.36309581830587767,0.8852831065473266,away,MIA,164.0,-0.8852831065473266
2026-09-13,2026,1,2026_01_NO_DET,DET,NO,DET,NO,0.504778831474364,False,win,0.7179705215419501,0.7179705215419501,1.3715722978175575,away,NO,240.0,-1.3715722978175575
2026-09-13,2026,1,2026_01_ARI_LAC,LAC,ARI,ARI,LAC,0.5000298773444718,False,win,0.8118668596237336,0.18813314037626638,1.3715722978175575,away,ARI,410.0,5.623446421051986
2026-09-13,2026,1,2026_01_WAS_PHI,PHI,WAS,PHI,WAS,0.514224659214289,False,win,0.6574752261956054,0.6574752261956054,0.0,away,WAS,180.0,
2026-09-13,2026,1,2026_01_ATL_PIT,PIT,ATL,PIT,ATL,0.5419369116987782,False,win,0.6092362344582594,0.6092362344582594,0.0,,,,
2026-09-10,2026,1,2026_01_SF_LA,LA,SF,SF,LA,0.540625153766224,False,win,0.6369041816941223,0.36309581830587767,0.7972627229135628,away,SF,164.0,1.307510865578243
2026-09-09,2026,1,2026_01_NE_SEA,SEA,NE,NE,SEA,0.5346068214035147,False,loss,0.6092362344582594,0.39076376554174064,0.0,away,NE,145.0,
