tab,rank,player_id,player_name,position,team,game,snaps,games_played,games_counted,excluded_weeks,flagged_week,completions,completions_log,passing_tds,passing_tds_log,passing_yards,passing_yards_log,interceptions_thrown,interceptions_thrown_log,anytime_td,anytime_td_log,rushing_yards,rushing_yards_log,receptions,receptions_log,receiving_yards,receiving_yards_log,tackles,tackles_log,sacks,sacks_log,def_interceptions,def_interceptions_log
QB,1,00-0040743,Tyler Shough,QB,NO,ATL @ NO,232,3,3,,,27.0,"35, 27, 29",1.0,"3, 1, 4",252.0,"410, 252, 255",0.0,"2, 0, 1",0.0,"0, 1, 0",8.0,"8, 23, 36",,,,,,,,,,
QB,2,00-0039163,C.J. Stroud,QB,HOU,DAL @ HOU,213,3,3,,,16.0,"26, 30, 16",0.0,"2, 0, 1",167.0,"274, 353, 167",0.0,"0, 0, 0",0.0,"0, 0, 0",10.0,"15, 29, 10",,,,,,,,,,
QB,3,00-0033119,Jacoby Brissett,QB,ARI,ARI @ NYG,212,3,3,,,17.0,"27, 17, 38",1.0,"1, 1, 2",95.0,"277, 95, 280",0.0,"0, 1, 0",0.0,"0, 0, 1",4.0,"14, 7, 4",,,,,,,,,,
QB,4,00-0030565,Geno Smith,QB,NYJ,NYJ @ CHI,207,3,3,,,19.0,"19, 27, 31",0.0,"0, 1, 3",215.0,"215, 247, 321",0.0,"0, 0, 0",0.0,"0, 0, 0",7.0,"7, 17, 12",,,,,,,,,,
QB,5,00-0033106,Jared Goff,QB,DET,DET @ CAR,207,3,3,,,25.0,"26, 26, 25",2.0,"2, 4, 2",206.0,"206, 327, 269",0.0,"0, 0, 0",0.0,"0, 0, 0",2.0,"2, 7, 6",,,,,,,,,,
QB,6,00-0033873,Patrick Mahomes,QB,KC,KC @ LV,201,3,3,,,15.0,"15, 32, 20",2.0,"2, 3, 2",184.0,"184, 382, 246",0.0,"1, 0, 1",0.0,"1, 0, 0",1.0,"23, 17, 1",,,,,,,,,,
QB,7,00-0029604,Kirk Cousins,QB,LV,KC @ LV,201,3,3,,,19.0,"21, 19, 22",3.0,"3, 3, 3",160.0,"160, 253, 248",0.0,"2, 1, 0",0.0,"0, 0, 0",-6.0,"-6, 1, 3",,,,,,,,,,
QB,8,00-0039150,Bryce Young,QB,CAR,DET @ CAR,200,3,3,,,23.0,"23, 23, 26",1.0,"3, 3, 1",287.0,"361, 287, 291",0.0,"1, 0, 1",0.0,"1, 0, 0",0.0,"10, 6, 0",,,,,,,,,,
QB,9,00-0026498,Matthew Stafford,QB,LA,LA @ PHI,199,3,3,,,15.0,"15, 22, 30",0.0,"0, 4, 2",155.0,"155, 327, 390",1.0,"1, 1, 2",0.0,"0, 0, 0",-1.0,"-1, -1, 13",,,,,,,,,,
QB,10,00-0034857,Josh Allen,QB,BUF,NE @ BUF,198,3,3,,,16.0,"20, 20, 16",0.0,"2, 3, 0",204.0,"334, 248, 204",0.0,"0, 0, 2",2.0,"2, 2, 2",22.0,"23, 69, 22",,,,,,,,,,
QB,11,00-0023459,Aaron Rodgers,QB,PIT,PIT @ CLE,196,3,3,,,19.0,"24, 23, 19",0.0,"1, 0, 3",187.0,"221, 187, 292",0.0,"0, 1, 1",0.0,"0, 0, 0",-3.0,"-3, 5, 10",,,,,,,,,,
QB,12,00-0036264,Jordan Love,QB,GB,GB @ TB,193,3,3,,,16.0,"21, 16, 28",2.0,"2, 2, 2",145.0,"387, 145, 312",0.0,"1, 0, 1",0.0,"0, 0, 0",0.0,"0, 0, 0",,,,,,,,,,
QB,13,00-0036355,Justin Herbert,QB,LAC,LAC @ SEA,192,3,3,,,15.0,"17, 15, 20",1.0,"1, 1, 1",192.0,"209, 192, 226",1.0,"1, 2, 1",0.0,"0, 0, 0",2.0,"29, 2, 17",,,,,,,,,,
QB,14,00-0034796,Lamar Jackson,QB,BAL,TEN @ BAL,190,3,3,,,15.0,"17, 21, 15",1.0,"1, 1, 2",186.0,"324, 235, 186",0.0,"0, 1, 0",0.0,"1, 0, 0",34.0,"40, 34, 50",,,,,,,,,,
QB,15,00-0035710,Daniel Jones,QB,IND,IND @ WAS,190,3,3,,,19.0,"19, 22, 24",1.0,"1, 1, 1",166.0,"166, 210, 235",1.0,"1, 1, 1",0.0,"0, 0, 0",4.0,"4, 10, 5",,,,,,,,,,
QB,16,00-0038128,Malik Willis,QB,MIA,MIA @ MIN,188,3,3,,,14.0,"15, 14, 20",0.0,"0, 1, 0",197.0,"220, 197, 210",0.0,"1, 0, 1",0.0,"1, 0, 0",6.0,"39, 6, 56",,,,,,,,,,
QB,17,00-0034855,Baker Mayfield,QB,TB,GB @ TB,187,3,3,,,17.0,"23, 21, 17",0.0,"0, 1, 1",182.0,"216, 182, 217",0.0,"0, 1, 1",0.0,"1, 0, 0",6.0,"30, 29, 6",,,,,,,,,,
QB,18,00-0033077,Dak Prescott,QB,DAL,DAL @ HOU,187,3,3,,,22.0,"22, 26, 25",1.0,"2, 4, 1",175.0,"175, 279, 276",0.0,"1, 0, 0",0.0,"0, 0, 0",14.0,"14, 26, 19",,,,,,,,,,
QB,19,00-0036442,Joe Burrow,QB,CIN,JAX @ CIN,181,3,3,,,20.0,"25, 20, 28",1.0,"1, 2, 3",207.0,"254, 207, 282",0.0,"1, 0, 0",0.0,"0, 0, 0",-1.0,"20, -1, 13",,,,,,,,,,
QB,20,00-0039732,Bo Nix,QB,DEN,DEN @ SF,180,3,3,,,17.0,"17, 22, 17",1.0,"1, 1, 2",131.0,"131, 288, 186",1.0,"1, 1, 1",0.0,"0, 0, 1",2.0,"2, 6, 7",,,,,,,,,,
QB,21,00-0033537,Deshaun Watson,QB,CLE,PIT @ CLE,178,3,3,,,16.0,"16, 24, 16",1.0,"1, 2, 2",144.0,"205, 238, 144",0.0,"1, 0, 0",0.0,"0, 0, 0",22.0,"38, 22, 45",,,,,,,,,,
QB,22,00-0036389,Jalen Hurts,QB,PHI,LA @ PHI,177,3,3,,,14.0,"14, 26, 16",0.0,"3, 2, 0",153.0,"203, 264, 153",0.0,"0, 2, 1",0.0,"0, 0, 1",16.0,"46, 16, 25",,,,,,,,,,
QB,23,00-0039851,Drake Maye,QB,NE,NE @ BUF,177,3,3,,,14.0,"23, 14, 14",0.0,"1, 0, 0",178.0,"178, 208, 199",1.0,"3, 1, 2",0.0,"0, 0, 0",17.0,"47, 17, 18",,,,,,,,,,
QB,24,00-0036971,Trevor Lawrence,QB,JAX,JAX @ CIN,168,3,3,,,17.0,"18, 17, 19",0.0,"4, 0, 3",182.0,"245, 189, 182",0.0,"0, 1, 1",0.0,"0, 0, 0",3.0,"3, 6, 25",,,,,,,,,,
QB,25,00-0037834,Brock Purdy,QB,SF,DEN @ SF,163,3,3,,,15.0,"25, 20, 15",2.0,"3, 2, 4",205.0,"205, 287, 297",0.0,"1, 0, 0",0.0,"0, 1, 0",29.0,"29, 30, 34",,,,,,,,,,
QB,26,00-0040676,Cam Ward,QB,TEN,TEN @ BAL,163,3,3,,,13.0,"19, 13, 23",0.0,"1, 0, 1",140.0,"140, 183, 181",0.0,"0, 0, 1",0.0,"0, 2, 0",2.0,"21, 7, 2",,,,,,,,,,
QB,27,00-0039918,Caleb Williams,QB,CHI,NYJ @ CHI,139,2,2,,,15.0,"21, 15",0.0,"2, 0",138.0,"269, 138",0.0,"0, 1",0.0,"2, 0",42.0,"65, 42",,,,,,,,,,
QB,28,00-0035704,Drew Lock,QB,SEA,LAC @ SEA,115,2,2,,,16.0,"16, 19",1.0,"1, 3",187.0,"187, 235",0.0,"0, 0",0.0,"0, 0",0.0,"13, 0",,,,,,,,,,
QB,29,00-0031503,Jameis Winston,QB,NYG,ARI @ NYG,115,2,2,,,11.0,"11, 14",0.0,"0, 0",111.0,"111, 118",0.0,"1, 0",0.0,"0, 0",1.0,"1, 14",,,,,,,,,,
QB,30,00-0039910,Jayden Daniels,QB,WAS,IND @ WAS,109,2,2,,,11.0,"18, 11",1.0,"2, 1",96.0,"164, 96",0.0,"0, 0",0.0,"0, 0",31.0,"31, 69",,,,,,,,,,
QB,31,00-0032950,Carson Wentz,QB,MIN,MIA @ MIN,106,2,2,,,11.0,"12, 11",0.0,"3, 0",133.0,"133, 143",0.0,"0, 0",0.0,"0, 0",-1.0,"-1, 6",,,,,,,,,,
QB,32,00-0032268,Marcus Mariota,QB,WAS,IND @ WAS,101,2,2,,,11.0,"11, 19",1.0,"1, 3",111.0,"111, 183",0.0,"0, 0",0.0,"0, 0",3.0,"3, 11",,,,,,,,,,
RB,1,00-0036223,Jonathan Taylor,RB,IND,IND @ WAS,169,3,3,,,,,,,,,,,0.0,"2, 2, 0",68.0,"98, 92, 68",2.0,"3, 4, 2",4.0,"23, 40, 4",,,,,,
RB,2,00-0040122,Ashton Jeanty,RB,LV,KC @ LV,160,3,3,,,,,,,,,,,0.0,"2, 0, 0",48.0,"102, 48, 56",3.0,"6, 4, 3",15.0,"45, 15, 37",,,,,,
RB,3,00-0039139,Jahmyr Gibbs,RB,DET,DET @ CAR,156,3,3,,,,,,,,,,,1.0,"2, 1, 3",52.0,"156, 52, 99",5.0,"5, 6, 7",30.0,"30, 61, 65",,,,,,
RB,4,00-0036555,Chuba Hubbard,RB,CAR,DET @ CAR,156,3,3,,,,,,,,,,,0.0,"2, 1, 0",49.0,"49, 53, 82",2.0,"3, 2, 4",11.0,"38, 11, 28",,,,,,
RB,5,00-0038134,Kenneth Walker III,RB,KC,KC @ LV,151,3,3,,,,,,,,,,,0.0,"2, 0, 2",70.0,"173, 117, 70",2.0,"3, 6, 2",3.0,"18, 61, 3",,,,,,
RB,6,00-0036275,D'Andre Swift,RB,CHI,NYJ @ CHI,143,3,3,,,,,,,,,,,0.0,"3, 0, 0",45.0,"124, 45, 84",1.0,"1, 5, 2",4.0,"10, 54, 4",,,,,,
RB,7,00-0036997,Javonte Williams,RB,DAL,DAL @ HOU,141,3,3,,,,,,,,,,,0.0,"2, 0, 1",30.0,"41, 30, 98",2.0,"5, 3, 2",5.0,"31, 20, 5",,,,,,
RB,8,00-0037248,James Cook,RB,BUF,NE @ BUF,141,3,3,,,,,,,,,,,0.0,"0, 1, 1",57.0,"57, 135, 154",0.0,"3, 1, 0",0.0,"12, 4, 0",,,,,,
RB,9,00-0037840,Kyren Williams,RB,LA,LA @ PHI,134,3,3,,,,,,,,,,,0.0,"1, 1, 0",41.0,"41, 85, 88",2.0,"3, 2, 6",12.0,"24, 12, 70",,,,,,
RB,10,00-0038542,Bijan Robinson,RB,ATL,ATL @ NO,132,3,3,,,,,,,,,,,0.0,"1, 0, 2",72.0,"83, 72, 194",2.0,"8, 3, 2",9.0,"90, 9, 19",,,,,,
RB,11,00-0037228,Jaylen Warren,RB,PIT,PIT @ CLE,131,3,3,,,,,,,,,,,0.0,"0, 0, 0",43.0,"46, 43, 127",2.0,"5, 2, 3",27.0,"27, 34, 49",,,,,,
RB,12,00-0038597,Chase Brown,HB,CIN,JAX @ CIN,128,3,3,,,,,,,,,,,0.0,"1, 0, 0",56.0,"56, 80, 61",2.0,"5, 3, 2",2.0,"22, 2, 8",,,,,,
RB,13,00-0040715,Cam Skattebo,RB,NYG,ARI @ NYG,125,3,3,,,,,,,,,,,0.0,"1, 0, 0",36.0,"81, 36, 60",0.0,"0, 4, 3",0.0,"0, 19, 40",,,,,,
RB,14,00-0039361,Bucky Irving,RB,TB,GB @ TB,122,3,3,,,,,,,,,,,0.0,"1, 0, 0",45.0,"45, 89, 46",2.0,"7, 4, 2",1.0,"48, 1, 12",,,,,,
RB,15,00-0033293,Aaron Jones,RB,MIN,MIA @ MIN,119,3,3,,,,,,,,,,,0.0,"1, 0, 0",40.0,"40, 105, 58",0.0,"0, 0, 5",0.0,"0, 0, 34",,,,,,
RB,16,00-0038120,Breece Hall,RB,NYJ,NYJ @ CHI,119,3,3,,,,,,,,,,,0.0,"1, 0, 0",29.0,"102, 29, 32",2.0,"2, 5, 3",16.0,"16, 63, 23",,,,,,
RB,17,00-0036973,Travis Etienne,RB,NO,ATL @ NO,118,3,3,,,,,,,,,,,0.0,"0, 0, 0",25.0,"46, 25, 57",2.0,"7, 2, 2",6.0,"32, 6, 13",,,,,,
RB,18,00-0035685,David Montgomery,RB,HOU,DAL @ HOU,115,3,3,,,,,,,,,,,0.0,"3, 0, 0",10.0,"60, 10, 33",2.0,"3, 2, 2",14.0,"19, 14, 15",,,,,,
RB,19,00-0036875,Rhamondre Stevenson,RB,NE,NE @ BUF,113,3,3,,,,,,,,,,,0.0,"0, 0, 0",22.0,"51, 43, 22",1.0,"5, 1, 3",3.0,"44, 3, 16",,,,,,
RB,20,00-0032764,Derrick Henry,RB,BAL,TEN @ BAL,111,3,3,,,,,,,,,,,1.0,"3, 1, 2",68.0,"144, 68, 89",1.0,"1, 3, 1",0.0,"19, 19, 0",,,,,,
RB,21,00-0041027,Jeremiyah Love,RB,ARI,ARI @ NYG,108,3,3,,,,,,,,,,,0.0,"1, 0, 1",29.0,"41, 29, 90",2.0,"2, 3, 5",9.0,"9, 16, 19",,,,,,
RB,22,00-0040784,Quinshon Judkins,RB,CLE,PIT @ CLE,108,3,3,,,,,,,,,,,0.0,"0, 0, 0",21.0,"33, 21, 70",2.0,"2, 5, 2",9.0,"17, 27, 9",,,,,,
RB,23,00-0033280,Christian McCaffrey,RB,SF,DEN @ SF,108,3,3,,,,,,,,,,,0.0,"0, 2, 1",23.0,"68, 23, 75",4.0,"5, 4, 4",20.0,"20, 43, 41",,,,,,
RB,24,00-0037263,Tyler Allgeier,RB,ARI,ARI @ NYG,107,3,3,,,,,,,,,,,0.0,"0, 0, 0",-1.0,"61, 10, -1",2.0,"2, 2, 4",9.0,"9, 9, 10",,,,,,
RB,25,00-0040666,Omarion Hampton,RB,LAC,LAC @ SEA,104,3,3,,,,,,,,,,,0.0,"1, 1, 0",43.0,"43, 94, 56",0.0,"0, 2, 0",0.0,"0, 21, 0",,,,,,
RB,26,00-0040242,Jacory Croskey-Merritt,RB,WAS,IND @ WAS,99,3,3,,,,,,,,,,,0.0,"1, 0, 0",36.0,"63, 43, 36",1.0,"1, 1, 1",-7.0,"-7, 5, 7",,,,,,
RB,27,00-0040583,Woody Marks,RB,HOU,DAL @ HOU,98,3,3,,,,,,,,,,,0.0,"0, 0, 1",8.0,"42, 8, 15",1.0,"1, 5, 1",-2.0,"-2, 27, 6",,,,,,
RB,28,00-0039040,De'Von Achane,RB,MIA,MIA @ MIN,97,3,3,,3,,,,,,,,,0.0,"0, 0, 0?",17.0,"36, 74, 17?",0.0,"4, 3, 0?",0.0,"30, 19, 0?",,,,,,
RB,29,00-0037256,Rachaad White,RB,WAS,IND @ WAS,96,3,3,,,,,,,,,,,0.0,"0, 0, 1",22.0,"22, 43, 35",1.0,"2, 6, 1",5.0,"5, 40, 6",,,,,,
RB,30,00-0038685,Chris Brooks,RB,GB,GB @ TB,92,3,3,,,,,,,,,,,0.0,"0, 0, 0",0.0,"29, 11, 0",0.0,"0, 1, 1",0.0,"0, 15, 4",,,,,,
RB,31,00-0040719,Bhayshul Tuten,RB,JAX,JAX @ CIN,88,3,3,,,,,,,,,,,0.0,"0, 1, 1",65.0,"66, 65, 73",1.0,"1, 2, 2",-3.0,"22, -3, 17",,,,,,
RB,32,00-0035261,Tony Pollard,RB,TEN,TEN @ BAL,87,3,3,,,,,,,,,,,0.0,"0, 0, 0",35.0,"35, 64, 74",1.0,"1, 1, 4",-1.0,"-1, 1, 22",,,,,,
WR,1,00-0039424,Devaughn Vele,WR,NO,ATL @ NO,212,3,3,,,,,,,,,,,0.0,"1, 0, 0",0.0,"0, 0, 0",3.0,"7, 5, 3",39.0,"69, 64, 39",,,,,,
WR,2,00-0037239,Chris Olave,WR,NO,ATL @ NO,196,3,3,,,,,,,,,,,0.0,"0, 1, 0",0.0,"0, 0, 0",8.0,"10, 8, 9",86.0,"182, 86, 107",,,,,,
WR,3,00-0038559,Michael Wilson,WR,ARI,ARI @ NYG,192,3,3,,,,,,,,,,,0.0,"0, 0, 1",0.0,"0, 0, 0",2.0,"5, 2, 11",18.0,"56, 18, 89",,,,,,
WR,4,00-0035640,D.K. Metcalf,WR,PIT,PIT @ CLE,191,3,3,,,,,,,,,,,0.0,"0, 0, 1",0.0,"0, 0, 0",3.0,"4, 4, 3",27.0,"40, 27, 31",,,,,,
WR,5,00-0040124,Tetairoa McMillan,WR,CAR,DET @ CAR,182,3,3,,,,,,,,,,,0.0,"0, 0, 0",0.0,"0, 0, 0",2.0,"5, 5, 2",17.0,"75, 101, 17",,,,,,
WR,6,00-0037240,Jameson Williams,WR,DET,DET @ CAR,181,3,3,,,,,,,,,,,0.0,"0, 0, 0",0.0,"0, 0, 0",2.0,"4, 2, 4",33.0,"45, 33, 49",,,,,,
WR,7,00-0036963,Amon-Ra St. Brown,WR,DET,DET @ CAR,179,3,3,,,,,,,,,,,1.0,"2, 2, 1",0.0,"0, 0, 0",4.0,"10, 9, 4",19.0,"67, 142, 19",,,,,,
WR,8,00-0037740,Garrett Wilson,WR,NYJ,NYJ @ CHI,177,3,3,,,,,,,,,,,0.0,"0, 1, 1",0.0,"0, 0, 0",5.0,"6, 5, 10",57.0,"79, 57, 107",,,,,,
WR,9,00-0036900,Ja'Marr Chase,WR,CIN,JAX @ CIN,170,3,3,,,,,,,,,,,0.0,"0, 2, 1",0.0,"0, 0, 0",2.0,"2, 7, 9",12.0,"12, 75, 98",,,,,,
WR,10,00-0036912,DeVonta Smith,WR,PHI,LA @ PHI,169,3,3,,,,,,,,,,,0.0,"0, 1, 0",0.0,"0, 0, 0",3.0,"3, 10, 6",53.0,"53, 117, 65",,,,,,
WR,11,00-0041067,Bryce Lance,WR,NO,ATL @ NO,169,3,3,,,,,,,,,,,0.0,"0, 0, 0",0.0,"0, 0, 0",0.0,"3, 1, 0",0.0,"42, 8, 0",,,,,,
WR,12,00-0037238,Drake London,WR,ATL,ATL @ NO,168,3,3,,,,,,,,,,,0.0,"0, 0, 0",-2.0,"6, -2, 0",2.0,"2, 4, 9",29.0,"29, 51, 194",,,,,,
WR,13,00-0039894,Xavier Worthy,WR,KC,KC @ LV,165,3,3,,,,,,,,,,,0.0,"0, 1, 0",0.0,"0, 0, 0",2.0,"3, 5, 2",18.0,"18, 25, 20",,,,,,
WR,14,00-0035659,Terry McLaurin,WR,WAS,IND @ WAS,163,3,3,,,,,,,,,,,0.0,"0, 0, 1",0.0,"0, 0, 0",2.0,"2, 2, 6",14.0,"14, 50, 77",,,,,,
WR,15,00-0036550,Rashod Bateman,WR,BAL,TEN @ BAL,163,3,3,,,,,,,,,,,0.0,"0, 1, 0",0.0,"0, 0, 0",0.0,"0, 7, 2",0.0,"0, 88, 37",,,,,,
WR,16,00-0041037,Denzel Boston,WR,CLE,PIT @ CLE,163,3,3,,,,,,,,,,,0.0,"1, 1, 0",0.0,"0, 0, 0",2.0,"2, 5, 2",41.0,"59, 95, 41",,,,,,
WR,17,00-0039849,Marvin Harrison Jr.,WR,ARI,ARI @ NYG,163,3,3,,,,,,,,,,,0.0,"0, 0, 0",0.0,"0, 0, 0",0.0,"1, 0, 3",0.0,"33, 0, 40",,,,,,
WR,18,00-0039880,Malik Washington,WR,MIA,MIA @ MIN,161,3,3,,,,,,,,,,,0.0,"0, 0, 0",0.0,"0, 4, 5",3.0,"3, 4, 5",43.0,"53, 43, 56",,,,,,
WR,19,00-0040667,Matthew Golden,WR,GB,GB @ TB,161,3,3,,,,,,,,,,,0.0,"0, 0, 1",0.0,"0, 0, 0",4.0,"6, 4, 5",58.0,"95, 58, 100",,,,,,
WR,20,00-0039067,Rashee Rice,WR,KC,KC @ LV,160,3,3,,,,,,,,,,,0.0,"1, 0, 0",0.0,"0, 0, 0",2.0,"2, 4, 7",19.0,"19, 83, 88",,,,,,
WR,21,00-0039451,Isaiah Williams,WR,NYJ,NYJ @ CHI,160,3,3,,,,,,,,,,,0.0,"0, 0, 0",0.0,"0, 14, 0",1.0,"1, 6, 1",7.0,"7, 34, 21",,,,,,
WR,22,00-0039919,Rome Odunze,WR,CHI,NYJ @ CHI,159,3,3,,,,,,,,,,,0.0,"0, 0, 0",0.0,"0, 0, 0",2.0,"2, 3, 3",43.0,"52, 43, 44",,,,,,
WR,23,00-0038544,Quentin Johnston,WR,LAC,LAC @ SEA,158,3,3,,,,,,,,,,,0.0,"0, 0, 0",0.0,"0, 7, 0",1.0,"2, 1, 3",7.0,"17, 7, 40",,,,,,
WR,24,00-0038124,Christian Watson,WR,GB,GB @ TB,158,3,3,,,,,,,,,,,1.0,"2, 1, 1",0.0,"0, 0, 0",4.0,"6, 4, 7",41.0,"147, 41, 96",,,,,,
WR,25,00-0038994,Jordan Addison,WR,MIN,MIA @ MIN,158,3,3,,,,,,,,,,,0.0,"0, 0, 1",0.0,"0, 0, 0",0.0,"0, 2, 5",0.0,"0, 21, 90",,,,,,
WR,26,00-0040129,Emeka Egbuka,WR,TB,GB @ TB,156,3,3,,,,,,,,,,,0.0,"0, 1, 0",-3.0,"0, -3, 0",3.0,"5, 3, 5",16.0,"63, 16, 62",,,,,,
WR,27,00-0037247,George Pickens,WR,DAL,DAL @ HOU,154,3,3,,,,,,,,,,,0.0,"0, 0, 0",0.0,"0, 0, 0",3.0,"3, 6, 7",28.0,"28, 40, 82",,,,,,
WR,28,00-0038543,Jaxon Smith-Njigba,WR,SEA,LAC @ SEA,150,3,3,,,,,,,,,,,1.0,"1, 3, 2",0.0,"0, 0, 0",8.0,"8, 9, 10",122.0,"122, 155, 128",,,,,,
WR,29,00-0038997,Josh Downs,WR,IND,IND @ WAS,150,3,3,,,,,,,,,,,0.0,"0, 0, 0",0.0,"0, 0, 0",2.0,"2, 7, 5",37.0,"37, 72, 77",,,,,,
WR,30,00-0036358,CeeDee Lamb,WR,DAL,DAL @ HOU,149,3,3,,,,,,,,,,,0.0,"1, 2, 0",0.0,"0, 0, 0",5.0,"5, 8, 7",44.0,"44, 153, 112",,,,,,
WR,31,00-0033921,Chris Godwin,WR,TB,GB @ TB,148,3,3,,,,,,,,,,,0.0,"0, 0, 0",0.0,"3, 12, 0",3.0,"4, 3, 3",25.0,"40, 46, 25",,,,,,
WR,32,00-0032464,Kalif Raymond,WR,CHI,NYJ @ CHI,145,3,3,,,,,,,,,,,0.0,"0, 0, 1",0.0,"0, 0, 0",5.0,"8, 5, 6",40.0,"84, 40, 90",,,,,,
TE,1,00-0040126,Colston Loveland,TE,CHI,NYJ @ CHI,186,3,3,,,,,,,,,,,0.0,"0, 0, 0",0.0,"0, 0, 0",0.0,"0, 1, 4",0.0,"0, 3, 31",,,,,,
TE,2,00-0039065,Sam LaPorta,TE,DET,DET @ CAR,186,3,3,,,,,,,,,,,0.0,"0, 1, 0",0.0,"0, 0, 0",3.0,"5, 6, 3",44.0,"48, 52, 44",,,,,,
TE,3,00-0037744,Trey McBride,TE,ARI,ARI @ NYG,183,3,3,,,,,,,,,,,0.0,"1, 1, 0",0.0,"0, 0, 0",8.0,"9, 8, 9",41.0,"95, 41, 75",,,,,,
TE,4,00-0038129,Cade Otton,TE,TB,GB @ TB,179,3,3,,,,,,,,,,,0.0,"0, 0, 0",0.0,"0, 0, 0",3.0,"3, 5, 3",26.0,"26, 38, 56",,,,,,
TE,5,00-0040128,Tyler Warren,TE,IND,IND @ WAS,175,3,3,,,,,,,,,,,0.0,"1, 1, 0",0.0,"0, 3, 2",3.0,"3, 6, 9",13.0,"13, 21, 55",,,,,,
TE,6,00-0039066,Michael Mayer,TE,LV,KC @ LV,169,3,3,,,,,,,,,,,0.0,"0, 0, 1",0.0,"0, 0, 0",3.0,"6, 3, 3",23.0,"32, 23, 32",,,,,,
TE,7,00-0039793,AJ Barner,TE,SEA,LAC @ SEA,161,3,3,,,,,,,,,,,0.0,"0, 1, 0",0.0,"0, 1, 0",1.0,"2, 1, 5",8.0,"13, 8, 69",,,,,,
TE,8,00-0030506,Travis Kelce,TE,KC,KC @ LV,158,3,3,,,,,,,,,,,0.0,"0, 1, 1",0.0,"0, 0, 0",2.0,"3, 9, 2",59.0,"71, 101, 59",,,,,,
TE,9,00-0036040,Juwan Johnson,TE,NO,ATL @ NO,158,3,3,,,,,,,,,,,0.0,"1, 0, 2",0.0,"0, 0, 0",3.0,"3, 4, 8",53.0,"54, 66, 53",,,,,,
TE,10,00-0038996,Tucker Kraft,TE,GB,GB @ TB,153,3,3,,,,,,,,,,,0.0,"0, 0, 0",0.0,"0, 0, 0",2.0,"3, 2, 4",15.0,"65, 15, 26",,,,,,
TE,11,00-0040663,Harold Fannin,TE,CLE,PIT @ CLE,152,3,3,,,,,,,,,,,0.0,"0, 0, 2",0.0,"0, 0, 0",2.0,"2, 5, 7",21.0,"21, 54, 51",,,,,,
TE,12,00-0033090,Hunter Henry,TE,NE,NE @ BUF,148,3,3,,,,,,,,,,,0.0,"0, 0, 0",0.0,"0, 0, 0",1.0,"3, 3, 1",5.0,"26, 40, 5",,,,,,
TE,13,00-0035689,Dawson Knox,TE,BUF,NE @ BUF,141,3,3,,,,,,,,,,,0.0,"0, 1, 0",0.0,"0, 0, 0",1.0,"1, 2, 1",5.0,"7, 5, 5",,,,,,
TE,14,00-0036290,Cole Kmet,TE,CHI,NYJ @ CHI,137,3,3,,,,,,,,,,,0.0,"1, 0, 0",0.0,"0, 0, 0",0.0,"2, 0, 0",0.0,"35, 0, 0",,,,,,
TE,15,00-0038935,Brenton Strange,TE,JAX,JAX @ CIN,136,3,3,,,,,,,,,,,0.0,"1, 0, 0",0.0,"0, 0, 0",2.0,"2, 2, 3",17.0,"23, 17, 32",,,,,,
TE,16,00-0038933,Dalton Kincaid,TE,BUF,NE @ BUF,135,3,3,,,,,,,,,,,0.0,"0, 1, 0",0.0,"0, 0, 0",2.0,"5, 7, 2",38.0,"130, 95, 38",,,,,,
TE,17,00-0034383,Dalton Schultz,TE,HOU,DAL @ HOU,135,3,3,,,,,,,,,,,0.0,"0, 0, 0",0.0,"0, 0, 0",3.0,"4, 12, 3",30.0,"35, 140, 30",,,,,,
TE,18,00-0040584,Gunnar Helm,TE,TEN,TEN @ BAL,133,3,3,,,,,,,,,,,0.0,"0, 0, 0",0.0,"0, 0, 0",2.0,"4, 2, 2",13.0,"28, 13, 14",,,,,,
TE,19,00-0036894,Pat Freiermuth,TE,PIT,PIT @ CLE,132,3,3,,,,,,,,,,,0.0,"1, 0, 0",0.0,"0, 2, 1",2.0,"5, 4, 2",30.0,"46, 32, 30",,,,,,
TE,20,00-0037252,Greg Dulcich,TE,MIA,MIA @ MIN,130,3,3,,,,,,,,,,,0.0,"0, 0, 0",0.0,"0, 0, 0",2.0,"2, 2, 5",17.0,"18, 17, 55",,,,,,
TE,21,00-0035229,T.J. Hockenson,TE,MIN,MIA @ MIN,129,3,3,,,,,,,,,,,0.0,"1, 0, 0",0.0,"0, 0, 0",2.0,"4, 3, 2",11.0,"36, 29, 11",,,,,,
TE,22,00-0037838,Isaiah Likely,TE,NYG,ARI @ NYG,128,3,3,,,,,,,,,,,0.0,"2, 0, 0",0.0,"0, 0, 0",2.0,"8, 5, 2",13.0,"78, 33, 13",,,,,,
TE,23,00-0038041,Jake Ferguson,TE,DAL,DAL @ HOU,128,3,3,,,,,,,,,,,0.0,"0, 2, 1",0.0,"0, 0, 0",2.0,"2, 4, 3",6.0,"6, 43, 23",,,,,,
TE,24,00-0036244,Colby Parkinson,TE,LA,LA @ PHI,128,3,3,,,,,,,,,,,0.0,"0, 0, 0",0.0,"0, 0, 0",0.0,"1, 2, 0",0.0,"6, 15, 0",,,,,,
TE,25,00-0038558,Darnell Washington,TE,PIT,PIT @ CLE,127,3,3,,,,,,,,,,,0.0,"0, 0, 0",0.0,"0, 0, 0",1.0,"2, 1, 3",7.0,"18, 7, 67",,,,,,
TE,26,00-0034753,Mark Andrews,TE,BAL,TEN @ BAL,123,3,3,,,,,,,,,,,0.0,"0, 0, 0",0.0,"0, 0, 0",3.0,"4, 6, 3",24.0,"49, 49, 24",,,,,,
TE,27,00-0036429,Charlie Woerner,TE,ATL,ATL @ NO,114,3,3,,,,,,,,,,,0.0,"0, 0, 0",0.0,"0, 0, 0",0.0,"0, 0, 0",0.0,"0, 0, 0",,,,,,
TE,28,00-0037005,Tommy Tremble,TE,CAR,DET @ CAR,112,3,3,,,,,,,,,,,0.0,"0, 0, 0",0.0,"0, 0, 0",1.0,"3, 1, 3",4.0,"25, 4, 41",,,,,,
TE,29,00-0036637,Noah Gray,TE,KC,KC @ LV,111,3,3,,,,,,,,,,,0.0,"0, 0, 0",0.0,"0, 0, 0",0.0,"1, 0, 3",0.0,"5, 0, 39",,,,,,
TE,30,00-0035644,Noah Fant,TE,NO,ATL @ NO,109,3,3,,,,,,,,,,,0.0,"1, 0, 2",0.0,"0, 0, 0",0.0,"4, 0, 4",0.0,"33, 0, 33",,,,,,
TE,31,00-0034798,Durham Smythe,TE,BAL,TEN @ BAL,108,3,3,,,,,,,,,,,0.0,"0, 0, 0",0.0,"0, 0, 0",0.0,"1, 0, 0",0.0,"4, 0, 0",,,,,,
TE,32,00-0035631,Drew Sample,TE,CIN,JAX @ CIN,107,3,3,,,,,,,,,,,0.0,"0, 0, 0",0.0,"0, 0, 0",0.0,"3, 0, 1",0.0,"19, 0, 0",,,,,,
DL,1,00-0037236,Aidan Hutchinson,DE,DET,DET @ CAR,202,3,3,,,,,,,,,,,,,,,,,,,2.0,"5, 3, 2",0.5,"2, 1, 0.5",0.0,"0, 0, 0"
DL,2,00-0036624,Alim McNeill,DL,DET,DET @ CAR,197,3,3,,,,,,,,,,,,,,,,,,,1.0,"1, 2, 2",0.0,"1, 0, 1",0.0,"0, 0, 0"
DL,3,00-0035643,Jeffery Simmons,DT,TEN,TEN @ BAL,179,3,3,,,,,,,,,,,,,,,,,,,4.0,"4, 6, 10",0.0,"0, 1, 1",0.0,"0, 0, 0"
DL,4,00-0034973,Maxx Crosby,DE,LV,KC @ LV,169,3,3,,,,,,,,,,,,,,,,,,,1.0,"2, 1, 2",0.0,"1.5, 0, 0",0.0,"0, 0, 0"
DL,5,00-0038778,Jalen Redmond,DL,MIN,MIA @ MIN,169,3,3,,,,,,,,,,,,,,,,,,,1.0,"4, 4, 1",0.0,"0, 0, 0",0.0,"0, 0, 0"
DL,6,00-0032378,DeForest Buckner,DT,IND,IND @ WAS,163,3,3,,,,,,,,,,,,,,,,,,,2.0,"2, 5, 7",0.5,"0.5, 1, 1.5",0.0,"0, 0, 0"
DL,7,00-0037192,George Karlaftis III,DE,KC,KC @ LV,160,3,3,,,,,,,,,,,,,,,,,,,2.0,"3, 5, 2",0.0,"0, 0, 0",0.0,"0, 0, 1"
DL,8,00-0038386,Jalen Carter,DT,PHI,LA @ PHI,158,3,3,,,,,,,,,,,,,,,,,,,1.0,"3, 1, 2",0.0,"0, 1, 0",0.0,"0, 0, 0"
DL,9,00-0039108,Will Anderson,DE,HOU,DAL @ HOU,155,3,3,,,,,,,,,,,,,,,,,,,3.0,"3, 7, 7",0.5,"0.5, 1, 2.5",0.0,"0, 0, 0"
DL,10,00-0035718,Quinnen Williams,DT,DAL,DAL @ HOU,151,3,3,,,,,,,,,,,,,,,,,,,2.0,"2, 4, 2",0.0,"0, 0, 0",0.0,"0, 0, 0"
DL,11,00-0036321,Chase Young,DE,NO,ATL @ NO,151,3,3,,,,,,,,,,,,,,,,,,,0.0,"0, 2, 2",0.0,"0, 1.5, 2",0.0,"0, 0, 0"
DL,12,00-0035248,Zach Allen,DL,DEN,DEN @ SF,151,3,3,,,,,,,,,,,,,,,,,,,1.0,"5, 1, 2",0.0,"2, 0, 1",0.0,"0, 0, 0"
DL,13,00-0031565,Danielle Hunter,DE,HOU,DAL @ HOU,151,3,3,,,,,,,,,,,,,,,,,,,0.0,"0, 1, 6",0.0,"0, 1, 0.5",0.0,"0, 0, 0"
DL,14,00-0036942,Osa Odighizuwa,DL,SF,DEN @ SF,148,3,3,,,,,,,,,,,,,,,,,,,1.0,"2, 2, 1",0.0,"0, 0, 0",0.0,"0, 0, 0"
DL,15,00-0039112,Lukas Van Ness,DE,GB,GB @ TB,146,3,3,,,,,,,,,,,,,,,,,,,4.0,"4, 8, 4",0.0,"1, 1.5, 0",0.0,"0, 0, 0"
DL,16,00-0034825,Arden Key,DE,IND,IND @ WAS,145,3,3,,,,,,,,,,,,,,,,,,,0.0,"5, 1, 0",0.0,"0.5, 0, 0",0.0,"0, 0, 0"
DL,17,00-0033120,Kenny Clark,DT,DAL,DAL @ HOU,144,3,3,,,,,,,,,,,,,,,,,,,2.0,"2, 3, 2",0.0,"0, 0, 0",0.0,"0, 0, 0"
DL,18,00-0039340,Laiatu Latu,DE,IND,IND @ WAS,144,3,3,,,,,,,,,,,,,,,,,,,2.0,"6, 4, 2",0.0,"0.5, 0, 0",0.0,"0, 0, 0"
DL,19,00-0040710,Deone Walker,DL,BUF,NE @ BUF,143,3,3,,,,,,,,,,,,,,,,,,,1.0,"6, 1, 3",0.0,"1, 0, 0",0.0,"0, 0, 0"
DL,20,00-0034760,Nathan Shepherd,DL,NO,ATL @ NO,142,3,3,,,,,,,,,,,,,,,,,,,3.0,"3, 4, 3",0.0,"0, 0.5, 0",0.0,"0, 0, 0"
DL,21,00-0031933,Leonard Williams,DT,SEA,LAC @ SEA,140,3,3,,,,,,,,,,,,,,,,,,,2.0,"4, 5, 2",1.0,"1, 1, 1",0.0,"0, 0, 0"
DL,22,00-0038133,Boye Mafe,DE,CIN,JAX @ CIN,140,3,3,,,,,,,,,,,,,,,,,,,1.0,"1, 2, 1",0.0,"1, 0, 0",0.0,"0, 0, 0"
DL,23,00-0036335,D.J. Wonnum,DE,DET,DET @ CAR,140,3,3,,,,,,,,,,,,,,,,,,,2.0,"3, 2, 2",0.0,"0, 0, 2",0.0,"0, 0, 0"
DL,24,00-0036220,Derrick Brown,DT,CAR,DET @ CAR,139,3,3,,,,,,,,,,,,,,,,,,,2.0,"3, 2, 5",0.0,"0, 0, 0",0.0,"0, 0, 0"
DL,25,00-0037663,Jermaine Johnson II,DE,TEN,TEN @ BAL,135,3,3,,,,,,,,,,,,,,,,,,,2.0,"2, 2, 4",0.0,"0, 0, 0",0.0,"0, 0, 0"
DL,26,00-0035683,Dexter Lawrence,DT,CIN,JAX @ CIN,135,3,3,,,,,,,,,,,,,,,,,,,0.0,"0, 3, 4",0.0,"0, 0, 2",0.0,"0, 0, 0"
DL,27,00-0035402,Carl Granderson,DE,NO,ATL @ NO,134,3,3,,,,,,,,,,,,,,,,,,,2.0,"2, 5, 4",0.0,"1, 0, 0",0.0,"0, 0, 0"
DL,28,00-0033523,Jonathan Allen,DT,CIN,JAX @ CIN,131,3,3,,,,,,,,,,,,,,,,,,,1.0,"3, 1, 2",0.0,"1, 1, 0",0.0,"0, 0, 0"
DL,29,00-0039309,Byron Murphy,DE,SEA,LAC @ SEA,131,3,3,,,,,,,,,,,,,,,,,,,2.0,"2, 2, 7",0.0,"0, 0, 0",0.0,"0, 0, 0"
DL,30,00-0039852,Jared Verse,DE,CLE,PIT @ CLE,131,3,3,,,,,,,,,,,,,,,,,,,1.0,"4, 1, 3",0.0,"0, 0, 0",0.0,"0, 0, 0"
DL,31,00-0040685,Mason Graham,DT,CLE,PIT @ CLE,131,3,3,,,,,,,,,,,,,,,,,,,3.0,"4, 3, 7",1.0,"1, 1, 2",0.0,"0, 0, 0"
DL,32,00-0038412,Moro Ojomo,DT,PHI,LA @ PHI,130,3,3,,,,,,,,,,,,,,,,,,,3.0,"3, 4, 3",0.0,"0, 0, 0",0.0,"0, 0, 0"
DB,1,00-0034384,D.J. Reed,CB,DET,DET @ CAR,222,3,3,,,,,,,,,,,,,,,,,,,6.0,"10, 6, 8",0.0,"0, 0, 0",0.0,"0, 0, 0"
DB,2,00-0036874,Patrick Surtain II,CB,DEN,DEN @ SF,214,3,3,,,,,,,,,,,,,,,,,,,3.0,"3, 6, 8",0.0,"0, 0, 0",0.0,"0, 0, 0"
DB,3,00-0038552,Riley Moss,CB,DEN,DEN @ SF,213,3,3,,,,,,,,,,,,,,,,,,,2.0,"5, 2, 6",0.0,"0, 0, 0",0.0,"0, 1, 0"
DB,4,00-0035253,C.J. Gardner-Johnson,S,BUF,NE @ BUF,212,3,3,,,,,,,,,,,,,,,,,,,1.0,"8, 1, 5",0.0,"0, 0, 0",0.0,"0, 0, 1"
DB,5,00-0036564,Talanoa Hufanga,S,DEN,DEN @ SF,211,3,3,,,,,,,,,,,,,,,,,,,5.0,"6, 6, 5",0.0,"0, 0, 1",0.0,"0, 0, 2"
DB,6,00-0036348,Josh Metellus,S,MIN,MIA @ MIN,211,3,3,,,,,,,,,,,,,,,,,,,4.0,"4, 7, 9",0.0,"0, 0, 0.5",0.0,"0, 0, 0"
DB,7,00-0036388,Xavier McKinney,S,GB,GB @ TB,210,3,3,,,,,,,,,,,,,,,,,,,3.0,"3, 4, 5",0.0,"0, 0, 0",0.0,"0, 0, 1"
DB,8,00-0039813,Evan Williams,S,GB,GB @ TB,210,3,3,,,,,,,,,,,,,,,,,,,7.0,"7, 9, 10",0.0,"0, 0, 0",0.0,"0, 0, 0"
DB,9,00-0035133,Keisean Nixon,CB,GB,GB @ TB,209,3,3,,,,,,,,,,,,,,,,,,,5.0,"5, 7, 6",0.0,"0.5, 0, 0",0.0,"1, 0, 0"
DB,10,00-0036221,Brandon Jones,S,DEN,DEN @ SF,208,3,3,,,,,,,,,,,,,,,,,,,5.0,"5, 5, 12",0.0,"0, 0, 0",0.0,"1, 0, 0"
DB,11,00-0035236,Byron Murphy,CB,MIN,MIA @ MIN,208,3,3,,,,,,,,,,,,,,,,,,,1.0,"8, 7, 1",0.0,"0, 0, 0",0.0,"0, 1, 0"
DB,12,00-0040141,Kevin Winston,S,TEN,TEN @ BAL,207,3,3,,,,,,,,,,,,,,,,,,,4.0,"10, 8, 4",0.0,"0, 0, 0",0.0,"0, 0, 0"
DB,13,00-0038121,Alontae Taylor,CB,TEN,TEN @ BAL,206,3,3,,,,,,,,,,,,,,,,,,,4.0,"6, 5, 4",0.0,"0, 0, 1",0.0,"0, 0, 0"
DB,14,00-0039872,Cole Bishop,S,BUF,NE @ BUF,206,3,3,,,,,,,,,,,,,,,,,,,5.0,"7, 6, 5",0.0,"0, 0, 0",0.0,"0, 0, 0"
DB,15,00-0036222,Isaiah Rodgers,CB,MIN,MIA @ MIN,205,3,3,,,,,,,,,,,,,,,,,,,3.0,"3, 4, 6",0.0,"0, 0, 0",0.0,"0, 0, 1"
DB,16,00-0034361,Justin Reid,S,NO,ATL @ NO,205,3,3,,,,,,,,,,,,,,,,,,,3.0,"8, 3, 4",0.0,"0, 0, 0",0.0,"0, 0, 0"
DB,17,00-0035632,Amani Hooker,S,TEN,TEN @ BAL,205,3,3,,,,,,,,,,,,,,,,,,,6.0,"9, 6, 6",0.0,"0, 0, 0",0.0,"0, 1, 0"
DB,18,00-0039860,Kool-Aid McKinstry,CB,NO,ATL @ NO,205,3,3,,,,,,,,,,,,,,,,,,,3.0,"7, 3, 5",0.0,"0, 0, 0",0.0,"0, 0, 0"
DB,19,00-0036253,Julian Blackmon,S,NO,ATL @ NO,205,3,3,,,,,,,,,,,,,,,,,,,2.0,"6, 2, 3",0.0,"0, 0, 0",0.0,"0, 1, 0"
DB,20,00-0036962,Tre'von Moehrig,S,CAR,DET @ CAR,204,3,3,,,,,,,,,,,,,,,,,,,3.0,"3, 5, 4",0.0,"0, 0, 0",0.0,"0, 0, 0"
DB,21,00-0036629,Camryn Bynum,S,IND,IND @ WAS,202,3,3,,,,,,,,,,,,,,,,,,,2.0,"7, 9, 2",0.0,"0, 0, 0",0.0,"0, 0, 0"
DB,22,00-0037275,DaRon Bland,CB,DAL,DAL @ HOU,200,3,3,,,,,,,,,,,,,,,,,,,1.0,"8, 5, 1",0.0,"0, 0, 0",0.0,"0, 0, 0"
DB,23,00-0036282,Grant Delpit,S,CLE,PIT @ CLE,199,3,3,,,,,,,,,,,,,,,,,,,3.0,"3, 5, 4",0.0,"0, 1, 0",0.0,"0, 0, 0"
DB,24,00-0038560,Jordan Battle,S,CIN,JAX @ CIN,198,3,3,,,,,,,,,,,,,,,,,,,4.0,"9, 8, 4",0.0,"0, 0, 0",0.0,"0, 0, 1"
DB,25,00-0037743,Daxton Hill,CB,CIN,JAX @ CIN,198,3,3,,,,,,,,,,,,,,,,,,,4.0,"7, 10, 4",0.0,"0, 0, 0",0.0,"0, 0, 0"
DB,26,00-0034856,Denzel Ward,CB,CLE,PIT @ CLE,198,3,3,,,,,,,,,,,,,,,,,,,3.0,"5, 5, 3",0.0,"0, 0, 0",0.0,"0, 0, 0"
DB,27,00-0036901,Eric Stokes,CB,LV,KC @ LV,198,3,3,,,,,,,,,,,,,,,,,,,2.0,"2, 4, 2",0.0,"0, 1, 0",0.0,"0, 0, 0"
DB,28,00-0038549,DJ Turner,CB,CIN,JAX @ CIN,198,3,3,,,,,,,,,,,,,,,,,,,0.0,"4, 5, 0",0.0,"0, 0, 0",0.0,"0, 0, 0"
DB,29,00-0039345,Renardo Green,CB,SF,DEN @ SF,198,3,3,,,,,,,,,,,,,,,,,,,2.0,"3, 2, 13",0.0,"0, 0, 0",0.0,"1, 0, 0"
DB,30,00-0036293,Jeremy Chinn,S,LV,KC @ LV,198,3,3,,,,,,,,,,,,,,,,,,,4.0,"5, 4, 8",0.0,"0, 0, 1",0.0,"0, 0, 0"
DB,31,00-0040148,Xavier Watts,S,ATL,ATL @ NO,196,3,3,,,,,,,,,,,,,,,,,,,4.0,"4, 7, 5",0.0,"0, 0, 0",0.0,"0, 0, 1"
DB,32,00-0038715,Ronnie Hickman,S,CLE,PIT @ CLE,196,3,3,,,,,,,,,,,,,,,,,,,3.0,"8, 3, 8",0.0,"0, 1, 0",0.0,"0, 0, 1"
