player_or_topic,note,source_name,source_url
"Fernando Mendoza (QB, LV)","The draft's No. 1 overall pick opened training camp as Kirk Cousins' backup rather than the Week 1 starter - real patience from a team that just signed a veteran, worth tracking for any in-season change of course.",Fox Sports,https://www.foxsports.com/stories/nfl/a-firedup-kirk-cousins-digs-in-as-raiders-starter-while-fernando-mendoza-surges-in-camp
2026 rookie QB class,"For the first time since 2022, this rookie QB class may open the season with zero Week 1 starters - a real signal to treat rookie quarterbacks as late-value bestball stashes rather than Week 1 building blocks this year.",NFL.com,https://www.nfl.com/news/2026-nfl-draft-aftermath-will-any-rookie-quarterback-start-in-week-1
"Jeremiyah Love (RB, ARI)","The No. 3 overall pick and a real three-down talent at Notre Dame, but Arizona has reportedly been giving veteran Tyler Allgeier the bulk of first-team camp reps early - a genuine committee risk despite Love's fully guaranteed $53M rookie deal.",Yahoo Sports,https://sports.yahoo.com/nfl/article/cardinals-oc-nathaniel-hackett-declines-to-name-rookie-jeremiyah-love-starting-rb-as-training-camp-opens-180842052.html
"Jadarian Price (RB, SEA)","Seattle's final first-round pick was drafted as the eventual answer to Kenneth Walker III's departure, and the Seahawks have reportedly been maximizing his reps across all three offensive units early in camp - a real shot at a lead role as a rookie.",RotoBaller,https://www.rotoballer.com/fantasy-football-rookie-rb-outlooks-jeremiyah-love-jadarian-price-jonah-coleman-2026/1902826
"Jonah Coleman (RB, DEN)","A fourth-round pick penciled in as Denver's real RB3 behind J.K. Dobbins and RJ Harvey - a true three-down back at Washington who fell in the draft on straight-line-speed concerns, positioned for a real passing-down role as a rookie.",Yahoo Sports,https://sports.yahoo.com/articles/broncos-updated-running-back-depth-123047590.html
"Kenyon Sadiq (TE, NYJ)","The Jets' first-round tight end (No. 16 overall) dealt with a real setback recovering from offseason hernia surgery, but has reportedly kept earning the coaching staff's trust despite the rocky start to camp.",SI,https://www.si.com/nfl/jets/onsi/kenyon-sadiq-keeps-earning-jets-trust-despite-rocky-start-01kyz3hbkzwb
"Sam Roush (TE, CHI)","A third-round pick out of Stanford who posted the best Relative Athletic Score of any tight end in this draft class, but he's ticketed for a real TE3 role in Chicago behind Colston Loveland and Cole Kmet - limited early-season target share to expect.",Chicago Bears,https://www.chicagobears.com/news/bears-2026-training-camp-position-preview-tight-end
"De'Zhaun Stribling (WR, SF)","San Francisco's No. 33 overall pick opened camp as the 49ers' fourth receiver, but real injuries to Christian Kirk and Ricky Pearsall have already pushed him into first-team snaps, with Brock Purdy publicly praising his reliability.",Yahoo Sports,https://sports.yahoo.com/articles/49ers-dezhaun-stribling-takes-immediate-185007283.html
"Cyrus Allen (WR, KC)","A real camp riser - the fifth-round pick has emerged as Patrick Mahomes' most-targeted receiver early in Chiefs camp and led all pass-catchers in first-team reps, though he did suffer (and avoid serious injury from) a shin bruise.",ESPN,https://www.espn.com/nfl/story/_/id/49500558/2026-kansas-city-chiefs-training-camp-cyrus-allen-patrick-mahomes
