player_id,ecr,ecr_sd,ecr_best,ecr_worst
00-0038542,1.5,0.5,1,2
00-0039139,1.67,0.75,1,3
00-0036900,3.17,0.69,2,4
00-0039075,3.83,0.69,3,5
00-0038543,5.67,0.75,5,7
00-0036963,7.17,0.69,6,8
00-0033280,7.83,5.52,4,20
00-0036223,9.67,2.62,6,14
00-0037248,10.33,3.3,6,15
00-0036358,12.0,3.27,9,17
00-0038597,12.17,2.91,9,16
00-0036322,14.5,7.21,8,30
00-0040666,14.67,1.7,13,18
00-0039040,16.0,2.89,11,18
00-0040122,16.17,7.99,9,31
00-0037238,17.0,5.1,12,27
00-0039338,18.33,3.73,12,23
00-0036554,20.67,4.35,13,25
00-0034844,21.17,8.9,12,37
00-0035676,21.33,10.14,9,38
00-0037247,22.67,3.3,19,27
00-0038134,23.17,11.38,13,44
00-0032764,25.83,10.7,16,48
00-0036912,27.17,5.98,16,35
00-0038120,27.17,4.18,24,36
00-0037744,27.5,3.64,22,34
00-0036997,28.17,6.59,19,39
00-0039067,28.33,15.11,8,49
00-0039064,30.0,7.07,18,39
00-0037239,32.33,9.41,21,49
00-0037840,32.67,9.23,20,45
00-0034857,33.33,4.71,26,38
00-0040124,34.67,10.26,21,54
00-0040129,36.67,7.93,24,48
00-0041027,37.0,11.36,23,57
00-0039337,37.67,9.34,22,50
00-0036410,38.0,6.61,30,47
00-0036613,39.33,6.7,25,45
00-0037740,40.5,5.59,33,51
00-0039915,41.5,11.9,30,61
00-0035700,41.67,12.04,24,56
00-0035659,42.5,5.8,33,52
00-0036973,45.0,11.25,33,64
00-0040735,46.33,4.92,38,52
00-0034827,49.67,6.6,40,59
00-0031408,49.83,5.34,43,57
00-0034796,50.0,12.92,36,74
00-0040126,51.0,25.27,26,102
00-0037240,51.17,18.1,19,74
00-0036442,51.67,15.18,27,67
00-0040734,53.17,17.35,37,86
00-0039851,54.17,16.18,29,76
00-0035685,55.33,6.65,45,65
00-0031381,55.67,12.05,43,79
00-0041438,55.83,8.65,46,70
00-0040715,56.0,8.91,49,75
00-0039910,56.33,18.78,29,83
00-0038124,58.5,12.19,41,78
00-0036275,58.67,7.36,49,72
00-0039361,59.17,9.82,51,80
00-0036389,61.17,15.07,32,74
00-0040719,61.17,22.38,43,109
00-0040128,62.67,6.45,56,71
00-0041512,63.67,14.82,35,85
00-0040784,64.67,14.01,47,91
00-0038996,65.5,11.94,42,80
00-0041029,67.0,4.32,62,74
00-0039919,72.5,15.97,47,93
00-0037664,74.5,19.79,36,99
00-0038606,74.67,15.58,58,101
00-0036971,76.17,7.22,67,87
00-0039918,76.33,11.9,62,97
00-0033077,76.83,16.62,58,108
00-0036355,77.0,11.66,58,90
00-0039849,77.33,16.73,65,114
00-0035640,77.67,12.35,54,90
00-0035261,78.17,17.01,55,105
00-0037228,78.67,6.39,70,85
00-0039893,78.83,20.92,55,106
00-0034348,84.0,19.0,53,110
00-0039065,84.83,6.52,75,93
00-0036875,85.5,12.59,72,111
00-0033921,86.83,13.45,66,110
00-0040867,88.5,18.9,72,126
00-0038544,88.67,25.2,45,126
00-0039344,90.0,11.02,76,107
00-0040691,92.17,17.98,62,111
00-0037834,92.67,15.93,77,124
00-0038117,93.0,13.01,78,113
00-0036139,93.17,13.53,73,117
00-0038997,93.5,19.16,70,127
00-0040730,93.5,15.69,81,126
00-0036970,94.0,10.17,84,113
00-0036555,94.33,15.81,66,119
00-0036252,95.17,19.4,62,125
00-0033873,95.5,10.36,78,107
00-0038559,96.67,22.71,68,129
00-0040663,97.33,14.14,76,114
00-0030506,97.5,13.96,77,121
00-0039732,97.83,9.32,83,112
00-0038994,98.17,22.55,56,119
00-0033288,100.0,20.11,60,120
00-0034960,103.83,22.81,71,137
00-0039894,105.33,30.21,61,149
00-0040236,105.67,7.06,96,116
00-0033106,106.17,11.82,88,127
00-0038933,107.67,20.59,79,142
00-0026498,108.67,18.99,69,124
00-0039738,110.5,17.56,92,144
00-0036158,112.0,35.42,72,171
00-0040130,112.17,18.69,79,136
00-0036919,112.5,15.54,82,131
00-0039146,113.17,19.48,81,136
00-0037256,113.5,24.14,72,152
00-0035228,115.83,8.88,105,133
00-0033293,117.5,22.26,87,159
00-0037816,117.5,9.78,101,134
00-0034855,117.67,8.83,100,128
00-0036264,118.33,9.03,107,132
00-0034351,119.67,15.99,91,134
00-0040743,123.83,15.61,103,146
00-0039491,124.0,12.46,98,135
00-0040242,124.33,15.69,92,138
00-0038041,124.83,18.85,98,157
00-0037525,127.5,25.66,103,182
00-0034753,127.83,24.31,100,174
00-0038128,128.83,31.56,104,195
00-0037838,130.83,40.25,87,210
00-0037261,131.5,14.83,101,145
00-0040667,135.33,18.85,112,162
00-0039163,140.5,21.37,112,178
00-0041547,102.0,11.45,91,120
00-0037545,142.5,21.05,118,183
00-0041037,144.67,10.75,122,153
00-0036040,146.67,20.2,116,167
00-0039384,148.67,19.68,130,188
00-0040583,152.0,22.8,115,184
00-0037809,152.17,31.04,110,203
00-0037263,154.5,34.67,121,229
00-0037252,155.5,26.81,112,188
00-0038935,155.67,21.42,128,194
00-0033906,157.5,21.46,129,199
00-0039165,157.67,18.39,140,192
00-0038454,159.33,57.03,122,285
00-0040162,159.83,26.02,121,200
00-0040676,161.5,33.92,134,236
00-0033090,162.67,20.61,133,187
00-0040189,163.83,27.08,123,215
00-0041496,164.0,34.63,137,239
00-0041032,164.67,35.05,123,216
00-0034383,164.83,21.78,143,210
00-0037197,167.33,14.08,149,189
00-0031588,133.0,22.24,94,163
00-0036407,170.0,15.0,144,194
00-0041511,137.6,10.13,122,153
00-0034869,139.8,6.68,133,152
00-0038555,174.5,32.55,131,219
00-0035229,174.83,21.82,143,202
00-0038563,175.83,61.21,110,295
00-0035710,144.0,4.77,138,152
00-0039793,179.0,34.39,146,228
00-0039032,181.17,29.41,145,224
00-0038611,151.6,36.27,121,211
00-0041035,155.6,30.85,108,198
00-0037291,160.4,29.04,117,208
00-0041040,163.2,16.67,131,178
00-0038129,193.5,26.4,154,229
00-0030565,165.6,10.25,158,185
00-0039811,195.17,43.8,147,278
00-0037746,168.8,17.47,142,196
00-0036259,169.2,20.0,147,206
00-0023459,174.2,36.74,128,241
00-0039880,202.17,46.24,135,285
00-0035719,134.25,25.85,102,163
00-0040718,176.4,39.14,143,243
00-0040737,204.33,35.79,167,280
00-0039150,177.2,37.7,135,231
00-0034829,205.67,28.1,169,253
00-0039875,207.5,31.53,147,237
00-0039855,182.8,24.94,141,207
00-0033119,183.0,55.21,130,275
00-0040886,209.83,57.36,144,302
00-0039890,184.2,17.15,170,217
00-0036309,184.4,23.9,145,209
00-0040727,184.6,31.02,148,230
00-0041489,185.8,21.78,162,226
00-0039794,187.2,38.74,122,238
00-0034837,190.2,18.73,164,221
00-0036894,215.33,46.79,155,305
00-0041013,192.0,45.69,148,275
00-0041096,195.4,45.5,151,282
WAS569019,195.8,35.61,134,230
00-0040138,196.2,12.07,173,206
00-0038608,196.8,24.62,150,219
00-0040669,199.0,22.96,182,244
00-0039410,199.8,67.43,139,330
00-0036550,204.2,28.76,148,225
00-0040584,205.0,25.88,169,235
00-0033553,205.6,58.17,147,306
00-0040876,210.8,26.44,192,263
00-0041048,211.6,32.34,175,269
00-0040134,212.6,34.51,172,276
00-0041044,213.2,27.37,184,261
00-0033881,217.2,29.37,171,255
00-0036212,218.6,38.81,164,284
00-0041562,219.8,62.65,164,335
00-0041525,221.6,23.42,205,268
00-0038951,223.2,29.15,175,265
00-0038393,195.25,15.25,179,220
00-0033885,243.83,14.79,222,267
00-0039874,226.2,58.02,159,304
00-0041042,230.0,15.81,204,247
00-0040177,231.4,65.73,159,348
00-0033526,230.2,29.03,178,262
00-0038558,231.4,19.27,205,265
00-0039391,231.6,54.16,151,294
00-0041104,233.2,25.43,201,267
00-0040668,234.0,16.09,207,254
00-0033908,209.5,9.71,202,226
00-0039917,211.75,22.39,178,241
00-0041052,212.75,36.58,155,255
00-0040198,238.4,42.31,168,301
00-0033537,239.2,59.69,166,339
00-0036261,243.8,36.52,196,298
00-0037112,260.0,30.65,227,308
00-0040586,220.25,52.4,165,305
00-0039868,221.75,18.97,195,247
00-0038797,245.8,45.18,169,292
00-0038977,184.67,3.68,180,189
00-0040870,224.0,23.16,208,264
00-0038104,228.75,60.0,142,311
00-0035535,229.75,39.26,170,271
00-0037666,237.5,48.28,156,278
00-0036244,258.2,26.86,227,307
00-0040648,239.75,33.21,216,297
00-0041483,240.75,42.03,199,296
00-0041443,241.75,36.3,187,277
00-0041067,242.75,29.67,195,274
00-0039901,245.5,35.08,208,298
00-0040705,246.75,18.53,223,271
00-0029604,248.0,48.76,176,307
00-0034975,249.0,24.87,213,278
00-0040890,220.67,23.1,188,237
00-0039299,254.25,39.68,211,319
00-0040729,255.0,13.91,240,273
00-0034775,228.33,16.13,207,246
00-0037741,236.33,68.27,140,290
00-0041047,186.5,11.5,175,198
00-0033040,238.0,48.26,181,299
00-0035250,264.75,31.22,212,293
00-0040179,269.5,44.35,227,344
00-0041550,245.33,25.1,210,266
00-0035537,248.0,9.09,236,258
00-0040170,249.0,16.51,234,272
00-0038976,249.67,35.78,201,286
00-0039424,250.33,52.66,204,324
00-0039066,274.0,38.72,231,324
00-0041561,274.5,38.07,239,338
00-0039847,274.75,24.93,232,294
00-0039921,277.75,61.68,187,353
00-0038619,257.0,44.64,197,304
00-0037563,258.0,29.02,236,299
00-0036182,220.5,34.5,186,255
00-0036988,222.5,0.5,222,223
00-0041523,266.33,18.26,251,292
00-0041490,270.67,73.68,172,349
00-0040142,293.0,45.35,226,354
00-0035208,273.67,44.51,224,332
00-0040888,274.0,18.67,248,291
00-0041051,275.33,30.92,233,306
00-0036849,147.0,0.0,147,147
00-0040202,286.33,60.78,217,365
00-0030279,251.5,34.5,217,286
00-0039363,283.0,61.88,197,340
00-0033555,283.0,22.11,264,314
00-0039342,255.5,62.5,193,318
00-0033307,256.5,44.5,212,301
00-0039356,258.0,17.0,241,275
00-0035662,258.5,1.5,257,260
00-0040736,287.0,10.42,273,298
00-0036945,288.67,29.01,262,329
00-0040238,290.33,29.27,249,313
00-0037801,190.0,0.0,190,190
00-0041125,266.5,36.5,230,303
00-0040739,292.67,2.62,289,295
00-0032464,200.0,0.0,200,200
00-0041529,201.0,0.0,201,201
00-0038705,294.33,40.19,238,329
00-0038685,295.0,15.58,277,315
00-0036290,275.0,25.0,250,300
00-0032268,277.5,50.5,227,328
00-0037742,216.0,0.0,216,216
00-0038839,218.0,0.0,218,218
00-0040208,304.33,35.65,263,350
00-0036893,282.0,35.0,247,317
00-0039814,282.5,31.5,251,314
00-0039798,283.5,33.5,250,317
00-0032775,231.0,0.0,231,231
00-0037614,233.0,0.0,233,233
00-0041041,234.0,0.0,234,234
00-0039355,235.0,0.0,235,235
00-0038618,288.0,46.0,242,334
00-0040782,288.0,27.0,261,315
00-0041395,289.0,44.0,245,333
00-0041077,289.5,28.5,261,318
00-0040078,289.5,21.5,268,311
00-0031503,240.0,0.0,240,240
00-0040131,291.5,10.5,281,302
00-0040237,292.0,35.0,257,327
00-0040581,292.5,38.5,254,331
00-0040009,245.0,0.0,245,245
00-0035689,293.0,17.0,276,310
00-0041399,293.5,27.5,266,321
00-0036637,294.5,24.5,270,319
00-0033110,295.0,37.0,258,332
00-0041510,296.0,13.0,283,309
00-0038046,252.0,0.0,252,252
00-0038621,253.0,0.0,253,253
00-0039923,297.5,24.5,273,322
00-0036626,256.0,0.0,256,256
00-0040692,256.0,0.0,256,256
00-0039792,258.0,0.0,258,258
00-0039751,259.0,0.0,259,259
00-0033858,263.0,0.0,263,263
00-0038979,302.0,23.0,279,325
00-0037837,269.0,0.0,269,269
00-0041070,272.0,0.0,272,272
00-0041132,306.5,26.5,280,333
00-0040894,274.0,0.0,274,274
00-0041069,276.0,0.0,276,276
00-0035500,281.0,0.0,281,281
00-0038551,323.0,41.0,282,364
00-0039746,317.0,34.0,283,351
00-0039405,316.0,29.0,287,345
00-0031610,288.0,0.0,288,288
00-0040590,288.0,0.0,288,288
00-0030061,290.0,0.0,290,290
00-0039164,295.0,0.0,295,295
00-0032392,297.0,0.0,297,297
00-0040644,320.0,17.0,303,337
00-0036980,308.0,0.0,308,308
00-0037267,325.5,12.5,313,338
00-0038115,312.0,0.0,312,312
00-0040194,316.0,0.0,316,316
00-0039912,328.5,5.5,323,334
00-0036972,320.0,0.0,320,320
00-0039041,320.0,0.0,320,320
00-0038547,321.0,0.0,321,321
00-0033897,322.0,0.0,322,322
00-0040466,323.0,0.0,323,323
00-0037005,325.0,0.0,325,325
00-0034798,326.0,0.0,326,326
00-0034791,327.0,0.0,327,327
00-0039144,328.0,0.0,328,328
00-0035644,330.0,0.0,330,330
00-0039796,331.0,0.0,331,331
00-0040187,335.0,0.0,335,335
00-0039021,336.0,0.0,336,336
00-0026158,337.0,0.0,337,337
00-0041129,339.0,0.0,339,339
00-0041568,340.0,0.0,340,340
00-0036924,341.0,0.0,341,341
00-0041472,342.0,0.0,342,342
00-0034270,343.0,0.0,343,343
00-0038440,346.0,0.0,346,346
00-0041087,347.0,0.0,347,347
00-0038794,352.0,0.0,352,352
00-0029892,355.0,0.0,355,355
00-0035249,356.0,0.0,356,356
00-0041503,358.0,0.0,358,358
00-0041579,359.0,0.0,359,359
00-0041084,360.0,0.0,360,360
00-0041524,361.0,0.0,361,361
00-0041116,362.0,0.0,362,362
00-0041094,363.0,0.0,363,363
