player_id,player_name,team,position,opponent,games,category,player_rate,projection,projected_targets,projected_carries,opponent_allowed_rate,league_rate,rate_basis,ratio,game,confidence_signal,direction,rank
00-0037840,Kyren Williams,LA,RB,BUF,24,Receptions,4.366666666666667,3.1514801509493644,4.179090105507034,14.780970372441814,0.7488079386451043,0.781542699724518,per target,0.958115198195886,BUF @ LA,0.32612770987453465,Under,1
00-0034796,Lamar Jackson,BAL,QB,ATL,17,Passing Yards,225.05220588235295,186.49445028510553,,,6.786002948082996,7.0836059015015245,per attempt,0.9579870820657251,BAL @ ATL,0.18793091997761277,Under,2
00-0040719,Bhayshul Tuten,JAX,RB,PHI,20,Rushing Yards,54.5875,39.85453972114721,1.3538409798519173,9.607593085569194,4.117277499969962,4.308541070698815,per carry,0.9556082749147773,PHI @ JAX,0.3145685998343308,Under,3
00-0034348,Courtland Sutton,DEN,WR,LAC,23,Receiving Yards,28.4875,46.05877913679872,6.514075192926551,0.0,8.314336454312988,7.972362231182796,per target,1.0428949680425468,DEN @ LAC,0.48045299353802634,Over,4
00-0040730,RJ Harvey,DEN,RB,LAC,22,Receptions,5.153409090909091,3.784826259420466,4.934421980803462,8.04435221595264,0.7289193766144577,0.781542699724518,per target,0.9326673729680935,DEN @ LAC,0.3086584716399402,Under,5
00-0038933,Dalton Kincaid,BUF,TE,LA,18,Receiving Yards,60.415277777777774,38.765742591503646,4.358407665220834,0.0,6.025464981232432,7.2863543788187375,per target,0.826951952645663,BUF @ LA,0.44370508257285385,Under,6
00-0031933,Leonard Williams,SEA,DE,SF,23,Sacks,0.5934782608695652,,,,1.4517959541255179,2.2827034883720936,per game,0.6359984822912168,SF @ SEA,0.3640015177087832,Under,7
00-0038120,Breece Hall,NYJ,RB,CLE,19,Receiving Yards,25.420394736842105,17.017884885946028,2.705125924303956,15.403237736528364,5.151040724693523,5.717906336088154,per target,0.9008613331392122,CLE @ NYJ,0.40128695108235873,Under,8
00-0036912,DeVonta Smith,PHI,WR,JAX,21,Receptions,5.8654761904761905,4.4880371028504005,6.843400788798036,0.0,0.6102397309853779,0.6244959677419355,per target,0.9771716111985389,PHI @ JAX,0.26766823539685153,Under,9
00-0040734,TreVeyon Henderson,NE,RB,LV,24,Rushing Yards,39.525,53.67965100176763,1.5784301137599182,11.567647153436807,4.395325454081983,4.308541070698815,per carry,1.0201424059697062,LV @ NE,0.3061006080893721,Over,10
00-0037840,Kyren Williams,LA,RB,BUF,24,Receiving Yards,35.891666666666666,24.045907735609696,4.179090105507034,14.780970372441814,5.308500271514755,5.717906336088154,per target,0.9283993055308616,BUF @ LA,0.4005403167220634,Under,11
00-0036407,Jerry Jeudy,CLE,WR,NYJ,20,Receptions,2.175,2.8385702442447225,4.985475605757646,0.11331276696725201,0.6466848479173495,0.6244959677419355,per target,1.035530862201793,CLE @ NYJ,0.26627182574135955,Over,12
00-0034857,Josh Allen,BUF,QB,LA,22,Passing Yards,252.23295454545456,209.23716103529122,,,6.412124280270362,7.0836059015015245,per attempt,0.9052062423336076,BUF @ LA,0.18688473286760865,Under,13
00-0036252,Michael Pittman,PIT,WR,IND,20,Receiving Yards,30.7175,42.34678536190278,5.541266378579473,0.0,8.596766245602137,7.972362231182796,per target,1.0783210792877762,IND @ PIT,0.32105998700885735,Over,14
00-0036973,Travis Etienne,NO,RB,MIN,21,Receptions,3.4702380952380953,2.700086148971536,3.5629811215329714,12.741194729836101,0.7570382315393401,0.781542699724518,per target,0.9686460276657753,MIN @ NO,0.25093952741947356,Under,15
00-0039849,Marvin Harrison Jr.,ARI,WR,DET,16,Receiving Yards,26.825,36.5276251461549,4.489398515393784,0.0,8.81937687192789,7.972362231182796,per target,1.1062438730433137,DET @ ARI,0.3087345391219558,Over,16
00-0032464,Kalif Raymond,CHI,WR,GB,19,Receptions,4.223684210526316,3.2982333061386333,3.9166587013866874,0.04610241408649051,0.6709959638759163,0.6244959677419355,per target,1.074460042235527,CHI @ GB,0.24732081950470527,Under,17
00-0040236,Kyle Monangai,CHI,RB,GB,23,Rushing Yards,67.13641304347826,55.43608548244344,1.7038024376284726,11.412172106481513,4.273598823964726,4.308541070698815,per carry,0.9918900049551062,CHI @ GB,0.19149582088687056,Under,18
00-0036321,Chase Young,NO,DE,MIN,16,Sacks,0.921875,,,,2.917549378783052,2.2827034883720936,per game,1.2781114120361283,MIN @ NO,0.2781114120361283,Over,19
00-0036550,Rashod Bateman,BAL,WR,ATL,17,Receptions,2.2529411764705882,1.759625199056408,2.9324624546440026,0.0,0.5941978014787672,0.6244959677419355,per target,0.9514838080176546,BAL @ ATL,0.24713572084006324,Under,20
00-0036550,Rashod Bateman,BAL,WR,ATL,17,Receiving Yards,33.559558823529414,24.663386311828518,2.9324624546440026,0.0,7.800169305764576,7.972362231182796,per target,0.978401266723091,BAL @ ATL,0.30800192727645925,Under,21
00-0038117,Wan'Dale Robinson,TEN,WR,HOU,20,Receiving Yards,39.6075,53.75493643171071,7.6289816401258435,0.18837155369547398,8.396911693370049,7.972362231182796,per target,1.0532526558473079,HOU @ TEN,0.30541700911358916,Over,22
00-0029604,Kirk Cousins,LV,QB,NE,14,Passing Yards,238.81785714285715,203.86618767588345,,,6.726502057869503,7.0836059015015245,per attempt,0.949587279614705,LV @ NE,0.1582373215234817,Under,23
00-0037805,Jeremy Ruckert,NYJ,TE,CLE,17,Receptions,2.127205882352941,1.6742602116693446,2.1844214023032826,0.0,0.7170254692659525,0.7213849287169043,per target,0.993956819338178,CLE @ NYJ,0.239437923206596,Under,24
00-0039794,Braelon Allen,NYJ,RB,CLE,8,Rushing Yards,27.25,32.979852786177446,1.5630226138315118,7.9233422983765,4.55374237222327,4.308541070698815,per carry,1.0569105173888211,CLE @ NYJ,0.19084333228202047,Over,25
00-0030279,Keenan Allen,IND,WR,PIT,21,Receiving Yards,33.89047619047619,44.82614077850366,6.905675699899322,0.0,8.658373720533499,7.972362231182796,per target,1.086048710464693,IND @ PIT,0.27965743218965555,Over,26
00-0036970,Kyle Pitts,ATL,TE,BAL,21,Receptions,2.6732142857142858,3.3437415890669793,4.627258321996634,0.0,0.7267911005697493,0.7213849287169043,per target,1.0074941569162814,BAL @ ATL,0.2238088155493613,Over,27
00-0036407,Jerry Jeudy,CLE,WR,NYJ,20,Receiving Yards,25.627499999999998,33.52378354321598,4.985475605757646,0.11331276696725201,7.94891985423787,7.972362231182796,per target,0.9970595444279696,CLE @ NYJ,0.2685891497696035,Over,28
00-0036900,Ja'Marr Chase,CIN,WR,MIA,20,Receptions,6.1475,7.5181456553809145,9.756239673645545,0.07813119280760039,0.6921844702979023,0.6244959677419355,per target,1.10838901458518,CIN @ MIA,0.20127402406542677,Over,29
00-0041048,Ted Hurst III,TB,WR,DAL,4,Receptions,2.0,2.4394339861212697,4.052897457839318,0.0,0.6604125908063758,0.6244959677419355,per target,1.0575129783372474,TB @ DAL,0.19861885893417114,Over,30
00-0040242,Jacory Croskey-Merritt,WAS,RB,NYG,21,Rushing Yards,44.23690476190476,53.35133097985835,1.0035227450887398,12.451921185338493,4.8390701507567755,4.308541070698815,per carry,1.1231342747701631,NYG @ WAS,0.18733953544093743,Over,31
00-0035248,Zach Allen,DEN,DE,LAC,23,Sacks,0.6375000000000001,,,,2.849056228098121,2.2827034883720936,per game,1.2481061349452447,DEN @ LAC,0.2481061349452447,Over,32
00-0039918,Caleb Williams,CHI,QB,GB,21,Passing Yards,252.64226190476188,219.1193843998471,,,6.875899638615855,7.0836059015015245,per attempt,0.970677891207691,CHI @ GB,0.1423577880111511,Under,34
00-0036252,Michael Pittman,PIT,WR,IND,20,Receptions,3.0075,3.6532353927617387,5.541266378579473,0.0,0.6288644680881127,0.6244959677419355,per target,1.0069952418779786,IND @ PIT,0.19450401507508844,Over,35
00-0040129,Emeka Egbuka,TB,WR,DAL,21,Receiving Yards,40.375,52.261510595595404,6.302389942557375,0.17237384858396215,9.109740168645828,7.972362231182796,per target,1.1426651103501464,TB @ DAL,0.25804938352024753,Over,36
00-0037746,Brian Robinson,ATL,RB,BAL,23,Rushing Yards,38.0375,32.17782423947326,0.6542663691805946,7.943306494634737,4.041430593388192,4.308541070698815,per carry,0.9380044258769711,BAL @ ATL,0.16729498814250776,Under,37
00-0041040,Antonio Williams,WAS,WR,NYG,4,Receptions,3.0,2.480405812667313,4.054955310111215,0.0,0.6083360574137086,0.6244959677419355,per target,0.9741232751483436,NYG @ WAS,0.19019010773777886,Under,38
00-0040138,Jaylin Noel,HOU,WR,TEN,23,Receiving Yards,36.89402173913044,28.798427368219794,2.3386941812860442,0.6146498865363245,9.378331210745305,7.972362231182796,per target,1.176355381101884,HOU @ TEN,0.24772874505051823,Under,39
00-0032464,Kalif Raymond,CHI,WR,GB,19,Receiving Yards,46.320394736842104,36.32061902705643,3.9166587013866874,0.04610241408649051,8.073066797080383,7.972362231182796,per target,1.0126317097715023,CHI @ GB,0.24319675789663991,Under,40
00-0034855,Baker Mayfield,TB,QB,DAL,20,Passing Yards,209.38,238.85317458898737,,,7.897550992734261,7.0836059015015245,per attempt,1.1149054736458734,TB @ DAL,0.131698247997266,Over,41
00-0038544,Quentin Johnston,LAC,WR,DEN,18,Receptions,2.3402777777777777,2.78933783555194,5.428803542740948,0.26875884163782365,0.5822791120170152,0.6244959677419355,per target,0.9323985135123148,DEN @ LAC,0.17553460196090218,Over,42
00-0037263,Tyler Allgeier,ARI,RB,DET,21,Rushing Yards,29.26190476190476,24.84318564787127,1.7066616829102177,6.3017602066070815,4.527506090856609,4.308541070698815,per carry,1.0508211518852435,DET @ ARI,0.16370299574660213,Under,43
00-0040669,Isaac TeSlaa,DET,WR,ARI,18,Receiving Yards,39.58333333333333,31.27296054043628,3.0680743000330053,0.0,8.750965427346262,7.972362231182796,per target,1.0976627972469775,DET @ ARI,0.2356543105575745,Under,44
00-0038933,Dalton Kincaid,BUF,TE,LA,18,Receptions,3.5875,3.0142109850816188,4.358407665220834,0.0,0.6535793034959856,0.7213849287169043,per target,0.90600631851081,BUF @ LA,0.17411748164543453,Under,45
00-0039111,Tuli Tuipulotu,LAC,LB,DEN,20,Sacks,0.665,,,,1.718919241796751,2.2827034883720936,per game,0.7530190629456633,DEN @ LAC,0.24698093705433666,Under,46
00-0039040,De'Von Achane,MIA,RB,CIN,19,Rushing Yards,63.434868421052634,74.70695847220998,4.185689673927201,13.55451424063559,4.780552970012806,4.308541070698815,per carry,1.109552605294635,CIN @ MIA,0.16355955468101854,Over,47
00-0036554,Nico Collins,HOU,WR,TEN,18,Receptions,4.8277777777777775,5.728013810693871,8.014360719411396,0.1619831651908637,0.7021567340093975,0.6244959677419355,per target,1.12435751434596,HOU @ TEN,0.17098256636508008,Over,48
00-0032950,Carson Wentz,MIN,QB,NO,7,Passing Yards,198.19642857142856,174.81985450098472,,,7.00489305951045,7.0836059015015245,per attempt,0.9888880263688316,MIN @ NO,0.1255025615438376,Under,49
00-0034967,Rashan Gary,DAL,LB,TB,21,Sacks,0.2589285714285714,,,,2.8011110226186684,2.2827034883720936,per game,1.2271024409816258,TB @ DAL,0.2271024409816258,Over,51
00-0035229,T.J. Hockenson,MIN,TE,NO,19,Receptions,4.830921052631579,4.073081626087514,5.11482537507654,0.03135438331127498,0.7242179454907435,0.7213849287169043,per target,1.0039271915187888,MIN @ NO,0.17063727436814102,Under,52
00-0036900,Ja'Marr Chase,CIN,WR,MIA,20,Receiving Yards,65.5775,81.5319494453379,9.756239673645545,0.07813119280760039,8.516075048475233,7.972362231182796,per target,1.0681997131497336,CIN @ MIA,0.21776231185075312,Over,53
00-0039040,De'Von Achane,MIA,RB,CIN,19,Receptions,2.778947368421053,3.2546554600962576,4.185689673927201,13.55451424063559,0.8023320589424844,0.781542699724518,per target,1.0266004138037428,CIN @ MIA,0.1580142090795172,Over,56
00-0039066,Michael Mayer,LV,TE,NE,17,Receptions,4.384558823529412,3.744273398516728,4.946032677236211,0.0,0.7156495650751478,0.7213849287169043,per target,0.9920495100279434,LV @ NE,0.15786143133561958,Under,57
00-0039112,Lukas Van Ness,GB,LB,CHI,11,Sacks,0.5551136363636363,,,,1.8285082828926411,2.2827034883720936,per game,0.8010275062910772,CHI @ GB,0.19897249370892278,Under,58
00-0036358,CeeDee Lamb,DAL,WR,TB,17,Receptions,8.005147058823528,6.838787730336771,9.69877622416409,0.33388086256513966,0.6161921179098959,0.6244959677419355,per target,0.9867031169759753,TB @ DAL,0.15747423363104698,Under,59
00-0035710,Daniel Jones,IND,QB,PIT,17,Passing Yards,194.01544117647057,219.47328609115831,,,7.4673166491830925,7.0836059015015245,per attempt,1.0541688446558315,IND @ PIT,0.1232927720625564,Over,61
00-0033090,Hunter Henry,NE,TE,LV,25,Receptions,2.9355,3.40843760168358,4.470421497924143,0.0,0.7405666868497824,0.7213849287169043,per target,1.0265901841988796,LV @ NE,0.1493762084517224,Over,62
00-0040122,Ashton Jeanty,LV,RB,NE,21,Receiving Yards,34.94166666666666,29.337210517991505,4.996436860649,18.00319918795712,5.654440682736889,5.717906336088154,per target,0.9889005433770914,LV @ NE,0.17482331056348627,Under,63
00-0041052,Kaelon Black,SF,RB,SEA,4,Rushing Yards,30.0,26.510518681203006,0.506298449612403,7.734016661632942,3.6533083839176546,4.308541070698815,per carry,0.847922376500664,SF @ SEA,0.1236557960602425,Under,65
00-0037834,Brock Purdy,SF,QB,SEA,15,Passing Yards,242.51749999999998,214.54504948179294,,,6.151142330314833,7.0836059015015245,per attempt,0.8683631494816736,SF @ SEA,0.12255413551131607,Under,67
00-0031588,Stefon Diggs,WAS,WR,NYG,25,Receiving Yards,42.094,49.40214025478743,6.318920292294783,0.0,7.815484725338406,7.972362231182796,per target,0.9803223309108077,NYG @ WAS,0.16008853553409316,Over,68
00-0041042,Malachi Fields,NYG,WR,WAS,4,Receptions,2.0,2.307525775186352,3.723671335013556,0.0,0.6610474786157544,0.6244959677419355,per target,1.0585296187035163,NYG @ WAS,0.1430286769508063,Over,69
00-0036912,DeVonta Smith,PHI,WR,JAX,21,Receiving Yards,68.4047619047619,58.291968261672814,6.843400788798036,0.0,7.9144909582658824,7.972362231182796,per target,0.9927410131101974,PHI @ JAX,0.15997812249602494,Under,71
00-0039924,Dallas Turner,MIN,LB,NO,21,Sacks,1.042857142857143,,,,2.7189192417967507,2.2827034883720936,per game,1.1910961084725655,MIN @ NO,0.19109610847256553,Over,72
00-0031408,Mike Evans,SF,WR,SEA,12,Receiving Yards,52.84583333333333,45.18053225370432,6.62655281401427,0.0,6.910152072592617,7.972362231182796,per target,0.8667634350035565,SF @ SEA,0.15671257801782587,Under,76
00-0038606,Parker Washington,JAX,WR,PHI,21,Receiving Yards,65.33214285714286,55.880319960785336,6.388675694082063,0.35901063314684584,7.685696428313,7.972362231182796,per target,0.964042551685805,PHI @ JAX,0.1562718885945381,Under,77
00-0040669,Isaac TeSlaa,DET,WR,ARI,18,Receptions,2.040277777777778,1.7928708269375564,3.0680743000330053,0.0,0.6237147938797388,0.6244959677419355,per target,0.9987491130406794,DET @ ARI,0.12926781511561228,Under,78
00-0035261,Tony Pollard,TEN,RB,HOU,21,Rushing Yards,61.03452380952381,55.689333480609214,2.41342046889796,14.422245965513163,3.791543657295404,4.308541070698815,per carry,0.880006386171095,HOU @ TEN,0.09165103902217857,Under,79
00-0033119,Jacoby Brissett,ARI,QB,DET,18,Passing Yards,213.42638888888888,234.1133871555779,,,7.416469855575021,7.0836059015015245,per attempt,1.0469907500081193,DET @ ARI,0.09251356799447981,Over,80
00-0033288,George Kittle,SF,TE,SEA,16,Receptions,4.3125,4.8771511281165765,6.471861593491045,0.018791363182608056,0.7151913683942761,0.7213849287169043,per target,0.991414347491783,SF @ SEA,0.12304348181662389,Over,81
00-0038597,Chase Brown,CIN,RB,MIA,21,Rushing Yards,56.263690476190476,61.209370536164926,5.406750428599388,14.452415202836843,4.445090177716867,4.308541070698815,per carry,1.0316926553042942,CIN @ MIA,0.08425089341936928,Over,82
00-0040694,Darius Alexander,NYG,DT,WAS,12,Sacks,0.51875,,,,1.9107000637145588,2.2827034883720936,per game,0.8370338388001376,NYG @ WAS,0.1629661611998624,Under,83
00-0038606,Parker Washington,JAX,WR,PHI,21,Receptions,4.3464285714285715,3.87122024931777,6.388675694082063,0.35901063314684584,0.6046198208367703,0.6244959677419355,per target,0.9681724976110996,PHI @ JAX,0.1157847225750745,Under,88
00-0037228,Jaylen Warren,PIT,RB,IND,21,Rushing Yards,74.53869047619048,68.98376132315519,3.8135315529582026,13.729344673127589,4.236724201439654,4.308541070698815,per carry,0.9833315110426666,IND @ PIT,0.07744719207147512,Under,95
00-0040676,Cam Ward,TEN,QB,HOU,21,Passing Yards,181.3577380952381,192.64403930127443,,,7.224654024060877,7.0836059015015245,per attempt,1.019911909911512,HOU @ TEN,0.060372595818213456,Over,102
