player_id,player_display_name,position,season,team,games_played,possible_games,games_missed,dk_points_total,dk_points_per_game,r1_dk_points,r2_r4_dk_points,games_missed_prior_season,season_snap_share,points_above_replacement,overall_rank,position_rank,points_z_score
00-0033280,Christian McCaffrey,RB,2025,SF,17,17,0,428.6,25.211764705882356,334.5,94.10000000000001,13.0,0.8314005352363961,602.608695652174,1,1,2.795626638994409
00-0038542,Bijan Robinson,RB,2025,ATL,17,17,0,394.8,23.223529411764705,284.3,110.5,0.0,0.7846715328467153,549.704347826087,2,2,2.385191593202332
00-0039139,Jahmyr Gibbs,RB,2025,DET,17,17,0,379.90000000000003,22.347058823529412,319.6,60.300000000000004,0.0,0.6706096451319381,526.3826086956523,3,3,2.2042601676904403
00-0036223,Jonathan Taylor,RB,2025,IND,17,17,0,378.3,22.25294117647059,325.0,53.300000000000004,3.0,0.8236940298507462,523.8782608695652,4,4,2.184831289783123
00-0039040,De'Von Achane,RB,2025,MIA,16,17,1,334.8,20.925,283.90000000000003,50.9,0.0,0.7074413863404689,455.7913043478261,5,5,1.6566086716779351
00-0037248,James Cook,RB,2025,BUF,17,17,0,332.20000000000005,19.541176470588237,258.5,73.7,1.0,0.5644876325088339,451.72173913043486,6,6,1.625036745078545
00-0032764,Derrick Henry,RB,2025,BAL,17,17,0,306.5,18.029411764705884,202.5,104.0,0.0,0.5473372781065089,411.495652173913,7,7,1.3129603936922611
00-0038597,Chase Brown,RB,2025,CIN,17,17,0,291.6,17.15294117647059,191.6,100.0,1.0,0.6642664266426642,388.1739130434783,8,8,1.1320289681803697
00-0037840,Kyren Williams,RB,2025,LA,17,17,0,268.3,15.782352941176471,207.9,60.4,1.0,0.6801762114537445,351.704347826087,9,9,0.8490959336550621
00-0036973,Travis Etienne,RB,2025,JAX,17,17,0,259.90000000000003,15.28823529411765,195.8,64.10000000000001,2.0,0.6008695652173913,338.5565217391305,10,10,0.7470943246416468
00-0039075,Puka Nacua,WR,2025,LA,16,17,1,394.0,24.625,271.9,122.10000000000001,6.0,0.6405286343612335,330.71111111111105,11,1,3.787289695004399
00-0040122,Ashton Jeanty,RB,2025,LV,17,17,0,252.1,14.829411764705881,187.4,64.7,,0.7764350453172205,326.34782608695656,12,11,0.6523785448434748
00-0038543,Jaxon Smith-Njigba,WR,2025,SEA,17,17,0,387.9,22.81764705882353,312.4,75.5,0.0,0.7791353383458647,324.3851851851851,13,2,3.6896539667855226
00-0036997,Javonte Williams,RB,2025,DAL,16,17,1,250.8,15.675,218.0,32.8,0.0,0.648397976391231,324.3130434782609,14,12,0.6365925815437797
00-0034844,Saquon Barkley,RB,2025,PHI,16,17,1,242.3,15.14375,194.1,48.2,1.0,0.7333965844402277,311.00869565217397,15,13,0.5333766676611569
00-0036275,D'Andre Swift,RB,2025,CHI,16,17,1,239.6,14.975,180.3,59.3,0.0,0.5381282495667244,306.7826086956522,16,14,0.5005904361925588
00-0035700,Josh Jacobs,RB,2025,GB,15,17,2,239.10000000000002,15.940000000000001,208.8,30.300000000000004,0.0,0.527117031398668,306.00000000000006,17,15,0.4945189118465225
00-0036139,Rico Dowdle,RB,2025,CAR,17,17,0,226.3,13.311764705882354,192.3,34.0,1.0,0.5570216776625825,285.9652173913044,18,16,0.3390878885879844
00-0037228,Jaylen Warren,RB,2025,PIT,16,17,1,223.1,13.94375,161.9,61.2,2.0,0.4742967992240543,280.95652173913044,19,17,0.3002301327733497
00-0036919,Kenny Gainwell,RB,2025,PIT,17,17,0,222.3,13.076470588235296,150.7,71.6,0.0,0.501454898157129,279.704347826087,20,18,0.2905156938196913
00-0036963,Amon-Ra St. Brown,WR,2025,DET,17,17,0,339.0,19.941176470588236,242.5,96.5,0.0,0.8544131028207461,273.67407407407404,21,3,2.906967555326012
00-0038120,Breece Hall,RB,2025,NYJ,16,17,1,217.5,13.59375,179.6,37.900000000000006,1.0,0.6106870229007634,272.19130434782613,22,19,0.23222906009773941
00-0036900,Ja'Marr Chase,WR,2025,CIN,16,17,1,335.6,20.975,237.9,97.7,0.0,0.8883888388838884,270.14814814814815,23,4,2.852547641236803
00-0040734,TreVeyon Henderson,RB,2025,NE,17,17,0,213.20000000000002,12.541176470588237,152.4,60.800000000000004,,0.4579524680073126,265.4608695652174,24,20,0.18001395072182452
00-0040730,RJ Harvey,RB,2025,DEN,17,17,0,207.6,12.211764705882352,151.1,56.5,,0.4219298245614035,256.69565217391306,25,21,0.1120128780462139
00-0034857,Josh Allen,QB,2025,BUF,16,17,1,389.62,24.35125,333.02,56.6,1.0,0.9134275618374559,244.16,26,1,1.7877882512182302
00-0038134,Kenneth Walker III,RB,2025,SEA,17,17,0,197.9,11.641176470588235,141.6,56.3,6.0,0.4680451127819549,241.5130434782609,27,22,-0.005774694266896765
00-0035261,Tony Pollard,RB,2025,TEN,17,17,0,197.8,11.63529411764706,142.4,55.4,1.0,0.6221590909090909,241.35652173913047,28,23,-0.006988999136104024
00-0037247,George Pickens,WR,2025,DAL,17,17,0,306.9,18.052941176470586,257.9,49.0,3.0,0.8161888701517707,240.38518518518512,29,5,2.3931795428955356
00-0026498,Matthew Stafford,QB,2025,LA,17,17,0,376.38,22.14,275.16,101.22,1.0,0.9841409691629956,230.92,30,2,1.6048457807462904
00-0036875,Rhamondre Stevenson,RB,2025,NE,14,17,3,184.8,13.200000000000001,90.80000000000001,94.0,2.0,0.48720292504570384,221.00869565217394,31,24,-0.16484863213305664
00-0039165,Zach Charbonnet,RB,2025,SEA,16,17,1,184.4,11.525,116.0,68.4,0.0,0.45958646616541354,220.3826086956522,32,25,-0.16970585160988602
00-0039851,Drake Maye,QB,2025,NE,17,17,0,365.76,21.51529411764706,266.38,99.38000000000001,4.0,0.9597806215722121,220.29999999999998,33,3,1.458104916968949
00-0036971,Trevor Lawrence,QB,2025,JAX,17,17,0,357.18,21.01058823529412,231.3,125.88000000000001,7.0,0.9686956521739131,211.72,34,4,1.3395515637477073
00-0037239,Chris Olave,WR,2025,NO,16,17,1,279.0,17.4375,189.8,89.19999999999999,9.0,0.7891459074733096,211.4518518518518,35,6,1.946616130222318
00-0037744,Trey McBride,TE,2025,ARI,17,17,0,324.90000000000003,19.111764705882354,240.70000000000002,84.2,1.0,0.9101321585903084,205.51764705882357,36,1,6.37279470431743
00-0040784,Quinshon Judkins,RB,2025,CLE,14,17,3,172.8,12.342857142857143,158.0,14.8,,0.41735918744228995,202.22608695652178,37,26,-0.310565216437936
00-0033077,Dak Prescott,QB,2025,DAL,17,17,0,345.78,20.34,286.28,59.5,9.0,0.9569983136593592,200.31999999999996,38,5,1.1820331224047982
00-0035685,David Montgomery,RB,2025,DET,17,17,0,166.8,9.811764705882354,143.70000000000002,23.1,3.0,0.37124658780709735,192.8347826086957,39,27,-0.38342350859037566
00-0039384,Tyrone Tracy Jr.,RB,2025,NYG,15,17,2,164.8,10.986666666666668,91.7,73.1,0.0,0.4765217391304348,189.704347826087,40,28,-0.4077096059745222
00-0033106,Jared Goff,QB,2025,DET,17,17,0,333.06,19.591764705882355,245.76,87.3,0.0,0.9854413102820746,187.6,41,6,1.0062757036432373
00-0039064,Zay Flowers,WR,2025,BAL,17,17,0,255.3,15.01764705882353,171.5,83.8,0.0,0.8658777120315582,186.87407407407406,42,7,1.5672773173063588
00-0039732,Bo Nix,QB,2025,DEN,17,17,0,331.84000000000003,19.520000000000003,247.56,84.28,0.0,0.9964912280701754,186.38000000000002,43,7,0.9894184669381194
00-0039918,Caleb Williams,QB,2025,CHI,17,17,0,319.98,18.822352941176472,236.42000000000002,83.56,0.0,0.9904679376083189,174.52,44,8,0.8255440183129528
00-0040236,Kyle Monangai,RB,2025,CHI,17,17,0,152.70000000000002,8.982352941176472,123.5,29.200000000000003,,0.41421143847487,170.7652173913044,45,29,-0.5546404951486088
00-0036389,Jalen Hurts,QB,2025,PHI,16,17,1,316.06,19.75375,264.86,51.199999999999996,2.0,0.9155597722960152,170.6,46,9,0.7713797823424086
00-0036355,Justin Herbert,QB,2025,LAC,16,17,1,313.88,19.6175,253.14000000000001,60.74,0.0,0.9125109361329834,168.42,47,10,0.741257834787361
00-0036554,Nico Collins,WR,2025,HOU,15,17,2,236.20000000000002,15.746666666666668,194.1,42.1,5.0,0.6706896551724137,167.0666666666667,48,8,1.2615654469816828
00-0035676,A.J. Brown,WR,2025,PHI,15,17,2,235.3,15.686666666666667,192.9,42.400000000000006,4.0,0.7998102466793169,166.13333333333333,49,9,1.2471601756051274
00-0033923,Kareem Hunt,RB,2025,KC,17,17,0,149.4,8.788235294117648,135.9,13.5,4.0,0.4752920035938904,165.60000000000002,50,30,-0.5947125558324508
00-0040242,Jacory Croskey-Merritt,RB,2025,WAS,17,17,0,148.3,8.723529411764707,95.8,52.5,,0.38519924098671726,163.87826086956525,51,31,-0.6080699093937313
00-0037240,Jameson Williams,WR,2025,DET,17,17,0,231.9,13.641176470588235,171.4,60.5,2.0,0.902638762511374,162.6074074074074,52,10,1.192740261515918
00-0038559,Michael Wilson,WR,2025,ARI,17,17,0,229.6,13.505882352941176,159.2,70.39999999999999,1.0,0.813215859030837,160.2222222222222,53,11,1.1559267902202761
00-0040583,Woody Marks,RB,2025,HOU,16,17,1,145.1,9.06875,125.0,20.1,,0.49224137931034484,158.8695652173913,54,32,-0.646927665208366
00-0038117,Wan'Dale Robinson,WR,2025,NYG,16,17,1,226.9,14.18125,180.0,46.9,0.0,0.8460869565217392,157.42222222222222,55,12,1.11271097609061
00-0033873,Patrick Mahomes,QB,2025,KC,14,17,3,302.68,21.62,288.62,14.06,1.0,0.839173405211141,157.22,56,11,0.586502874871521
00-0031381,Davante Adams,WR,2025,LA,14,17,3,225.9,16.135714285714286,214.8,11.100000000000001,3.0,0.5594713656387665,156.38518518518518,57,13,1.0967051190055483
00-0034348,Courtland Sutton,WR,2025,DEN,17,17,0,225.70000000000002,13.276470588235295,168.3,57.400000000000006,1.0,0.8552631578947368,156.1777777777778,58,14,1.0935039475885362
00-0031588,Stefon Diggs,WR,2025,NE,17,17,0,225.3,13.25294117647059,161.5,63.800000000000004,9.0,0.5365630712979891,155.76296296296294,59,15,1.0871016047545115
00-0037256,Rachaad White,RB,2025,TB,17,17,0,143.0,8.411764705882353,121.60000000000001,21.4,2.0,0.5061728395061729,155.5826086956522,60,33,-0.6724280674617198
00-0039361,Bucky Irving,RB,2025,TB,10,17,7,142.5,14.25,108.2,34.3,0.0,0.3712522045855379,154.8,61,34,-0.6784995918077564
00-0040124,Tetairoa McMillan,WR,2025,CAR,17,17,0,219.4,12.905882352941177,181.6,37.8,,0.8718190386427899,149.64444444444445,62,16,0.9926670479526482
00-0034855,Baker Mayfield,QB,2025,TB,17,17,0,294.92,17.348235294117647,222.38,72.54,0.0,0.9691358024691358,149.46,63,12,0.4792797955012605
00-0036358,CeeDee Lamb,WR,2025,DAL,13,17,4,218.9,16.838461538461537,176.70000000000002,42.2,2.0,0.6172006745362564,149.12592592592594,64,17,0.9846641194101173
00-0040666,Omarion Hampton,RB,2025,LAC,9,17,8,138.7,15.41111111111111,94.7,44.0,,0.3359580052493438,148.8521739130435,65,35,-0.724643176837635
00-0037238,Drake London,WR,2025,ATL,12,17,5,217.89999999999998,18.15833333333333,193.0,24.9,0.0,0.6468978102189781,148.08888888888885,66,18,0.9686582623250554
00-0036410,Tee Higgins,WR,2025,CIN,15,17,2,214.6,14.306666666666667,171.7,42.9,5.0,0.6921692169216922,144.66666666666666,67,19,0.9158389339443525
00-0036322,Justin Jefferson,WR,2025,MIN,17,17,0,210.5,12.382352941176471,163.4,47.1,0.0,0.9400599400599401,140.41481481481478,68,20,0.8502149198956
00-0037525,Jordan Mason,RB,2025,MIN,16,17,1,132.9,8.30625,118.5,14.4,5.0,0.4125874125874126,139.77391304347827,69,36,-0.7950728592516598
00-0036912,DeVonta Smith,WR,2025,PHI,17,17,0,207.79999999999998,12.223529411764705,171.89999999999998,35.9,4.0,0.8425047438330171,137.6148148148148,70,21,0.8069991057659336
00-0036252,Michael Pittman,WR,2025,IND,17,17,0,205.4,12.08235294117647,185.9,19.5,1.0,0.8563432835820896,135.12592592592594,71,22,0.7685850487617861
00-0040129,Emeka Egbuka,WR,2025,TB,17,17,0,204.7,12.041176470588235,182.5,22.2,,0.781305114638448,134.39999999999995,72,23,0.7573809488022428
00-0040715,Cam Skattebo,RB,2025,NYG,8,17,9,128.7,16.0875,128.7,0.0,,0.2565217391304348,133.2,73,37,-0.8460736637583678
00-0039391,Kimani Vidal,RB,2025,LAC,13,17,4,126.9,9.761538461538462,118.0,8.9,8.0,0.42082239720035,130.3826086956522,74,38,-0.8679311514040995
00-0036555,Chuba Hubbard,RB,2025,CAR,15,17,2,126.4,8.426666666666668,109.7,16.700000000000003,2.0,0.4071630537229029,129.60000000000002,75,39,-0.8740026757501361
00-0039738,Blake Corum,RB,2025,LA,17,17,0,125.2,7.364705882352942,89.30000000000001,35.900000000000006,2.0,0.29251101321585904,127.72173913043478,76,40,-0.8885743341806241
00-0036613,Jaylen Waddle,WR,2025,MIA,16,17,1,196.8,12.3,179.3,17.5,2.0,0.7359836901121305,126.2074074074074,77,24,0.6309346778302567
00-0037263,Tyler Allgeier,RB,2025,ATL,17,17,0,123.0,7.235294117647059,107.7,15.300000000000002,0.0,0.29927007299270075,124.27826086956523,78,41,-0.9152890413031853
00-0036158,J.K. Dobbins,RB,2025,DEN,10,17,7,121.9,12.190000000000001,121.9,0.0,4.0,0.2982456140350877,122.55652173913046,79,42,-0.9286463948644659
00-0035640,DK Metcalf,WR,2025,PIT,15,17,2,193.2,12.879999999999999,170.5,22.7,2.0,0.7526673132880698,122.47407407407405,80,25,0.5733135923240347
00-0034869,Sam Darnold,QB,2025,SEA,17,17,0,267.42,15.73058823529412,216.68,50.739999999999995,0.0,0.9642857142857143,121.96000000000001,81,13,0.09930109927933155
00-0033293,Aaron Jones,RB,2025,MIN,12,17,5,119.7,9.975,83.60000000000001,36.1,0.0,0.36563436563436563,119.11304347826086,82,43,-0.9553611019870272
00-0037664,Alec Pierce,WR,2025,IND,15,17,2,189.3,12.620000000000001,129.9,59.400000000000006,1.0,0.7583955223880597,118.42962962962963,83,26,0.5108907496922949
00-0035719,Deebo Samuel Sr.,WR,2025,WAS,16,17,1,188.20000000000002,11.762500000000001,159.0,29.200000000000003,2.0,0.6764705882352942,117.28888888888889,84,27,0.49328430689872727
00-0039915,Ladd McConkey,WR,2025,LAC,16,17,1,186.9,11.68125,164.5,22.4,1.0,0.7322834645669292,115.94074074074074,85,28,0.47247669268814707
00-0030279,Keenan Allen,WR,2025,LAC,17,17,0,185.7,10.923529411764704,154.4,31.3,2.0,0.5511811023622047,114.69629629629627,86,29,0.4532696641860729
00-0033119,Jacoby Brissett,QB,2025,ARI,14,17,3,255.44,18.245714285714286,187.16,68.28,10.0,0.7154185022026431,109.97999999999999,87,14,-0.06623143820207628
00-0038606,Parker Washington,WR,2025,JAX,16,17,1,178.7,11.16875,99.2,79.5,3.0,0.5843478260869566,107.43703703703702,88,30,0.3412286645906419
00-0039868,Troy Franklin,WR,2025,DEN,17,17,0,178.1,10.476470588235294,141.0,37.1,1.0,0.5877192982456141,106.8148148148148,89,31,0.33162515033960505
00-0039032,Tyjae Spears,RB,2025,TEN,13,17,4,111.7,8.592307692307692,73.8,37.9,5.0,0.3541666666666667,106.59130434782608,90,44,-1.0525054915236134
00-0036264,Jordan Love,QB,2025,GB,15,17,2,251.14,16.742666666666665,231.42,19.720000000000002,2.0,0.8506184586108468,105.67999999999998,91,15,-0.12564628888405077
00-0034960,Jakobi Meyers,WR,2025,JAX,16,17,1,176.8,11.05,137.8,39.0,2.0,0.40690620625291646,105.46666666666667,92,32,0.31081753612902524
00-0040691,Jaxson Dart,QB,2025,NYG,14,17,3,250.58,17.89857142857143,180.94,69.64,,0.6730434782608695,105.12,93,16,-0.1333840368798424
00-0038544,Quentin Johnston,WR,2025,LAC,13,17,4,175.2,13.476923076923075,137.0,38.2,2.0,0.6325459317585301,103.80740740740738,94,33,0.2852081647929264
00-0036259,Jauan Jennings,WR,2025,SF,15,17,2,174.3,11.620000000000001,117.80000000000001,56.5,2.0,0.7091882247992863,102.87407407407407,95,34,0.2708028934163713
00-0035710,Daniel Jones,QB,2025,IND,13,17,4,246.44,18.956923076923076,246.44,0.0,7.0,0.7052238805970149,100.97999999999999,96,17,-0.1905881024201621
00-0035250,Devin Singletary,RB,2025,NYG,17,17,0,106.8,6.2823529411764705,73.2,33.6,2.0,0.27043478260869563,98.92173913043479,97,45,-1.1120064301147725
00-0037261,Khalil Shakir,WR,2025,BUF,16,17,1,170.4,10.65,142.0,28.4,2.0,0.5609540636042403,98.82962962962962,98,35,0.2083800507846311
00-0039150,Bryce Young,QB,2025,CAR,16,17,1,243.04000000000002,15.190000000000001,182.58,60.46,3.0,0.9085768143261075,97.58000000000001,99,18,-0.23756728668032753
00-0034827,DJ Moore,WR,2025,CHI,17,17,0,168.1,9.888235294117647,119.5,48.6,0.0,0.8483535528596187,96.44444444444443,100,36,0.1715665794889893
00-0037816,Romeo Doubs,WR,2025,GB,16,17,1,165.4,10.3375,131.2,34.2,4.0,0.7421503330161751,93.64444444444443,101,37,0.12835076535932322
00-0038563,Tre Tucker,WR,2025,LV,17,17,0,164.7,9.688235294117646,140.0,24.700000000000003,0.0,0.9486404833836858,92.9185185185185,102,38,0.11714666539977985
00-0033906,Alvin Kamara,RB,2025,NO,11,17,6,102.7,9.336363636363636,102.7,0.0,3.0,0.40658362989323843,92.50434782608696,103,46,-1.1617929297522729
00-0023459,Aaron Rodgers,QB,2025,PIT,16,17,1,235.98000000000002,14.748750000000001,178.4,57.58,0.0,0.8903976721629486,90.52000000000001,104,19,-0.33511818105584823
00-0035537,Ty Johnson,RB,2025,BUF,17,17,0,100.30000000000001,5.9,59.5,40.8,0.0,0.2959363957597173,88.74782608695654,105,47,-1.1909362466132487
00-0036970,Kyle Pitts,TE,2025,ATL,17,17,0,213.8,12.576470588235296,131.1,82.7,0.0,0.8768248175182481,87.88235294117648,106,2,1.7178473561933898
00-0036924,Michael Carter,RB,2025,ARI,13,17,4,99.0,7.615384615384615,65.9,33.1,14.0,0.34625550660792953,86.71304347826087,107,48,-1.206722209912944
00-0038797,Emanuel Wilson,RB,2025,GB,17,17,0,97.50000000000001,5.73529411764706,79.80000000000001,17.700000000000003,0.0,0.31018078020932444,84.36521739130437,108,49,-1.2249367829510538
00-0034796,Lamar Jackson,QB,2025,BAL,13,17,4,227.85999999999999,17.527692307692305,186.1,41.76,0.0,0.6923076923076923,82.39999999999998,109,20,-0.4473155269948328
00-0039067,Rashee Rice,WR,2025,KC,8,17,9,153.1,19.1375,141.0,12.100000000000001,13.0,0.3728661275831087,80.88888888888887,110,39,-0.0685212767869343
00-0039919,Rome Odunze,WR,2025,CHI,12,17,5,152.1,12.674999999999999,152.1,0.0,0.0,0.6351819757365684,79.85185185185183,111,40,-0.08452713387199588
00-0038951,Sean Tucker,RB,2025,TB,17,17,0,94.4,5.552941176470589,81.0,13.4,0.0,0.15608465608465608,79.51304347826088,112,50,-1.262580233896481
00-0037157,Bam Knight,RB,2025,ARI,12,17,5,93.9,7.825,94.10000000000001,-0.2,,0.24933920704845816,78.73043478260871,113,51,-1.2686517582425176
00-0037545,Rashid Shaheed,WR,2025,NO,18,17,0,148.6,8.255555555555555,130.4,18.200000000000003,11.0,0.32221206581352835,76.2222222222222,114,41,-0.14054763366971137
00-0038611,Chris Rodriguez Jr.,RB,2025,WAS,12,17,5,92.0,7.666666666666667,62.800000000000004,29.200000000000003,10.0,0.24193548387096775,75.75652173913043,115,52,-1.291723550757457
00-0039163,C.J. Stroud,QB,2025,HOU,14,17,3,219.54,15.68142857142857,151.64000000000001,67.89999999999999,0.0,0.7482758620689656,74.07999999999998,116,21,-0.5622763543608854
00-0040719,Bhayshul Tuten,RB,2025,JAX,15,17,2,89.6,5.973333333333333,72.0,17.6,,0.18695652173913044,71.99999999999999,117,53,-1.320866867618433
00-0040162,Dylan Sampson,RB,2025,CLE,15,17,2,88.60000000000001,5.906666666666667,76.5,12.100000000000001,,0.2299168975069252,70.43478260869567,118,54,-1.333009916310506
00-0034791,Nick Chubb,RB,2025,HOU,15,17,2,88.3,5.886666666666667,83.0,5.3,9.0,0.2810344827586207,69.96521739130435,119,55,-1.3366528309181283
00-0038994,Jordan Addison,WR,2025,MIN,14,17,3,141.1,10.078571428571427,113.6,27.5,2.0,0.7132867132867133,68.44444444444443,120,42,-0.2605915618076732
00-0037197,Isiah Pacheco,RB,2025,KC,13,17,4,87.3,6.7153846153846155,68.5,18.8,10.0,0.38095238095238093,68.39999999999999,121,56,-1.3487958796102015
00-0030506,Travis Kelce,TE,2025,KC,17,17,0,193.20000000000002,11.364705882352942,164.8,28.4,1.0,0.8104222821203954,66.07058823529412,122,3,0.8547338064962234
00-0039893,Brian Thomas Jr.,WR,2025,JAX,14,17,3,138.8,9.914285714285715,102.1,36.7,0.0,0.6443478260869565,66.05925925925926,123,43,-0.2974050331033145
00-0038997,Josh Downs,WR,2025,IND,16,17,1,138.4,8.65,101.30000000000001,37.1,3.0,0.5541044776119403,65.64444444444443,124,44,-0.30380737593733925
00-0035662,Marquise Brown,WR,2025,KC,16,17,1,137.7,8.60625,121.4,16.3,15.0,0.4950584007187781,64.9185185185185,125,45,-0.3150114758968826
00-0040663,Harold Fannin Jr.,TE,2025,CLE,16,17,1,190.4,11.9,147.9,42.5,,0.7257617728531855,63.10588235294117,126,4,0.7374174016830158
00-0038041,Jake Ferguson,TE,2025,DAL,17,17,0,190.1,11.18235294117647,172.5,17.6,3.0,0.6627318718381113,62.78823529411763,127,5,0.7248477868816003
00-0038124,Christian Watson,WR,2025,GB,10,17,7,135.4,13.540000000000001,100.5,34.900000000000006,3.0,0.3977164605137964,62.533333333333324,128,46,-0.351824947192524
00-0040676,Cam Ward,QB,2025,TEN,17,17,0,207.66,12.215294117647058,146.42000000000002,61.239999999999995,,0.9535984848484849,62.19999999999999,129,22,-0.7264271511287586
00-0040128,Tyler Warren,TE,2025,IND,17,17,0,188.5,11.088235294117647,160.7,27.8,,0.8386194029850746,61.09411764705881,130,6,0.6578098412740537
00-0040735,Luther Burden III,WR,2025,CHI,15,17,2,133.9,8.926666666666668,81.2,52.7,,0.3483535528596187,60.977777777777774,131,47,-0.37583373282011634
00-0034351,Dallas Goedert,TE,2025,PHI,15,17,2,188.1,12.54,141.1,47.0,7.0,0.7466793168880456,60.6705882352941,132,7,0.6410503548721667
00-0033526,Samaje Perine,RB,2025,CIN,15,17,2,79.9,5.326666666666667,46.0,33.9,0.0,0.3114311431143114,56.81739130434784,133,57,-1.4386544399315435
00-0040130,Jayden Higgins,WR,2025,HOU,17,17,0,129.5,7.617647058823529,98.3,31.200000000000003,,0.5784482758620689,56.414814814814804,134,48,-0.44625950399438735
00-0039849,Marvin Harrison Jr.,WR,2025,ARI,12,17,5,127.80000000000001,10.65,125.4,2.4000000000000004,0.0,0.4986784140969163,54.65185185185185,135,49,-0.47346946103899185
00-0039338,Brock Bowers,TE,2025,LV,12,17,5,182.2,15.183333333333332,159.1,23.1,0.0,0.6092648539778449,54.42352941176468,136,8,0.3938479304443372
00-0036040,Juwan Johnson,TE,2025,NO,17,17,0,181.9,10.700000000000001,136.4,45.5,2.0,0.7562277580071174,54.10588235294117,137,9,0.38127831564292286
00-0033090,Hunter Henry,TE,2025,NE,17,17,0,181.8,10.694117647058825,139.0,42.800000000000004,1.0,0.7943327239488117,54.0,138,10,0.37708844404245145
00-0038608,Kayshon Boutte,WR,2025,NE,14,17,3,127.1,9.078571428571427,116.1,11.0,2.0,0.5548446069469836,53.92592592592591,139,50,-0.4846735609985352
00-0037834,Brock Purdy,QB,2025,SF,9,17,8,197.38,21.93111111111111,90.17999999999999,107.20000000000002,2.0,0.5138269402319358,51.91999999999999,140,23,-0.8684700964800833
00-0030565,Geno Smith,QB,2025,LV,15,17,2,195.9,13.06,171.72,24.18,0.0,0.8690835850956697,50.44,141,24,-0.8889198590403906
00-0034383,Dalton Schultz,TE,2025,HOU,17,17,0,177.70000000000002,10.452941176470588,125.4,52.300000000000004,0.0,0.7129310344827586,49.65882352941177,142,11,0.20530370842311269
00-0036407,Jerry Jeudy,WR,2025,CLE,17,17,0,121.7,7.158823529411765,98.7,23.0,0.0,0.850415512465374,48.325925925925915,143,51,-0.5711051892578676
00-0033955,Jeremy McNichols,RB,2025,WAS,16,17,1,73.7,4.60625,60.2,13.5,2.0,0.31973434535104367,47.11304347826088,144,58,-1.513941341822398
00-0039410,Ryan Flournoy,WR,2025,DAL,15,17,2,120.0,8.0,90.4,29.6,8.0,0.40387858347386174,46.56296296296295,145,52,-0.5983151463024723
00-0033908,Cooper Kupp,WR,2025,SEA,16,17,1,119.3,7.45625,95.3,24.0,5.0,0.7218045112781954,45.83703703703702,146,53,-0.6095192462620155
00-0039798,Isaiah Davis,RB,2025,NYJ,16,17,1,71.2,4.45,44.7,26.5,4.0,0.2719465648854962,43.2,147,59,-1.5442989635525812
00-0040170,Elic Ayomanor,WR,2025,TEN,16,17,1,116.5,7.28125,83.30000000000001,33.2,,0.7452651515151515,42.93333333333332,148,54,-0.6543356461001878
00-0033555,Mack Hollins,WR,2025,NE,14,17,3,116.4,8.314285714285715,94.4,22.0,0.0,0.6023765996343693,42.82962962962962,149,55,-0.6559362318086939
00-0040705,Chimere Dike,WR,2025,TEN,17,17,0,116.1,6.829411764705882,82.2,33.9,,0.5975378787878788,42.518518518518505,150,56,-0.6607379889342125
00-0035659,Terry McLaurin,WR,2025,WAS,10,17,7,114.2,11.42,69.0,45.2,0.0,0.4108159392789374,40.54814814814814,151,57,-0.6911491173958294
00-0040126,Colston Loveland,TE,2025,CHI,16,17,1,168.1,10.50625,105.5,62.6,,0.6074523396880416,39.49411764705881,152,12,-0.1969239652221698
00-0039880,Malik Washington,WR,2025,MIA,17,17,0,111.7,6.570588235294117,86.2,25.5,3.0,0.5728848114169215,37.95555555555555,153,58,-0.7311637601084833
00-0039894,Xavier Worthy,WR,2025,KC,14,17,3,109.9,7.8500000000000005,98.2,11.700000000000001,1.0,0.5795148247978437,36.08888888888888,154,59,-0.7599743028615941
00-0033288,George Kittle,TE,2025,SF,11,17,6,164.5,14.954545454545455,106.3,58.2,2.0,0.49420160570918825,35.68235294117646,155,13,-0.3477593428391501
00-0036212,Tua Tagovailoa,QB,2025,MIA,14,17,3,180.70000000000002,12.907142857142858,163.48000000000002,17.220000000000002,6.0,0.7910295616717635,35.24000000000001,156,25,-1.098944447497602
00-0034975,Justice Hill,RB,2025,BAL,10,17,7,65.2,6.5200000000000005,65.2,0.0,2.0,0.21597633136094674,33.80869565217392,157,60,-1.6171572557050211
00-0039901,Keon Coleman,WR,2025,BUF,12,17,5,106.4,8.866666666666667,97.5,8.9,4.0,0.508833922261484,32.459259259259255,158,60,-0.8159948026593096
00-0040078,Brashard Smith,RB,2025,KC,17,17,0,63.3,3.7235294117647055,44.5,18.8,,0.17160826594788858,30.834782608695647,159,61,-1.64022904821996
00-0037291,Jalen Nailor,WR,2025,MIN,17,17,0,103.7,6.1000000000000005,76.3,27.4,2.0,0.6523476523476524,29.65925925925925,160,61,-0.8592106167889759
00-0037746,Brian Robinson,RB,2025,SF,17,17,0,62.50000000000001,3.6764705882352944,53.7,8.8,3.0,0.1694915254237288,29.582608695652183,161,62,-1.6499434871736187
00-0039875,Ray Davis,RB,2025,BUF,17,17,0,61.10000000000001,3.594117647058824,22.400000000000002,38.7,0.0,0.14840989399293286,27.3913043478261,162,63,-1.666943755342521
00-0040743,Tyler Shough,QB,2025,NO,11,17,6,171.96,15.632727272727273,86.08,85.88,,0.5382562277580071,26.5,163,26,-1.2197085858604988
00-0040202,Devin Neal,RB,2025,NO,9,17,8,60.0,6.666666666666667,49.8,10.200000000000001,,0.23843416370106763,25.669565217391302,164,64,-1.680301108903802
00-0035535,Darius Slayton,WR,2025,NYG,14,17,3,99.80000000000001,7.128571428571429,73.7,26.1,1.0,0.6565217391304348,25.614814814814817,165,62,-0.9216334594207158
00-0037740,Garrett Wilson,WR,2025,NYJ,7,17,10,99.5,14.214285714285714,99.5,0.0,0.0,0.3654580152671756,25.303703703703693,166,63,-0.9264352165462345
00-0038621,DeMario Douglas,WR,2025,NE,16,17,1,98.8,6.175,89.8,9.0,1.0,0.263254113345521,24.577777777777765,167,64,-0.9376393165057777
00-0038705,Emari Demercado,RB,2025,ARI,12,17,5,59.3,4.941666666666666,43.5,15.8,4.0,0.1726872246696035,24.573913043478257,168,65,-1.688801242988253
00-0033307,Kendrick Bourne,WR,2025,SF,14,17,3,98.10000000000001,7.007142857142858,85.20000000000002,12.9,5.0,0.5298840321141838,23.85185185185185,169,65,-0.9488434164653206
00-0038618,Xavier Hutchinson,WR,2025,HOU,16,17,1,98.0,6.125,75.7,22.3,3.0,0.5793103448275863,23.74814814814814,170,66,-0.9504440021738269
00-0026158,Joe Flacco,QB,2025,CIN,13,17,4,168.66,12.973846153846154,167.14,1.5199999999999998,10.0,0.31449407474931634,23.19999999999999,171,27,-1.2653060294071306
00-0038555,Tank Bigsby,RB,2025,PHI,15,17,2,56.8,3.7866666666666666,21.9,34.9,1.0,0.06306715063520871,20.660869565217386,172,66,-1.7191588647184364
00-0039916,Ricky Pearsall,WR,2025,SF,9,17,8,94.60000000000001,10.511111111111113,65.5,29.1,6.0,0.4281891168599465,20.22222222222222,173,67,-1.0048639162630362
00-0038454,Keaton Mitchell,RB,2025,BAL,13,17,4,55.400000000000006,4.261538461538462,41.5,13.9,13.0,0.1301775147928994,18.469565217391313,174,67,-1.736159132887339
00-0040237,Tez Johnson,WR,2025,TB,15,17,2,92.4,6.16,84.4,8.0,,0.4365079365079365,17.940740740740736,175,68,-1.0400768018501716
00-0039793,AJ Barner,TE,2025,SEA,17,17,0,147.3,8.664705882352942,109.9,37.4,2.0,0.7772556390977443,17.47058823529412,176,14,-1.068417258120279
00-0039890,Adonai Mitchell,WR,2025,IND,16,17,1,91.9,5.74375,62.00000000000001,29.9,0.0,0.2349056603773585,17.422222222222217,177,69,-1.0480797303927023
00-0039491,Jalen Coker,WR,2025,CAR,11,17,6,91.4,8.30909090909091,48.4,43.0,6.0,0.413760603204524,16.903703703703698,178,70,-1.0560826589352332
00-0040198,Ollie Gordon II,RB,2025,MIA,17,17,0,54.1,3.182352941176471,52.1,2.0,,0.22629969418960244,16.434782608695652,179,68,-1.7519450961870344
00-0038619,Andrei Iosivas,WR,2025,CIN,15,17,2,89.9,5.993333333333334,75.7,14.200000000000001,0.0,0.765976597659766,15.348148148148145,180,71,-1.0800914445628256
00-0039342,Xavier Legette,WR,2025,CAR,15,17,2,89.30000000000001,5.953333333333334,74.7,14.600000000000001,2.0,0.6050895381715363,14.725925925925928,181,72,-1.0896949588138625
00-0038976,Marvin Mims Jr.,WR,2025,DEN,15,17,2,89.0,5.933333333333334,68.4,20.6,0.0,0.33245614035087717,14.414814814814806,182,73,-1.094496715939381
00-0039874,Jaylen Wright,RB,2025,MIA,9,17,8,52.2,5.800000000000001,27.200000000000003,25.0,4.0,0.12945973496432212,13.460869565217394,183,69,-1.7750168887019737
00-0031408,Mike Evans,WR,2025,TB,8,17,9,87.80000000000001,10.975000000000001,34.0,53.800000000000004,3.0,0.3148148148148148,13.170370370370373,184,74,-1.1137037444414548
00-0037837,Calvin Austin III,WR,2025,PIT,14,17,3,86.2,6.1571428571428575,69.9,16.3,0.0,0.4325897187196896,11.511111111111104,185,75,-1.1393131157775533
00-0033921,Chris Godwin Jr.,WR,2025,TB,9,17,8,86.0,9.555555555555555,35.4,50.6,10.0,0.37742504409171074,11.303703703703695,186,76,-1.1425142871945657
00-0037801,KaVontae Turpin,WR,2025,DAL,15,17,2,85.5,5.7,61.300000000000004,24.2,0.0,0.32040472175379425,10.785185185185176,187,77,-1.1505172157370966
00-0035208,Olamide Zaccheaus,WR,2025,CHI,14,17,3,84.80000000000001,6.057142857142858,79.5,5.300000000000001,1.0,0.5025996533795494,10.059259259259262,188,78,-1.1617213156966395
00-0032385,Sterling Shepard,WR,2025,TB,13,17,4,83.0,6.384615384615385,83.0,0.0,4.0,0.4365079365079365,8.192592592592582,189,79,-1.1905318584497504
00-0036309,Darnell Mooney,WR,2025,ATL,15,17,2,82.3,5.486666666666666,60.9,21.4,1.0,0.7098540145985401,7.466666666666654,190,80,-1.2017359584092937
00-0039373,Audric Estimé,RB,2025,NO,5,17,12,48.1,9.620000000000001,1.1,47.0,4.0,0.1610320284697509,7.043478260869565,191,70,-1.824803388339474
00-0038104,Tyquan Thornton,WR,2025,KC,12,17,5,80.8,6.733333333333333,74.10000000000001,6.7,13.0,0.3306379155435759,5.911111111111099,192,81,-1.225744744036886
00-0040189,Oronde Gadsden II,TE,2025,LAC,15,17,2,135.4,9.026666666666667,107.10000000000001,28.3,,0.5485564304461942,4.870588235294112,193,15,-1.5670119785764096
00-0036972,Mac Jones,QB,2025,SF,11,17,6,149.04,13.549090909090909,149.34,-0.30000000000000004,7.0,0.4870651204281891,3.579999999999984,194,28,-1.5364035574025576
00-0038933,Dalton Kincaid,TE,2025,BUF,12,17,5,132.1,11.008333333333333,117.9,14.200000000000001,4.0,0.2667844522968198,1.3764705882352761,195,16,-1.7052777413919755
00-0040669,Isaac TeSlaa,WR,2025,DET,14,17,3,75.9,5.421428571428572,44.0,31.9,,0.39672429481346677,0.8296296296296266,196,82,-1.3041734437536876
00-0038393,Dontayvion Wicks,WR,2025,GB,13,17,4,75.8,5.8307692307692305,69.3,6.5,0.0,0.3882017126546147,0.7259259259259141,197,83,-1.3057740294621938
00-0034753,Mark Andrews,TE,2025,BAL,17,17,0,131.0,7.705882352941177,112.60000000000001,18.400000000000002,0.0,0.621301775147929,0.21176470588234092,198,17,-1.7513663289971637
00-0036945,Justin Fields,QB,2025,NYJ,9,17,8,145.66,16.184444444444445,145.66,0.0,7.0,0.4780534351145038,0.19999999999998863,199,29,-1.5831063935200165
00-0035500,Greg Dortch,WR,2025,ARI,12,17,5,75.10000000000001,6.258333333333334,75.10000000000001,0.0,0.0,0.25726872246696036,0.0,200,84,-1.3169781294217369
00-0037563,Malik Davis,RB,2025,DAL,10,17,7,43.6,4.36,16.3,27.3,,0.13069139966273188,0.0,201,71,-1.8794471074538037
00-0037267,Jerome Ford,RB,2025,CLE,13,17,4,43.6,3.353846153846154,43.6,0.0,3.0,0.24838411819021236,0.0,202,72,-1.8794471074538037
00-0036442,Joe Burrow,QB,2025,CIN,8,17,9,145.46,18.1825,60.459999999999994,85.0,0.0,0.4302430243024302,0.0,203,30,-1.585869874947085
00-0036244,Colby Parkinson,TE,2025,LA,14,17,3,130.8,9.342857142857143,71.30000000000001,59.5,1.0,0.547136563876652,0.0,204,18,-1.7597460721981066
00-0040134,Pat Bryant,WR,2025,DEN,13,17,4,74.8,5.753846153846154,58.5,16.299999999999997,,0.4166666666666667,-0.3111111111111229,205,85,-1.3217798865472554
00-0030061,Zach Ertz,TE,2025,WAS,13,17,4,129.4,9.953846153846154,129.4,0.0,0.0,0.5227703984819735,-1.4823529411764766,206,19,-1.8184042746047104
00-0033857,JuJu Smith-Schuster,WR,2025,KC,17,17,0,73.5,4.323529411764706,63.4,10.1,6.0,0.5570530098831986,-1.659259259259268,207,86,-1.3425875007578354
00-0039847,Theo Johnson,TE,2025,NYG,15,17,2,127.8,8.52,117.6,10.2,6.0,0.7582608695652174,-3.176470588235309,208,20,-1.8854422202122578
00-0037614,John Metchie III,WR,2025,NYJ,13,17,4,71.9,5.5307692307692315,51.5,20.4,7.0,0.21170313986679354,-3.318518518518521,209,87,-1.368196872093934
00-0039923,J.J. McCarthy,QB,2025,MIN,10,17,7,141.38,14.138,97.58,43.8,,0.5224775224775224,-4.0800000000000125,210,31,-1.642244896059284
00-0040667,Matthew Golden,WR,2025,GB,14,17,3,70.0,5.0,57.1,12.9,,0.4300666032350143,-5.288888888888898,211,88,-1.398608000555551
00-0036415,Van Jefferson,WR,2025,TEN,14,17,3,70.0,5.0,52.7,17.3,2.0,0.5520833333333334,-5.288888888888898,212,89,-1.398608000555551
00-0038440,Zavier Scott,RB,2025,MIN,11,17,6,40.2,3.6545454545454548,35.3,4.9,,0.1048951048951049,-5.32173913043478,213,73,-1.920733473006853
00-0040727,Tre Harris,WR,2025,LAC,16,17,1,69.4,4.3375,44.800000000000004,24.6,,0.48556430446194226,-5.911111111111114,214,90,-1.408211514806588
00-0040138,Jaylin Noel,WR,2025,HOU,17,17,0,68.4,4.023529411764706,51.5,16.900000000000002,,0.2620689655172414,-6.94814814814815,215,91,-1.4242173718916493
00-0032268,Marcus Mariota,QB,2025,WAS,10,17,7,138.5,13.85,118.06,20.439999999999998,14.0,0.4838709677419355,-6.960000000000008,216,32,-1.6820390286090714
00-0037809,Chig Okonkwo,TE,2025,TEN,17,17,0,124.0,7.294117647058823,83.60000000000001,40.4,1.0,0.6306818181818182,-7.200000000000012,217,21,-2.0446573410301814
00-0038996,Tucker Kraft,TE,2025,GB,8,17,9,123.19999999999999,15.399999999999999,123.19999999999999,0.0,0.0,0.41769743101807805,-8.047058823529436,218,22,-2.0781763138339553
00-0032211,Tyler Lockett,WR,2025,LV,17,17,0,67.1,3.9470588235294115,52.1,15.0,0.0,0.2430453879941435,-8.29629629629631,219,92,-1.4450249861022295
00-0030564,DeAndre Hopkins,WR,2025,BAL,17,17,0,67.0,3.9411764705882355,54.7,12.3,1.0,0.32938856015779094,-8.40000000000001,220,93,-1.4466255718107357
00-0032104,Ameer Abdullah,RB,2025,IND,13,17,4,37.9,2.9153846153846152,20.9,17.0,2.0,0.08022388059701492,-8.921739130434787,221,74,-1.9486624849986214
00-0038129,Cade Otton,TE,2025,TB,15,17,2,122.2,8.146666666666667,89.0,33.2,3.0,0.8756613756613757,-9.105882352941185,222,23,-2.120075029838672
00-0039424,Devaughn Vele,WR,2025,NO,9,17,8,66.3,7.366666666666666,54.4,11.9,4.0,0.3887900355871886,-9.125925925925937,223,94,-1.4578296717702788
00-0038738,Hunter Luepke,RB,2025,DAL,14,17,3,37.0,2.642857142857143,21.599999999999998,15.4,3.0,0.21163575042158517,-10.330434782608698,224,75,-1.9595912288214874
00-0039921,Trey Benson,RB,2025,ARI,4,17,13,35.400000000000006,8.850000000000001,35.400000000000006,0.0,5.0,0.10837004405286343,-12.834782608695646,225,76,-1.9790201067288045
00-0037085,Tyler Badie,RB,2025,DEN,16,17,1,35.4,2.2125,28.5,6.8999999999999995,14.0,0.16842105263157894,-12.834782608695658,226,77,-1.9790201067288045
00-0038935,Brenton Strange,TE,2025,JAX,12,17,5,118.0,9.833333333333334,73.9,44.1,3.0,0.5139130434782608,-13.5529411764706,227,24,-2.2960496370584824
00-0032464,Kalif Raymond,WR,2025,DET,15,17,2,60.8,4.053333333333333,31.900000000000002,28.9,5.0,0.3257506824385805,-14.82962962962964,228,95,-1.5458618857381174
00-0036894,Pat Freiermuth,TE,2025,PIT,15,17,2,116.60000000000001,7.773333333333334,85.7,30.900000000000002,0.0,0.5063045586808923,-15.035294117647062,229,25,-2.3547078394650858
00-0039917,Michael Penix Jr.,QB,2025,ATL,9,17,8,130.28,14.475555555555555,130.28,0.0,12.0,0.5045620437956204,-15.180000000000007,230,33,-1.7956181152615898
00-0039337,Malik Nabers,WR,2025,NYG,4,17,13,60.1,15.025,60.1,0.0,2.0,0.18782608695652173,-15.555555555555562,231,96,-1.5570659856976605
00-0038979,Cedric Tillman,WR,2025,CLE,12,17,5,60.0,5.0,49.699999999999996,10.3,8.0,0.4755309325946445,-15.659259259259267,232,97,-1.5586665714061667
00-0033553,James Conner,RB,2025,ARI,3,17,14,33.300000000000004,11.100000000000001,33.300000000000004,0.0,1.0,0.08193832599118943,-16.12173913043478,233,78,-2.0045205089821585
00-0038551,Kendre Miller,RB,2025,NO,7,17,10,33.3,4.757142857142857,33.3,0.0,11.0,0.10053380782918149,-16.12173913043479,234,79,-2.0045205089821585
00-0040648,Tory Horton,WR,2025,SEA,8,17,9,59.1,7.3875,59.1,0.0,,0.212406015037594,-16.5925925925926,235,98,-1.5730718427827222
00-0039405,Jawhar Jordan,RB,2025,HOU,4,17,13,32.7,8.175,0.0,32.7,,0.06810344827586207,-17.06086956521739,236,80,-2.0118063381974025
00-0038685,Chris Brooks,RB,2025,GB,17,17,0,32.7,1.9235294117647062,21.5,11.200000000000001,6.0,0.19314938154138916,-17.06086956521739,237,81,-2.0118063381974025
00-0032775,Demarcus Robinson,WR,2025,SF,14,17,3,58.2,4.1571428571428575,31.900000000000002,26.3,0.0,0.3746654772524532,-17.525925925925932,238,99,-1.5874771141592774
00-0034775,Christian Kirk,WR,2025,HOU,11,17,6,57.9,5.263636363636364,48.4,9.5,9.0,0.3732758620689655,-17.837037037037046,239,100,-1.592278871284796
00-0035229,T.J. Hockenson,TE,2025,MIN,15,17,2,112.8,7.52,101.0,11.8,7.0,0.6903096903096904,-19.05882352941178,240,26,-2.51392296028301
00-0038794,Jaleel McLaughlin,RB,2025,DEN,8,17,9,31.4,3.925,16.5,14.9,1.0,0.07456140350877193,-19.09565217391305,241,82,-2.027592301497098
00-0033040,Tyreek Hill,WR,2025,MIA,4,17,13,56.5,14.125,56.5,0.0,0.0,0.1580020387359837,-19.288888888888895,242,101,-1.614687071203882
00-0036550,Rashod Bateman,WR,2025,BAL,13,17,4,55.400000000000006,4.261538461538462,53.7,1.7000000000000002,1.0,0.5424063116370809,-20.42962962962963,243,102,-1.6322935139974497
00-0031236,Brandin Cooks,WR,2025,NO,13,17,4,54.900000000000006,4.223076923076923,37.8,17.1,7.0,0.23803191489361702,-20.94814814814815,244,103,-1.6402964425399806
00-0040782,Isaiah Bond,WR,2025,CLE,15,17,2,54.7,3.646666666666667,36.5,18.2,,0.45614035087719296,-21.15555555555556,245,104,-1.643497613956993
00-0031687,Raheem Mostert,RB,2025,LV,12,17,5,29.400000000000002,2.45,26.3,3.1,4.0,0.1379657603222558,-22.22608695652174,246,83,-2.0518783988812443
00-0036988,Josh Palmer,WR,2025,BUF,12,17,5,52.300000000000004,4.358333333333333,45.2,7.1,2.0,0.3471731448763251,-23.64444444444445,247,105,-1.6819116709611406
00-0039910,Jayden Daniels,QB,2025,WAS,7,17,10,121.28,17.325714285714287,121.28,0.0,0.0,0.38425047438330173,-24.180000000000007,248,34,-1.9199747794796755
00-0033375,Tim Patrick,WR,2025,JAX,13,17,4,51.7,3.976923076923077,48.2,3.5,2.0,0.2921739130434783,-24.266666666666673,249,106,-1.6915151852121777
00-0039355,Luke McCaffrey,WR,2025,WAS,9,17,8,51.300000000000004,5.7,51.300000000000004,0.0,4.0,0.1650853889943074,-24.681481481481484,250,107,-1.6979175280462022
00-0035243,Miles Sanders,RB,2025,DAL,4,17,13,27.700000000000003,6.925000000000001,27.700000000000003,0.0,6.0,0.05480607082630692,-24.88695652173913,251,84,-2.072521581657769
00-0036626,Dyami Brown,WR,2025,JAX,11,17,6,50.7,4.609090909090909,49.5,1.2000000000000002,2.0,0.3095652173913043,-25.303703703703707,252,108,-1.7075210422972393
00-0039065,Sam LaPorta,TE,2025,DET,9,17,8,106.9,11.877777777777778,106.9,0.0,1.0,0.47042766151046406,-25.305882352941182,253,27,-2.761125384710839
00-0034837,Calvin Ridley,WR,2025,TEN,7,17,10,50.3,7.185714285714285,50.3,0.0,0.0,0.23674242424242425,-25.71851851851853,254,109,-1.713923385131264
00-0037741,Jahan Dotson,WR,2025,PHI,15,17,2,50.2,3.3466666666666667,38.9,11.3,3.0,0.5683111954459203,-25.822222222222226,255,110,-1.71552397083977
00-0040131,Kyle Williams,WR,2025,NE,14,17,3,49.2,3.5142857142857147,31.1,18.1,,0.3071297989031079,-26.859259259259264,256,111,-1.7315298279248317
00-0035359,David Sills,WR,2025,ATL,12,17,5,49.1,4.091666666666667,26.5,22.6,,0.5155109489051095,-26.96296296296297,257,112,-1.7331304136333379
00-0039451,Isaiah Williams,WR,2025,NYJ,15,17,2,48.7,3.246666666666667,16.0,32.7,9.0,0.3139312977099237,-27.377777777777784,258,113,-1.7395327564673624
00-0039146,Jayden Reed,WR,2025,GB,5,17,12,48.5,9.7,22.8,25.700000000000003,0.0,0.16079923882017128,-27.585185185185193,259,114,-1.7427339278843748
00-0038359,Xavier Smith,WR,2025,LA,16,17,1,48.300000000000004,3.0187500000000003,28.3,20.0,3.0,0.2052863436123348,-27.792592592592595,260,115,-1.745935099301387
00-0036755,Jaret Patterson,RB,2025,LAC,6,17,11,25.7,4.283333333333333,18.9,6.8,,0.10148731408573929,-28.017391304347832,261,85,-2.0968076790419157
00-0035689,Dawson Knox,TE,2025,BUF,16,17,1,103.7,6.48125,64.6,39.1,3.0,0.5768551236749117,-28.69411764705883,262,28,-2.895201275925933
00-0033854,Dare Ogunbowale,RB,2025,HOU,14,17,3,25.1,1.792857142857143,15.899999999999999,9.200000000000001,1.0,0.11120689655172414,-28.956521739130437,263,86,-2.1040935082571592
00-0040238,LeQuint Allen Jr.,RB,2025,JAX,16,17,1,24.8,1.55,20.9,3.9000000000000004,,0.2252173913043478,-29.42608695652174,264,87,-2.107736422864781
00-0033881,Evan Engram,TE,2025,DEN,16,17,1,102.8,6.425,81.4,21.4,8.0,0.4017543859649123,-29.647058823529427,265,29,-2.9329101203301784
00-0037666,Jalen Tolbert,WR,2025,DAL,12,17,5,46.3,3.858333333333333,39.2,7.1,0.0,0.3912310286677909,-29.866666666666678,266,116,-1.7779468134715102
00-0039796,Rasheen Ali,RB,2025,BAL,15,17,2,24.2,1.6133333333333333,8.0,16.2,12.0,0.11735700197238659,-30.365217391304352,267,88,-2.1150222520800255
00-0038679,Tyrell Shavers,WR,2025,BUF,11,17,6,45.5,4.136363636363637,36.800000000000004,8.7,16.0,0.38957597173144876,-30.696296296296303,268,117,-1.7907514991395594
00-0029604,Kirk Cousins,QB,2025,ATL,10,17,7,113.54,11.354000000000001,43.7,69.84,3.0,0.4954379562043796,-31.92,269,35,-2.026921510707229
00-0040729,Jack Bech,WR,2025,LV,14,17,3,42.4,3.0285714285714285,32.4,10.0,,0.34541792547834843,-33.91111111111112,270,118,-1.8403696561032503
00-0040586,Jaydon Blue,RB,2025,DAL,5,17,12,20.400000000000002,4.08,8.0,12.4,,0.0657672849915683,-36.31304347826087,271,89,-2.1611658371099036
00-0040466,Raheim Sanders,RB,2025,CLE,4,17,13,20.3,5.075,6.3,14.0,,0.05447830101569714,-36.469565217391306,272,90,-2.162380141979111
00-0030035,Adam Thielen,WR,2025,MIN,14,17,3,39.6,2.8285714285714287,18.3,21.3,7.0,0.1904527559055118,-36.81481481481482,273,119,-1.8851860559414229
00-0039739,Roman Wilson,WR,2025,PIT,9,17,8,39.6,4.4,39.6,0.0,,0.24539282250242483,-36.81481481481482,274,120,-1.8851860559414229
00-0040164,Jaylin Lane,WR,2025,WAS,15,17,2,39.2,2.6133333333333337,39.2,0.0,,0.3301707779886148,-37.229629629629635,275,121,-1.8915883987754474
00-0039746,Will Shipley,RB,2025,PHI,14,17,3,19.5,1.3928571428571428,14.700000000000001,4.8,4.0,0.11005692599620494,-37.721739130434784,276,91,-2.17209458093277
00-0032398,Chris Moore,WR,2025,WAS,10,17,7,38.6,3.8600000000000003,36.1,2.5,,0.40702087286527516,-37.851851851851855,277,122,-1.9011919130264845
00-0039376,Spencer Rattler,QB,2025,NO,9,17,8,107.14,11.904444444444444,107.14,0.0,10.0,0.4359430604982206,-38.32000000000001,278,36,-2.115352916373424
00-0036427,Tyler Johnson,WR,2025,NYJ,9,17,8,37.7,4.188888888888889,34.7,3.0,6.0,0.2786259541984733,-38.78518518518519,279,123,-1.9155971844030397
00-0039792,Devontez Walker,WR,2025,BAL,8,17,9,37.6,4.7,25.0,12.600000000000001,14.0,0.16074950690335305,-38.88888888888889,280,124,-1.917197770111546
00-0037112,Jake Tonges,TE,2025,SF,10,17,7,93.30000000000001,9.330000000000002,72.60000000000001,20.7,15.0,0.3559322033898305,-39.705882352941174,281,30,-3.3309479223749876
00-0036328,Antonio Gibson,RB,2025,NE,5,17,12,18.2,3.6399999999999997,18.2,0.0,0.0,0.04753199268738574,-39.75652173913044,282,92,-2.187880544232465
00-0039751,Jordan Whittington,WR,2025,LA,15,17,2,36.300000000000004,2.4200000000000004,33.400000000000006,2.9000000000000004,3.0,0.3903083700440529,-40.23703703703704,283,125,-1.9380053843221259
00-0034983,Hunter Renfrow,WR,2025,CAR,6,17,11,35.900000000000006,5.983333333333334,35.900000000000006,0.0,,0.19792648444863337,-40.65185185185185,284,126,-1.9444077271561504
00-0040584,Gunnar Helm,TE,2025,TEN,16,17,1,91.7,5.73125,72.8,18.9,,0.5047348484848485,-41.40000000000001,285,31,-3.397985867982535
00-0035291,Trayveon Williams,RB,2025,CLE,6,17,11,17.1,2.85,0.9,16.2,12.0,0.03593890386343217,-41.47826086956522,286,93,-2.2012378977937455
00-0035406,Lil'Jordan Humphrey,WR,2025,DEN,7,17,10,34.6,4.942857142857143,15.2,19.4,3.0,0.14366812227074235,-42.00000000000001,287,127,-1.9652153413667308
00-0039794,Braelon Allen,RB,2025,NYJ,4,17,13,16.3,4.075,16.3,0.0,0.0,0.05534351145038168,-42.7304347826087,288,94,-2.210952336747404
00-0035645,Gunner Olszewski,WR,2025,NYG,16,17,1,33.5,2.09375,9.4,24.1,,0.10260869565217391,-43.140740740740746,289,128,-1.9828217841602984
00-0039299,George Holani,RB,2025,SEA,10,17,7,15.8,1.58,15.8,0.0,14.0,0.03383458646616541,-43.513043478260876,290,95,-2.2170238610934407
00-0037231,Kevin Austin Jr.,WR,2025,NO,5,17,12,33.0,6.6,0.0,33.0,9.0,0.21530249110320285,-43.659259259259265,291,129,-1.9908247127028291
00-0039855,Jalen McMillan,WR,2025,TB,4,17,13,32.9,8.225,0.0,32.9,4.0,0.12169312169312169,-43.76296296296297,292,130,-1.9924252984113353
00-0040736,Mason Taylor,TE,2025,NYJ,13,17,4,88.9,6.838461538461539,88.9,0.0,,0.6240458015267175,-44.36470588235295,293,32,-3.5153022727957417
00-0039757,Terrell Jennings,RB,2025,NE,6,17,11,15.200000000000001,2.5333333333333337,15.200000000000001,0.0,15.0,0.0356489945155393,-44.45217391304348,294,96,-2.2243096903086848
00-0031610,Darren Waller,TE,2025,MIA,9,17,8,88.7,9.855555555555556,55.1,33.6,,0.23649337410805302,-44.5764705882353,295,33,-3.5236820159966853
00-0034272,Marquez Valdes-Scantling,WR,2025,PIT,9,17,8,32.0,3.5555555555555554,8.0,24.0,4.0,0.1575278810408922,-44.6962962962963,296,131,-2.0068305697878905
00-0039920,Malachi Corley,WR,2025,CLE,12,17,5,31.6,2.6333333333333333,16.3,15.299999999999999,12.0,0.1791320406278855,-45.111111111111114,297,132,-2.0132329126219153
00-0038839,Mitchell Tinsley,WR,2025,CIN,8,17,9,31.6,3.95,29.0,2.6,,0.25922592259225924,-45.111111111111114,298,133,-2.0132329126219153
00-0036849,Tutu Atwell,WR,2025,LA,8,17,9,31.2,3.9,26.4,4.800000000000001,2.0,0.1647577092511013,-45.52592592592593,299,134,-2.01963525545594
00-0040668,Shedeur Sanders,QB,2025,CLE,8,17,9,99.9,12.4875,61.760000000000005,38.14,,0.39519852262234534,-45.56,300,37,-2.215390944033306
00-0036196,Gabe Davis,WR,2025,BUF,6,17,11,30.900000000000002,5.15,15.8,15.100000000000001,7.0,0.21024734982332155,-45.837037037037035,301,135,-2.0244370125814584
00-0033891,Zay Jones,WR,2025,ARI,6,17,11,30.3,5.05,30.3,0.0,11.0,0.23876651982378855,-46.45925925925927,302,136,-2.0340405268324955
00-0038840,Brycen Tremayne,WR,2025,CAR,15,17,2,30.0,2.0,25.3,4.7,15.0,0.24882186616399624,-46.77037037037038,303,137,-2.038842283958014
00-0040644,Trevor Etienne,RB,2025,CAR,17,17,0,13.700000000000001,0.8058823529411765,13.700000000000001,0.0,,0.05937794533459001,-46.8,304,97,-2.242524263346795
00-0033885,David Njoku,TE,2025,CLE,11,17,6,86.3,7.845454545454545,86.3,0.0,6.0,0.47460757156048017,-47.11764705882354,305,34,-3.624238934408006
00-0033699,Austin Ekeler,RB,2025,WAS,2,17,15,13.1,6.55,13.1,0.0,5.0,0.06546489563567362,-47.73913043478261,306,98,-2.2498100925620386
00-0037742,Treylon Burks,WR,2025,WAS,8,17,9,29.0,3.625,18.700000000000003,10.3,12.0,0.27703984819734345,-47.80740740740741,307,138,-2.0548481410430752
00-0040218,Jimmy Horn Jr.,WR,2025,CAR,10,17,7,28.7,2.87,19.1,9.6,,0.13949104618284638,-48.11851851851852,308,139,-2.059649898168594
00-0036980,Elijah Moore,WR,2025,BUF,9,17,8,28.599999999999998,3.1777777777777776,28.599999999999998,0.0,0.0,0.16431095406360424,-48.222222222222236,309,140,-2.0612504838771
00-0033858,Jonnu Smith,TE,2025,PIT,17,17,0,85.2,5.011764705882353,62.7,22.5,0.0,0.5198836081474297,-48.28235294117648,310,35,-3.6703275220131943
00-0036165,Isaiah Hodgins,WR,2025,NYG,6,17,11,27.5,4.583333333333333,24.299999999999997,3.2,15.0,0.31565217391304345,-49.36296296296297,311,141,-2.078856926670668
00-0036893,Najee Harris,RB,2025,LAC,3,17,14,11.600000000000001,3.866666666666667,11.600000000000001,0.0,0.0,0.03762029746281715,-50.08695652173913,312,99,-2.268024665600149
00-0040277,Jahdae Walker,WR,2025,CHI,6,17,11,26.7,4.45,0.0,26.7,,0.07452339688041594,-50.1925925925926,313,142,-2.0916616123387173
00-0040009,Savion Williams,WR,2025,GB,12,17,5,26.500000000000004,2.2083333333333335,25.6,0.9,,0.08658420551855375,-50.400000000000006,314,143,-2.094862783755729
00-0040311,Theo Wease Jr.,WR,2025,MIA,3,17,14,25.9,8.633333333333333,0.0,25.9,,0.05606523955147808,-51.02222222222223,315,144,-2.1044662980067663
00-0040021,Phil Mafah,RB,2025,DAL,1,17,16,10.9,10.9,0.0,10.9,,0.008431703204047217,-51.18260869565218,316,100,-2.2765247996845996
00-0040590,Konata Mumpfield,WR,2025,LA,10,17,7,25.2,2.52,15.2,10.0,,0.3303964757709251,-51.748148148148154,317,145,-2.1156703979663094
00-0036265,AJ Dillon,RB,2025,PHI,6,17,11,10.100000000000001,1.6833333333333336,8.8,1.3,,0.04743833017077799,-52.434782608695656,318,101,-2.2862392386382586
00-0037617,Hassan Haskins,RB,2025,LAC,11,17,6,10.0,0.9090909090909091,8.3,1.7000000000000002,5.0,0.0726159230096238,-52.59130434782609,319,102,-2.287453543507466
00-0037329,Brittain Brown,RB,2025,CHI,2,17,15,9.7,4.85,9.7,0.0,,0.012998266897746967,-53.0608695652174,320,103,-2.291096458115088
00-0038040,Zamir White,RB,2025,LV,5,17,12,9.6,1.92,7.4,2.2,9.0,0.06243705941591138,-53.21739130434783,321,104,-2.2923107629842954
00-0040179,DJ Giddens,RB,2025,IND,5,17,12,9.600000000000001,1.9200000000000004,6.6000000000000005,3.0,,0.06529850746268656,-53.21739130434783,322,105,-2.2923107629842954
00-0040581,Dont'e Thornton Jr.,WR,2025,LV,11,17,6,23.5,2.1363636363636362,20.3,3.2,,0.40181268882175225,-53.51111111111112,323,146,-2.142880355010914
00-0040556,Corey Kiner,RB,2025,ARI,4,17,13,9.3,2.325,0.0,9.3,,0.02643171806167401,-53.68695652173913,324,106,-2.295953677591917
00-0033943,Josh Reynolds,WR,2025,NYJ,5,17,12,23.1,4.62,23.1,0.0,9.0,0.26049618320610685,-53.92592592592593,325,147,-2.1492826978449386
00-0034521,Allen Lazard,WR,2025,NYJ,9,17,8,23.0,2.5555555555555554,21.400000000000002,1.6,5.0,0.2385496183206107,-54.02962962962964,326,148,-2.150883283553445
00-0037276,Ty Chandler,RB,2025,MIN,3,17,14,8.8,2.9333333333333336,0.0,8.8,3.0,0.04195804195804196,-54.4695652173913,327,107,-2.3020252019379535
00-0040142,Kaleb Johnson,RB,2025,PIT,10,17,7,8.8,0.8800000000000001,8.4,0.4,,0.049466537342386034,-54.4695652173913,328,108,-2.3020252019379535
00-0036290,Cole Kmet,TE,2025,CHI,16,17,1,78.7,4.91875,61.300000000000004,17.4,1.0,0.6655112651646448,-55.16470588235295,329,36,-3.9426691760438537
00-0033282,Curtis Samuel,WR,2025,BUF,6,17,11,21.1,3.516666666666667,21.1,0.0,3.0,0.1333922261484099,-56.00000000000001,330,149,-2.181294412015062
00-0039603,British Brooks,RB,2025,HOU,8,17,9,7.800000000000001,0.9750000000000001,1.5,6.300000000000001,15.0,0.061206896551724135,-56.03478260869565,331,109,-2.314168250630027
00-0035644,Noah Fant,TE,2025,CIN,13,17,4,77.8,5.984615384615385,77.3,0.5,3.0,0.34113411341134114,-56.11764705882354,332,37,-3.980378020448099
00-0039379,Jamari Thrash,WR,2025,CLE,8,17,9,20.7,2.5875,20.7,0.0,11.0,0.1994459833795014,-56.41481481481482,333,150,-2.1876967548490867
00-0034860,Dante Pettis,WR,2025,NO,8,17,9,20.700000000000003,2.5875000000000004,2.4000000000000004,18.3,9.0,0.10142348754448399,-56.41481481481482,334,151,-2.187696754849086
00-0039623,Mason Tipton,WR,2025,NO,8,17,9,20.400000000000002,2.5500000000000003,11.200000000000001,9.200000000000001,8.0,0.26423487544483987,-56.72592592592593,335,152,-2.192498511974605
00-0035021,Ashton Dulin,WR,2025,IND,12,17,5,20.0,1.6666666666666667,20.0,0.0,4.0,0.15205223880597016,-57.140740740740746,336,153,-2.1989008548086297
00-0036182,Nick Westbrook-Ikhine,WR,2025,MIA,13,17,4,19.9,1.5307692307692307,19.9,0.0,3.0,0.3934760448521916,-57.244444444444454,337,154,-2.2005014405171357
00-0036906,Khalil Herbert,RB,2025,NYJ,5,17,12,6.6000000000000005,1.32,0.0,6.6000000000000005,6.0,0.04770992366412214,-57.913043478260875,338,110,-2.328739909060515
00-0038397,Evan Hull,RB,2025,NO,6,17,11,6.4,1.0666666666666667,3.5,2.9000000000000004,,0.06850533807829182,-58.22608695652175,339,111,-2.3311685187989295
00-0040208,Tahj Brooks,RB,2025,CIN,12,17,5,6.4,0.5333333333333333,2.8000000000000003,3.6,,0.0423042304230423,-58.22608695652175,340,112,-2.3311685187989295
00-0040024,Darius Cooper,WR,2025,PHI,6,17,11,18.200000000000003,3.0333333333333337,5.6000000000000005,12.600000000000001,,0.20113851992409867,-59.00740740740741,341,155,-2.22771139756174
00-0035891,Cody White,WR,2025,SEA,8,17,9,18.0,2.25,18.0,0.0,15.0,,-59.21481481481482,342,156,-2.2309125689787526
00-0039407,Dylan Laube,RB,2025,LV,17,17,0,5.7,0.33529411764705885,5.3,0.4,11.0,0.027190332326283987,-59.321739130434786,343,113,-2.339668652883381
00-0039589,Kameron Johnson,WR,2025,TB,17,17,0,17.7,1.0411764705882351,17.7,0.0,13.0,0.09259259259259259,-59.525925925925925,344,157,-2.2357143261042713
00-0038558,Darnell Washington,TE,2025,PIT,13,17,4,74.4,5.723076923076923,59.8,14.6,4.0,0.5295829291949563,-59.71764705882354,345,38,-4.122833654864136
00-0037120,Tyler Goodson,RB,2025,IND,10,17,7,5.2,0.52,4.0,1.2000000000000002,3.0,0.03264925373134328,-60.10434782608696,346,114,-2.3457401772294175
00-0039066,Michael Mayer,TE,2025,LV,13,17,4,73.8,5.676923076923076,46.2,27.599999999999998,6.0,0.46827794561933533,-60.3529411764706,347,39,-4.1479728844669665
00-0036862,Ben Skowronek,WR,2025,PIT,16,17,1,16.9,1.05625,16.9,0.0,8.0,0.1542192046556741,-60.35555555555556,348,158,-2.2485190117723204
00-0040547,Nate Carter,RB,2025,ATL,2,17,15,5.000000000000001,2.5000000000000004,5.000000000000001,0.0,,,-60.41739130434783,349,115,-2.348168786967832
00-0036842,Kene Nwangwu,RB,2025,NYJ,10,17,7,4.9,0.49000000000000005,0.0,4.9,15.0,0.026717557251908396,-60.57391304347827,350,116,-2.3493830918370393
00-0036187,Reggie Gilliam,RB,2025,BUF,11,17,6,4.8,0.43636363636363634,1.2,3.6,10.0,0.20759717314487633,-60.730434782608704,351,117,-2.3505973967062466
00-0040563,Efton Chism III,WR,2025,NE,8,17,9,16.5,2.0625,0.0,16.5,,0.08409506398537477,-60.77037037037037,352,159,-2.254921354606345
00-0037557,Ronnie Rivers,RB,2025,LA,6,17,11,4.6000000000000005,0.7666666666666667,4.1000000000000005,0.5,11.0,0.016740088105726872,-61.04347826086957,353,118,-2.3530260064446615
00-0040184,KeAndre Lambert-Smith,WR,2025,LAC,10,17,7,16.1,1.61,1.1,15.0,,0.10761154855643044,-61.18518518518519,354,160,-2.26132369744037
00-0038891,Shedrick Jackson,WR,2025,LV,3,17,14,15.9,5.3,9.5,6.4,,0.022155085599194362,-61.3925925925926,355,161,-2.264524868857382
00-0036360,Clyde Edwards-Helaire,RB,2025,KC,2,17,15,4.2,2.1,4.2,0.0,15.0,0.017070979335130278,-61.6695652173913,356,119,-2.357883225921491
00-0039394,Casey Washington,WR,2025,ATL,5,17,12,15.400000000000002,3.0800000000000005,15.400000000000002,0.0,15.0,0.16514598540145986,-61.91111111111111,357,162,-2.272527797399913
00-0037594,Julius Chestnut,RB,2025,TEN,16,17,1,4.0,0.25,3.9000000000000004,0.1,5.0,0.03787878787878788,-61.98260869565218,358,120,-2.3603118356599055
00-0035298,Scott Miller,WR,2025,PIT,5,17,12,15.200000000000001,3.04,1.9,13.3,11.0,0.15324927255092144,-62.11851851851852,359,163,-2.2757289688169253
00-0036959,Michael Bandy,WR,2025,DEN,4,17,13,15.0,3.75,2.6,12.4,,0.014035087719298246,-62.32592592592593,360,164,-2.2789301402339373
00-0038090,Skyy Moore,WR,2025,SF,17,17,0,14.8,0.8705882352941177,10.5,4.300000000000001,14.0,0.09812667261373774,-62.53333333333334,361,165,-2.2821313116509496
00-0037258,Dameon Pierce,RB,2025,HOU,5,17,12,3.6,0.72,2.6,1.0,7.0,0.012318521777386713,-62.608695652173914,362,121,-2.365169055136735
00-0035228,Kyler Murray,QB,2025,ARI,5,17,12,82.78,16.556,82.78,0.0,0.0,0.2801762114537445,-62.68000000000001,363,38,-2.451944954190376
00-0038465,Malik Heath,WR,2025,GB,7,17,10,14.6,2.085714285714286,14.6,0.0,12.0,0.2017126546146527,-62.74074074074075,364,166,-2.285332483067962
00-0036630,Tylan Wallace,WR,2025,BAL,11,17,6,14.5,1.3181818181818181,14.5,0.0,5.0,0.18244575936883628,-62.84444444444445,365,167,-2.2869330687764684
00-0040259,Gage Larvadain,WR,2025,CLE,13,17,4,14.4,1.1076923076923078,12.600000000000001,1.8,,0.17174515235457063,-62.94814814814816,366,168,-2.2885336544849744
00-0033110,Tyler Higbee,TE,2025,LA,10,17,7,71.1,7.109999999999999,51.0,20.1,14.0,0.3224669603524229,-63.21176470588237,367,40,-4.261099417679702
00-0034407,Ray-Ray McCloud,WR,2025,ATL,6,17,11,13.900000000000002,2.316666666666667,13.900000000000002,0.0,0.0,0.09394479073909172,-63.46666666666667,368,169,-2.296536583027505
00-0034829,Mike Gesicki,TE,2025,CIN,12,17,5,70.7,5.891666666666667,46.1,24.6,1.0,0.2889288928892889,-63.63529411764707,369,41,-4.277858904081588
00-0039521,Xavier Weaver,WR,2025,ARI,7,17,10,13.700000000000001,1.9571428571428573,5.4,8.3,15.0,0.239647577092511,-63.67407407407408,370,170,-2.299737754444518
00-0040582,Arian Smith,WR,2025,NYJ,13,17,4,13.5,1.0384615384615385,11.8,1.7,,0.35877862595419846,-63.88148148148149,371,171,-2.30293892586153
00-0033591,Noah Brown,WR,2025,WAS,4,17,13,13.3,3.325,9.5,3.8000000000000003,6.0,0.0967741935483871,-64.0888888888889,372,172,-2.3061400972785417
00-0032950,Carson Wentz,QB,2025,MIN,5,17,12,81.34,16.268,81.34,0.0,15.0,0.2997002997002997,-64.12,373,39,-2.4718420204652696
00-0035628,D'Ernest Johnson,RB,2025,NE,5,17,12,2.5,0.5,0.7000000000000001,1.8,5.0,0.02063705697622252,-64.3304347826087,374,122,-2.3785264086980153
00-0036133,James Proche,WR,2025,TEN,6,17,11,12.5,2.0833333333333335,9.5,3.0,8.0,0.16287878787878787,-64.91851851851852,375,173,-2.3189447829465912
00-0033376,Patrick Ricard,RB,2025,BAL,5,17,12,2.1,0.42000000000000004,0.30000000000000004,1.8,8.0,0.2702169625246548,-64.95652173913044,376,123,-2.383383628174845
00-0036425,DeeJay Dallas,RB,2025,JAX,5,17,12,2.1,0.42000000000000004,0.0,2.1,1.0,0.011759384893713252,-64.95652173913044,377,124,-2.383383628174845
00-0040067,Jacardia Wright,RB,2025,SEA,1,17,16,2.0,2.0,2.0,0.0,,0.004699248120300752,-65.11304347826088,378,125,-2.384597933044052
00-0036414,Cam Akers,RB,2025,MIN,4,17,13,1.9000000000000001,0.47500000000000003,1.9000000000000001,0.0,1.0,0.0043583535108958835,-65.26956521739132,379,126,-2.3858122379132594
00-0039021,Roschon Johnson,RB,2025,CHI,6,17,11,1.7000000000000002,0.2833333333333334,1.7000000000000002,0.0,4.0,0.0034662045060658577,-65.58260869565217,380,127,-2.3882408476516743
00-0038824,Ryan Miller,WR,2025,TB,9,17,8,11.4,1.2666666666666666,11.4,0.0,8.0,0.10846560846560846,-66.05925925925926,381,174,-2.336551225740159
00-0038953,Dylan Drummond,WR,2025,ATL,6,17,11,11.2,1.8666666666666665,11.2,0.0,,0.11131386861313869,-66.26666666666667,382,175,-2.3397523971571714
00-0040429,Josh Williams,RB,2025,TB,2,17,15,1.1,0.55,1.1,0.0,,0.007054673721340388,-66.52173913043478,383,128,-2.395526676866918
00-0038896,Jacob Saylors,RB,2025,DET,11,17,6,1.1,0.1,1.1,0.0,,0.007279344858962694,-66.52173913043478,384,129,-2.395526676866918
00-0040039,Amar Johnson,RB,2025,LAC,1,17,16,0.8,0.8,0.8,0.0,,0.003499562554680665,-66.9913043478261,385,130,-2.3991695914745397
00-0040205,Kalel Mullings,RB,2025,TEN,4,17,13,0.7000000000000001,0.17500000000000002,0.0,0.7000000000000001,,0.011363636363636364,-67.14782608695653,386,131,-2.4003838963437474
00-0032688,Robbie Chosen,WR,2025,WAS,3,17,14,10.3,3.4333333333333336,10.3,0.0,16.0,0.0683111954459203,-67.2,387,176,-2.354157668533727
00-0038647,Ronnie Bell,WR,2025,NO,2,17,15,10.3,5.15,0.0,10.3,13.0,0.033807829181494664,-67.2,388,177,-2.354157668533727
00-0036620,Dee Eskridge,WR,2025,MIA,11,17,6,10.2,0.9272727272727272,10.2,0.0,12.0,0.08970438328236494,-67.3037037037037,389,178,-2.3557582542422333
00-0038458,Owen Wright,RB,2025,TB,2,17,15,0.6000000000000001,0.30000000000000004,0.6000000000000001,0.0,,0.006172839506172839,-67.30434782608695,390,132,-2.4015982012129546
00-0035311,Myles Gaskin,RB,2025,SEA,1,17,16,0.6000000000000001,0.6000000000000001,0.6000000000000001,0.0,13.0,0.002819548872180451,-67.30434782608695,391,133,-2.4015982012129546
00-0039364,Sione Vaki,RB,2025,DET,8,17,9,0.4,0.05,0.4,0.0,8.0,0.0009099181073703367,-67.61739130434783,392,134,-2.404026810951369
00-0035567,Craig Reynolds,RB,2025,DET,5,17,12,0.4,0.08,0.4,0.0,9.0,0.003639672429481347,-67.61739130434783,393,135,-2.404026810951369
00-0034419,Braxton Berrios,WR,2025,HOU,4,17,13,9.700000000000001,2.4250000000000003,9.700000000000001,0.0,11.0,0.05172413793103448,-67.82222222222222,394,179,-2.363761182784764
00-0039266,Kendall Milton,RB,2025,CIN,1,17,16,0.2,0.2,0.2,0.0,,0.0036003600360036,-67.9304347826087,395,136,-2.406455420689784
00-0034418,Cedrick Wilson Jr.,WR,2025,MIA,6,17,11,9.4,1.5666666666666667,5.5,3.9000000000000004,4.0,0.20998980632008155,-68.13333333333333,396,180,-2.3685629399102823
00-0040476,Ulysses Bentley IV,RB,2025,IND,1,17,16,0.0,0.0,0.0,0.0,,0.0018656716417910447,-68.24347826086957,397,137,-2.4088840304281987
00-0036569,Gary Brightwell,RB,2025,CIN,2,17,15,0.0,0.0,0.0,0.0,16.0,0.0,-68.24347826086957,398,138,-2.4088840304281987
00-0036950,Avery Williams,RB,2025,NYJ,1,17,16,0.0,0.0,0.0,0.0,0.0,0.0,-68.24347826086957,399,139,-2.4088840304281987
00-0038396,Eric Gray,RB,2025,NYG,1,17,16,0.0,0.0,0.0,0.0,3.0,0.0026086956521739132,-68.24347826086957,400,140,-2.4088840304281987
00-0035726,Jakob Johnson,RB,2025,HOU,2,17,15,0.0,0.0,0.0,0.0,16.0,0.07413793103448275,-68.24347826086957,401,141,-2.4088840304281987
00-0034681,Chase Edmonds,RB,2025,WAS,3,17,14,0.0,0.0,0.0,0.0,,0.0009487666034155598,-68.24347826086957,402,142,-2.4088840304281987
00-0038678,Jordan Mims,RB,2025,TEN,1,17,16,0.0,0.0,0.0,0.0,9.0,0.0,-68.24347826086957,403,143,-2.4088840304281987
00-0039363,Isaac Guerendo,RB,2025,SF,7,17,10,0.0,0.0,0.0,0.0,1.0,0.0,-68.24347826086957,404,144,-2.4088840304281987
00-0036984,Trey Sermon,RB,2025,PIT,3,17,14,0.0,0.0,0.0,0.0,2.0,0.0009699321047526673,-68.24347826086957,405,145,-2.4088840304281987
00-0036567,Elijah Mitchell,RB,2025,KC,1,17,16,0.0,0.0,0.0,0.0,,0.006289308176100629,-68.24347826086957,406,146,-2.4088840304281987
00-0040649,Robbie Ouzts,RB,2025,SEA,4,17,13,0.0,0.0,0.0,0.0,,0.19078947368421054,-68.24347826086957,407,147,-2.4088840304281987
00-0038488,Brady Russell,RB,2025,SEA,10,17,7,0.0,0.0,0.0,0.0,9.0,0.05451127819548872,-68.24347826086957,408,148,-2.4088840304281987
00-0038409,Lew Nichols III,RB,2025,PIT,1,17,16,0.0,0.0,0.0,0.0,,0.0,-68.24347826086957,409,149,-2.4088840304281987
00-0034367,Nyheim Hines,RB,2025,LAC,4,17,13,-0.2,-0.05,-0.2,0.0,,0.0022055580061755625,-68.55652173913045,410,150,-2.411312640166613
00-0035594,Travis Homer,RB,2025,CHI,8,17,9,-0.2,-0.025,-0.2,0.0,9.0,0.005199306759098787,-68.55652173913045,411,151,-2.411312640166613
00-0038938,Jalin Hyatt,WR,2025,NYG,6,17,11,8.5,1.4166666666666667,8.5,0.0,7.0,0.14869565217391303,-69.06666666666668,412,181,-2.382968211286838
00-0038640,Jalen Brooks,WR,2025,ARI,5,17,12,8.100000000000001,1.6200000000000003,5.2,2.9000000000000004,5.0,0.04782421370099095,-69.48148148148148,413,182,-2.3893705541208625
00-0036841,Austin Trammell,WR,2025,JAX,6,17,11,7.6000000000000005,1.2666666666666668,7.6000000000000005,0.0,16.0,0.0791304347826087,-70.00000000000001,414,183,-2.3973734826633932
00-0035544,Tom Kennedy,WR,2025,DET,6,17,11,7.6,1.2666666666666666,7.6,0.0,14.0,0.04367606915377616,-70.00000000000001,415,184,-2.3973734826633932
00-0040522,Xavier Restrepo,WR,2025,TEN,2,17,15,7.1,3.55,7.1,0.0,,0.028409090909090908,-70.51851851851853,416,185,-2.405376411205924
00-0037093,Dareke Young,WR,2025,SEA,8,17,9,6.8,0.85,6.8,0.0,10.0,0.04981203007518797,-70.82962962962964,417,186,-2.4101781683314423
00-0036176,Mason Kinsey,WR,2025,TEN,6,17,11,6.800000000000001,1.1333333333333335,2.4000000000000004,4.4,11.0,0.06439393939393939,-70.82962962962964,418,187,-2.4101781683314423
00-0037005,Tommy Tremble,TE,2025,CAR,15,17,2,63.900000000000006,4.260000000000001,44.6,19.3,7.0,0.5994344957587182,-70.83529411764707,419,42,-4.5627701729136625
00-0037252,Greg Dulcich,TE,2025,MIA,9,17,8,63.800000000000004,7.0888888888888895,28.400000000000002,35.400000000000006,13.0,0.24974515800203873,-70.94117647058823,420,43,-4.566960044514134
00-0037487,Deven Thompkins,WR,2025,ATL,7,17,10,6.200000000000001,0.8857142857142859,6.200000000000001,0.0,12.0,0.020072992700729927,-71.45185185185186,421,188,-2.4197816825824794
00-0034854,KhaDarel Hodge,WR,2025,ATL,8,17,9,6.1,0.7625,6.1,0.0,7.0,0.0666058394160584,-71.55555555555557,422,189,-2.4213822682909854
00-0034386,Justin Watson,WR,2025,HOU,3,17,14,6.0,2.0,6.0,0.0,2.0,0.05862068965517241,-71.65925925925926,423,190,-2.4229828539994918
00-0039884,Tahj Washington,WR,2025,MIA,2,17,15,5.699999999999999,2.8499999999999996,1.1,4.6,,0.045871559633027525,-71.97037037037038,424,191,-2.42778461112501
00-0039074,Davis Allen,TE,2025,LA,15,17,2,62.800000000000004,4.1866666666666665,52.800000000000004,10.0,10.0,0.5154185022026432,-72.0,425,44,-4.608858760518851
00-0037838,Isaiah Likely,TE,2025,BAL,12,17,5,62.7,5.2250000000000005,51.8,10.9,2.0,0.480276134122288,-72.10588235294118,426,45,-4.613048632119323
00-0040154,Tai Felton,WR,2025,MIN,12,17,5,5.5,0.4583333333333333,3.9,1.6,,0.04595404595404595,-72.17777777777778,427,192,-2.4309857825420225
00-0034487,Trent Sherfield,WR,2025,DEN,4,17,13,5.1,1.275,5.1,0.0,4.0,0.08175824175824176,-72.59259259259261,428,193,-2.437388125376047
00-0036331,Devin Duvernay,WR,2025,CHI,17,17,0,4.6000000000000005,0.2705882352941177,4.6000000000000005,0.0,4.0,0.03466204506065858,-73.11111111111113,429,194,-2.445391053918578
00-0040172,Jordan Watkins,WR,2025,SF,2,17,15,4.6000000000000005,2.3000000000000003,4.6000000000000005,0.0,,0.02230151650312221,-73.11111111111113,430,195,-2.445391053918578
00-0040432,Beaux Collins,WR,2025,NYG,4,17,13,4.5,1.125,4.5,0.0,,0.07304347826086957,-73.21481481481482,431,196,-2.446991639627084
00-0040704,Dillon Gabriel,QB,2025,CLE,10,17,7,72.08,7.208,72.08,0.0,,0.34349030470914127,-73.38000000000001,432,40,-2.599791210538545
00-0037524,Tay Martin,WR,2025,WAS,2,17,15,4.300000000000001,2.1500000000000004,4.300000000000001,0.0,16.0,0.028462998102466792,-73.42222222222223,433,197,-2.4501928110440963
00-0038519,Nikko Remigio,WR,2025,KC,14,17,3,4.2,0.3,4.2,0.0,12.0,0.027852650494159928,-73.52592592592593,434,198,-2.4517933967526027
00-0037132,Britain Covey,WR,2025,PHI,6,17,11,4.0,0.6666666666666666,0.0,4.0,12.0,0.03795066413662239,-73.73333333333333,435,199,-2.4549945681696146
00-0038728,Jared Wayne,WR,2025,HOU,1,17,16,4.0,4.0,4.0,0.0,,0.03017241379310345,-73.73333333333333,436,200,-2.4549945681696146
00-0040406,Quentin Skinner,WR,2025,NYJ,1,17,16,4.0,4.0,0.0,4.0,,0.015267175572519083,-73.73333333333333,437,201,-2.4549945681696146
00-0038752,Jake Bobo,WR,2025,SEA,5,17,12,4.0,0.8,4.0,0.0,5.0,0.1099624060150376,-73.73333333333333,438,202,-2.4549945681696146
00-0040317,Jacoby Jones,WR,2025,WAS,1,17,16,3.5,3.5,3.5,0.0,,,-74.25185185185185,439,203,-2.4629974967121457
00-0039062,Jonathan Mingo,WR,2025,DAL,5,17,12,3.5,0.7,0.0,3.5,3.0,0.06745362563237774,-74.25185185185185,440,204,-2.4629974967121457
00-0040388,Jakobie Keeney-James,WR,2025,GB,1,17,16,3.5,3.5,0.0,3.5,,0.04567078972407231,-74.25185185185185,441,205,-2.4629974967121457
00-0038573,Derius Davis,WR,2025,LAC,11,17,6,3.5,0.3181818181818182,1.8,1.7000000000000002,2.0,0.07349081364829396,-74.25185185185185,442,206,-2.4629974967121457
00-0037745,Velus Jones Jr.,WR,2025,NO,5,17,12,3.2,0.64,3.2,0.0,15.0,0.004113345521023766,-74.56296296296297,443,207,-2.467799253837664
00-0035602,Alex Bachman,WR,2025,LV,11,17,6,3.2,0.29090909090909095,1.9,1.3,12.0,0.04934541792547835,-74.56296296296297,444,208,-2.467799253837664
00-0035876,Andre Baccellia,WR,2025,ARI,4,17,13,2.8,0.7,2.8,0.0,,0.08105726872246696,-74.97777777777779,445,209,-2.4742015966716884
00-0033589,David Moore,WR,2025,CAR,3,17,14,2.7,0.9,2.7,0.0,2.0,0.0763430725730443,-75.08148148148149,446,210,-2.475802182380195
00-0038496,Xavier Gipson,WR,2025,PHI,6,17,11,2.6,0.43333333333333335,2.6,0.0,0.0,0.0027675276752767526,-75.18518518518519,447,211,-2.477402768088701
00-0039816,Anthony Gould,WR,2025,IND,11,17,6,2.6,0.23636363636363636,2.6,0.0,9.0,0.054104477611940295,-75.18518518518519,448,212,-2.477402768088701
00-0036497,Tim Jones,WR,2025,JAX,2,17,15,2.5,1.25,2.5,0.0,9.0,0.01208740120874012,-75.28888888888889,449,213,-2.479003353797207
00-0040534,Ke'Shawn Williams,WR,2025,PIT,11,17,6,2.5,0.22727272727272727,0.0,2.5,,0.010737628384687208,-75.28888888888889,450,214,-2.479003353797207
00-0038115,Daniel Bellinger,TE,2025,NYG,13,17,4,59.6,4.584615384615384,38.2,21.4,5.0,0.4826086956521739,-75.38823529411766,451,46,-4.742934651733945
00-0040646,Jalen Royals,WR,2025,KC,2,17,15,2.4,1.2,0.0,2.4,,0.07726864330637916,-75.39259259259259,452,215,-2.480603939505713
00-0032392,Austin Hooper,TE,2025,NE,13,17,4,59.300000000000004,4.561538461538462,43.300000000000004,16.0,0.0,0.4680073126142596,-75.70588235294117,453,47,-4.755504266535359
00-0036898,Davis Mills,QB,2025,HOU,6,17,11,69.6,11.6,66.96,2.64,13.0,0.2517241379310345,-75.86000000000001,454,41,-2.6340583802341953
00-0039041,Elijah Higgins,TE,2025,ARI,17,17,0,59.1,3.476470588235294,35.9,23.200000000000003,2.0,0.4185022026431718,-75.91764705882355,455,48,-4.763884009736303
00-0039650,Bryce Oliver,WR,2025,TEN,2,17,15,1.8,0.9,1.8,0.0,9.0,0.028409090909090908,-76.01481481481483,456,216,-2.4902074537567502
00-0037098,Samori Toure,WR,2025,NO,1,17,16,1.3,1.3,0.0,1.3,,0.008896797153024912,-76.53333333333335,457,217,-2.498210382299281
00-0038911,Malik Cunningham,WR,2025,DET,1,17,16,0.1,0.1,0.1,0.0,,0.0009099181073703367,-77.77777777777779,458,218,-2.517417410801355
00-0040352,Coleman Owen,WR,2025,IND,2,17,15,0.0,0.0,0.0,0.0,,0.0009328358208955224,-77.88148148148149,459,219,-2.519017996509861
00-0034928,Steven Sims,WR,2025,ARI,3,17,14,0.0,0.0,0.0,0.0,8.0,0.010572687224669603,-77.88148148148149,460,220,-2.519017996509861
00-0040506,Myles Price,WR,2025,MIN,16,17,1,0.0,0.0,0.0,0.0,,0.016983016983016984,-77.88148148148149,461,221,-2.519017996509861
00-0035140,Mecole Hardman,WR,2025,BUF,2,17,15,0.0,0.0,0.0,0.0,5.0,0.0035335689045936395,-77.88148148148149,462,222,-2.519017996509861
00-0040075,LaJohntay Wester,WR,2025,BAL,14,17,3,0.0,0.0,0.0,0.0,,0.05719921104536489,-77.88148148148149,463,223,-2.519017996509861
00-0031763,DeAndre Carter,WR,2025,CLE,4,17,13,0.0,0.0,0.0,0.0,4.0,0.0,-77.88148148148149,464,224,-2.519017996509861
00-0036646,Simi Fehoko,WR,2025,ARI,7,17,10,0.0,0.0,0.0,0.0,11.0,0.03259911894273128,-77.88148148148149,465,225,-2.519017996509861
00-0037380,Kaden Davis,WR,2025,CLE,1,17,16,0.0,0.0,0.0,0.0,16.0,0.0009233610341643582,-77.88148148148149,466,226,-2.519017996509861
00-0032951,Laquon Treadwell,WR,2025,IND,6,17,11,0.0,0.0,0.0,0.0,,0.033582089552238806,-77.88148148148149,467,227,-2.519017996509861
00-0038492,Jason Brownlee,WR,2025,KC,3,17,14,0.0,0.0,0.0,0.0,,0.02336028751123091,-77.88148148148149,468,228,-2.519017996509861
00-0038576,Charlie Jones,WR,2025,CIN,14,17,3,0.0,0.0,0.0,0.0,10.0,0.018001800180018002,-77.88148148148149,469,229,-2.519017996509861
00-0040431,Dalen Cambre,WR,2025,NYG,3,17,14,0.0,0.0,0.0,0.0,,0.01391304347826087,-77.88148148148149,470,230,-2.519017996509861
00-0034054,River Cracraft,WR,2025,WAS,2,17,15,0.0,0.0,0.0,0.0,12.0,0.006641366223908918,-77.88148148148149,471,231,-2.519017996509861
00-0040629,Dalevon Campbell,WR,2025,CAR,1,17,16,0.0,0.0,0.0,0.0,,0.008482563619227144,-77.88148148148149,472,232,-2.519017996509861
00-0040241,Dominic Lovett,WR,2025,DET,2,17,15,0.0,0.0,0.0,0.0,,0.012738853503184714,-77.88148148148149,473,233,-2.519017996509861
00-0035639,Parris Campbell,WR,2025,DAL,1,17,16,0.0,0.0,0.0,0.0,13.0,0.0016863406408094434,-77.88148148148149,474,234,-2.519017996509861
00-0036527,DJ Turner,WR,2025,LV,1,17,16,0.0,0.0,0.0,0.0,5.0,0.0,-77.88148148148149,475,235,-2.519017996509861
00-0034867,Malik Turner,WR,2025,SF,2,17,15,0.0,0.0,0.0,0.0,,0.015165031222123104,-77.88148148148149,476,236,-2.519017996509861
00-0038740,Jalen Moreno-Cropper,WR,2025,DAL,2,17,15,0.0,0.0,0.0,0.0,,0.006745362563237774,-77.88148148148149,477,237,-2.519017996509861
00-0033572,Jamal Agnew,WR,2025,ATL,11,17,6,0.0,0.0,0.0,0.0,,0.0009124087591240876,-77.88148148148149,478,238,-2.519017996509861
00-0039710,Jeshaun Jones,WR,2025,MIN,1,17,16,0.0,0.0,0.0,0.0,,0.0,-77.88148148148149,479,239,-2.519017996509861
00-0036463,Chris Blair,WR,2025,ATL,1,17,16,0.0,0.0,0.0,0.0,15.0,0.010948905109489052,-77.88148148148149,480,240,-2.519017996509861
00-0028118,Tyrod Taylor,QB,2025,NYJ,6,17,11,66.46000000000001,11.076666666666668,66.46000000000001,0.0,15.0,0.23950381679389313,-79.0,481,42,-2.6774450386391715
00-0035249,Josh Oliver,TE,2025,MIN,12,17,5,55.0,4.583333333333333,41.599999999999994,13.4,5.0,0.3996003996003996,-80.25882352941177,482,49,-4.935668745355643
00-0039356,Ja'Tavion Sanders,TE,2025,CAR,12,17,5,54.0,4.5,42.6,11.4,2.0,0.3704052780395853,-81.31764705882354,483,50,-4.977567461360359
00-0040194,Jackson Hawes,TE,2025,BUF,13,17,4,52.7,4.053846153846154,45.2,7.5,,0.4302120141342756,-82.69411764705883,484,51,-5.032035792166491
00-0040737,Terrance Ferguson,TE,2025,LA,11,17,6,52.1,4.736363636363636,24.8,27.3,,0.3136563876651982,-83.3294117647059,485,52,-5.057175021769321
00-0039144,Luke Musgrave,TE,2025,GB,13,17,4,49.2,3.784615384615385,33.2,16.0,10.0,0.4072312083729781,-86.4,486,53,-5.178681298183
00-0040187,Mitchell Evans,TE,2025,CAR,14,17,3,48.2,3.442857142857143,39.800000000000004,8.4,,0.3704052780395853,-87.45882352941177,487,54,-5.220580014187717
00-0034613,Tanner Hudson,TE,2025,CIN,10,17,7,47.8,4.779999999999999,36.7,11.1,8.0,0.1332133213321332,-87.88235294117649,488,55,-5.237339500589604
00-0035100,Jake Browning,QB,2025,CIN,5,17,12,56.74,11.348,56.74,0.0,15.0,0.19081908190819083,-88.72,489,43,-2.811750235994704
00-0037805,Jeremy Ruckert,TE,2025,NYJ,14,17,3,46.900000000000006,3.3500000000000005,39.0,7.9,3.0,0.4713740458015267,-88.83529411764707,490,56,-5.275048344993849
00-0029263,Russell Wilson,QB,2025,NYG,6,17,11,55.84,9.306666666666667,55.84,0.0,6.0,0.19130434782608696,-89.62,491,44,-2.824185902416513
00-0036422,Adam Trautman,TE,2025,DEN,13,17,4,45.5,3.5,37.7,7.800000000000001,4.0,0.5710526315789474,-90.31764705882354,492,57,-5.333706547400452
00-0038128,Malik Willis,QB,2025,GB,4,17,13,53.17999999999999,13.294999999999998,6.42,46.76,11.0,0.09324452901998097,-92.28000000000002,493,45,-2.860940205396525
00-0036637,Noah Gray,TE,2025,KC,14,17,3,38.800000000000004,2.771428571428572,31.6,7.2,1.0,0.48966756513926324,-97.41176470588235,494,58,-5.614427944632054
00-0040739,Elijah Arroyo,TE,2025,SEA,13,17,4,37.9,2.9153846153846152,37.9,0.0,,0.29699248120300753,-98.36470588235295,495,59,-5.6521367890363
00-0036754,Brock Wright,TE,2025,DET,8,17,9,36.800000000000004,4.6000000000000005,36.800000000000004,0.0,6.0,0.364877161055505,-99.52941176470588,496,60,-5.6982253766414885
00-0033357,Taysom Hill,TE,2025,NO,13,17,4,36.5,2.8076923076923075,19.3,17.2,9.0,0.18683274021352314,-99.84705882352942,497,61,-5.710794991442904
00-0038046,Charlie Kolar,TE,2025,BAL,13,17,4,36.2,2.784615384615385,33.4,2.8,7.0,0.39644970414201186,-100.16470588235295,498,62,-5.723364606244319
00-0037004,Hunter Long,TE,2025,JAX,7,17,10,32.5,4.642857142857143,32.5,0.0,6.0,0.22434782608695653,-104.08235294117648,499,63,-5.878389855461771
00-0035631,Drew Sample,TE,2025,CIN,12,17,5,31.9,2.658333333333333,17.1,14.8,6.0,0.5355535553555355,-104.71764705882353,500,64,-5.9035290850646005
00-0035993,Tyler Huntley,QB,2025,BAL,5,17,12,40.14,8.028,23.360000000000003,16.78,12.0,0.1942800788954635,-105.32000000000001,501,46,-3.0411191944413964
00-0031503,Jameis Winston,QB,2025,NYG,3,17,14,39.980000000000004,13.326666666666668,39.980000000000004,0.0,6.0,0.1356521739130435,-105.48,502,47,-3.0433299795830506
00-0038720,Julian Hill,TE,2025,MIA,11,17,6,31.0,2.8181818181818183,22.1,8.9,3.0,0.4475025484199796,-105.67058823529413,503,65,-5.941237929468846
00-0033217,Mo Alie-Cox,TE,2025,IND,11,17,6,30.7,2.790909090909091,10.9,19.8,5.0,0.3908582089552239,-105.98823529411766,504,66,-5.953807544270262
00-0036887,Luke Farrell,TE,2025,SF,13,17,4,30.5,2.3461538461538463,30.5,0.0,5.0,0.360392506690455,-106.20000000000002,505,67,-5.962187287471204
00-0040398,Brady Cook,QB,2025,NYJ,5,17,12,37.46,7.492,4.5200000000000005,32.94,,0.2824427480916031,-108.0,506,48,-3.078149845564115
00-0039912,Ben Sinnott,TE,2025,WAS,9,17,8,28.4,3.1555555555555554,14.100000000000001,14.3,10.0,0.3235294117647059,-108.42352941176472,507,68,-6.0501745910811096
00-0040206,Riley Leonard,QB,2025,IND,5,17,12,36.300000000000004,7.260000000000001,11.4,24.900000000000002,,0.12126865671641791,-109.16,508,49,-3.0941780378411123
00-0036628,John Bates,TE,2025,WAS,10,17,7,27.3,2.73,15.1,12.200000000000001,4.0,0.45445920303605314,-109.58823529411767,509,69,-6.096263178686298
00-0040234,Quinn Ewers,QB,2025,MIA,4,17,13,35.78,8.945,2.12,33.66,,0.18246687054026503,-109.68,510,50,-3.1013630895514908
00-0038547,Luke Schoonmaker,TE,2025,DAL,14,17,3,27.200000000000003,1.942857142857143,17.6,9.600000000000001,5.0,0.3296795952782462,-109.69411764705883,511,70,-6.100453050286771
00-0022942,Philip Rivers,QB,2025,IND,3,17,14,34.66,11.553333333333333,0.0,34.66,,0.16044776119402984,-110.80000000000001,512,51,-3.116838585543075
00-0037306,John FitzPatrick,TE,2025,GB,11,17,6,25.2,2.290909090909091,20.4,4.8,16.0,0.31874405328258804,-111.81176470588237,513,71,-6.184250482296204
00-0034365,Ian Thomas,TE,2025,LV,9,17,8,24.4,2.711111111111111,24.4,0.0,14.0,0.3202416918429003,-112.65882352941178,514,72,-6.217769455099977
00-0039530,Brevyn Spann-Ford,TE,2025,DAL,16,17,1,24.0,1.5,14.9,9.1,6.0,0.25295109612141653,-113.08235294117648,515,73,-6.234528941501864
00-0033869,Mitchell Trubisky,QB,2025,BUF,4,17,13,31.119999999999997,7.779999999999999,2.26,28.86,9.0,0.08657243816254417,-114.34,516,52,-3.1657522068021886
00-0037086,Grant Calcaterra,TE,2025,PHI,9,17,8,22.6,2.511111111111111,9.8,12.8,2.0,0.3605313092979127,-114.56470588235297,517,74,-6.293187143908468
00-0034159,Will Dissly,TE,2025,LAC,8,17,9,20.700000000000003,2.5875000000000004,9.4,11.3,2.0,0.16535433070866143,-116.57647058823531,518,75,-6.37279470431743
00-0026300,Josh Johnson,QB,2025,WAS,3,17,14,28.380000000000003,9.46,0.0,28.380000000000003,13.0,0.13092979127134724,-117.08000000000001,519,53,-3.2036119023530283
00-0033246,Johnny Mundt,TE,2025,JAX,12,17,5,20.1,1.675,17.5,2.6,3.0,0.3382608695652174,-117.21176470588237,520,76,-6.39793393392026
00-0039359,Cade Stover,TE,2025,HOU,6,17,11,19.900000000000002,3.316666666666667,10.100000000000001,9.8,3.0,0.2267241379310345,-117.42352941176472,521,77,-6.406313677121203
00-0037348,Tanner Conner,TE,2025,MIA,8,17,9,18.1,2.2625,18.1,0.0,13.0,0.18450560652395515,-119.3294117647059,522,78,-6.481731365929694
00-0036590,Quintin Morris,TE,2025,JAX,11,17,6,17.5,1.5909090909090908,4.5,13.0,7.0,0.18608695652173912,-119.96470588235296,523,79,-6.506870595532524
00-0034270,Tyler Conklin,TE,2025,LAC,6,17,11,17.3,2.8833333333333333,15.7,1.6,1.0,0.14785651793525809,-120.1764705882353,524,80,-6.515250338733466
00-0038783,Nate Adkins,TE,2025,DEN,6,17,11,16.8,2.8000000000000003,16.8,0.0,2.0,0.17456140350877192,-120.70588235294119,525,81,-6.5361996967358245
00-0036741,Jack Stoll,TE,2025,NO,9,17,8,16.6,1.8444444444444446,13.5,3.1,12.0,0.18594306049822065,-120.91764705882355,526,82,-6.5445794399367685
00-0038589,Josh Whyle,TE,2025,GB,6,17,11,14.6,2.433333333333333,11.4,3.2,2.0,0.16745956232159848,-123.03529411764708,527,83,-6.628376871946203
00-0033455,Anthony Firkser,TE,2025,DET,5,17,12,13.3,2.66,3.1,10.2,16.0,0.17015468607825296,-124.41176470588238,528,84,-6.6828452027523335
00-0039648,David Martin-Robinson,TE,2025,TEN,11,17,6,13.0,1.1818181818181819,8.7,4.300000000000001,13.0,0.1268939393939394,-124.7294117647059,529,85,-6.69541481755375
00-0034981,Foster Moreau,TE,2025,NO,7,17,10,12.9,1.842857142857143,11.4,1.5,1.0,0.22508896797153025,-124.83529411764707,530,86,-6.699604689154221
00-0036429,Charlie Woerner,TE,2025,ATL,7,17,10,12.8,1.8285714285714287,8.3,4.5,5.0,0.5155109489051095,-124.94117647058825,531,87,-6.703794560754692
00-0037292,Andrew Ogletree,TE,2025,IND,11,17,6,12.700000000000001,1.1545454545454545,10.600000000000001,2.1,5.0,0.21082089552238806,-125.04705882352943,532,88,-6.707984432355165
00-0037475,Stone Smartt,TE,2025,NYJ,6,17,11,12.2,2.033333333333333,0.0,12.2,8.0,0.08110687022900763,-125.57647058823531,533,89,-6.728933790357523
00-0034771,Mason Rudolph,QB,2025,PIT,5,17,12,19.0,3.8,19.0,0.0,9.0,0.1096023278370514,-126.46000000000001,534,54,-3.3332191812825442
00-0036332,Josiah Deguara,TE,2025,ARI,7,17,10,11.1,1.5857142857142856,1.6,9.5,10.0,0.07400881057268723,-126.74117647058826,535,90,-6.775022377962712
00-0036876,Kylen Granson,TE,2025,PHI,12,17,5,11.0,0.9166666666666666,4.0,7.0,1.0,0.2314990512333966,-126.84705882352942,536,91,-6.779212249563183
00-0033576,Eric Saubert,TE,2025,SEA,9,17,8,9.1,1.011111111111111,2.2,6.9,5.0,0.2593984962406015,-128.85882352941178,537,92,-6.858819809972145
00-0037012,Trey Lance,QB,2025,LAC,4,17,13,16.54,4.135,5.2,11.34,13.0,0.08748906386701662,-128.92000000000002,538,55,-3.367210002835488
00-0039458,Brenden Bates,TE,2025,CLE,5,17,12,8.8,1.7600000000000002,4.300000000000001,4.5,16.0,0.061970575122603656,-129.1764705882353,539,93,-6.871389424773559
00-0036423,Albert Okwuegbunam,TE,2025,LV,1,17,16,8.6,8.6,8.6,0.0,,0.03121852970795569,-129.38823529411766,540,94,-6.879769167974503
00-0037324,Chris Oladokun,QB,2025,KC,3,17,14,15.200000000000001,5.066666666666667,0.0,15.200000000000001,16.0,0.09793351302785265,-130.26000000000002,541,56,-3.3857253283968474
00-0039754,Devin Culp,TE,2025,TB,4,17,13,7.6,1.9,0.0,7.6,15.0,0.04938271604938271,-130.44705882352943,542,95,-6.92166788397922
00-0040363,Keleki Latu,TE,2025,BUF,3,17,14,7.5,2.5,1.4,6.1,,0.07508833922261485,-130.5529411764706,543,96,-6.925857755579692
00-0038400,Tanner McKee,QB,2025,PHI,4,17,13,14.760000000000002,3.6900000000000004,-0.2,14.96,15.0,0.08444022770398482,-130.70000000000002,544,57,-3.391804987536398
00-0027973,Andy Dalton,QB,2025,CAR,4,17,13,14.52,3.63,14.52,0.0,11.0,0.09142318567389256,-130.94,545,58,-3.3951211652488804
00-0039398,Joe Milton III,QB,2025,DAL,4,17,13,14.32,3.58,6.960000000000001,7.359999999999999,16.0,0.04300168634064081,-131.14000000000001,546,59,-3.397884646675949
00-0034798,Durham Smythe,TE,2025,CHI,7,17,10,6.5,0.9285714285714286,4.4,2.1,3.0,0.2538994800693241,-131.61176470588236,547,97,-6.9677564715844085
00-0038809,Ben Sims,TE,2025,MIN,3,17,14,6.0,2.0,1.9,4.1,13.0,0.04093567251461988,-132.14117647058825,548,98,-6.988705829586767
00-0037282,James Mitchell,TE,2025,CAR,2,17,15,5.800000000000001,2.9000000000000004,5.800000000000001,0.0,,0.04429783223374175,-132.3529411764706,549,99,-6.99708557278771
00-0036534,Shane Zylstra,TE,2025,DET,1,17,16,5.0,5.0,0.0,5.0,15.0,0.1492265696087352,-133.20000000000002,550,100,-7.030604545591483
00-0039737,Tip Reiman,TE,2025,ARI,3,17,14,4.8,1.5999999999999999,4.8,0.0,9.0,0.08634361233480176,-133.41176470588238,551,101,-7.0389842887924265
00-0038102,Kenny Pickett,QB,2025,LV,6,17,11,11.72,1.9533333333333334,8.8,2.9200000000000004,12.0,0.07955689828801611,-133.74,552,60,-3.4338099052278404
00-0037654,Tucker Fisk,TE,2025,LAC,4,17,13,3.9000000000000004,0.9750000000000001,3.9000000000000004,0.0,10.0,0.20384951881014873,-134.36470588235295,553,102,-7.076693133196672
00-0039686,Colson Yankoff,TE,2025,WAS,10,17,7,3.8000000000000003,0.38,3.8000000000000003,0.0,13.0,0.10246679316888045,-134.47058823529414,554,103,-7.080883004797143
00-0037340,Zaire Mitchell-Paden,TE,2025,BAL,3,17,14,3.7,1.2333333333333334,3.7,0.0,,0.050046772684752105,-134.5764705882353,555,104,-7.085072876397616
00-0037539,Lucas Krull,TE,2025,DEN,2,17,15,3.5,1.75,3.5,0.0,7.0,0.04649122807017544,-134.78823529411767,556,105,-7.093452619598559
00-0040509,Ben Yurosek,TE,2025,MIN,6,17,11,3.4,0.5666666666666667,1.5,1.9,,0.11588411588411589,-134.89411764705883,557,106,-7.09764249119903
00-0037015,Sal Cannella,TE,2025,CLE,2,17,15,3.1,1.55,0.0,3.1,,0.02677746999076639,-135.21176470588236,558,107,-7.110212106000446
00-0040494,Max Brosmer,QB,2025,MIN,7,17,10,10.22,1.4600000000000002,2.52,7.700000000000001,,0.17782217782217782,-135.24,559,61,-3.454536015930855
00-0040244,Moliki Matavao,TE,2025,NO,1,17,16,3.0,3.0,0.0,3.0,,0.07384341637010676,-135.31764705882355,560,108,-7.1144019776009175
00-0036232,Harrison Bryant,TE,2025,HOU,5,17,12,2.7,0.54,2.7,0.0,11.0,0.14913793103448275,-135.63529411764708,561,109,-7.126971592402333
00-0034073,Ross Dwelley,TE,2025,DET,4,17,13,2.7,0.675,2.7,0.0,13.0,0.10737033666969972,-135.63529411764708,562,110,-7.126971592402333
00-0039631,Cam Grandy,TE,2025,CIN,2,17,15,2.7,1.35,1.6,1.1,13.0,0.025202520252025202,-135.63529411764708,563,111,-7.126971592402333
00-0038394,Will Mallory,TE,2025,IND,1,17,16,2.6,2.6,0.0,2.6,10.0,0.014925373134328358,-135.74117647058824,564,112,-7.131161464002805
00-0038710,Blake Whiteheart,TE,2025,CLE,9,17,8,2.4,0.26666666666666666,2.4,0.0,10.0,0.22622345337026778,-135.9529411764706,565,113,-7.139541207203747
00-0039050,Payne Durham,TE,2025,TB,8,17,9,2.1,0.2625,2.1,0.0,9.0,0.31216931216931215,-136.27058823529413,566,114,-7.152110822005163
00-0033439,Pharaoh Brown,TE,2025,ARI,5,17,12,2.1,0.42000000000000004,0.0,2.1,7.0,0.051982378854625554,-136.27058823529413,567,115,-7.152110822005163
00-0031484,Chris Manhertz,TE,2025,NYG,4,17,13,1.7000000000000002,0.42500000000000004,1.7000000000000002,0.0,9.0,0.1808695652173913,-136.69411764705885,568,116,-7.16887030840705
00-0039824,Jared Wiley,TE,2025,KC,2,17,15,1.4,0.7,1.4,0.0,16.0,0.025157232704402517,-137.01176470588237,569,117,-7.1814399232084645
00-0037755,Jelani Woods,TE,2025,NYJ,2,17,15,1.4,0.7,0.0,1.4,,0.05725190839694656,-137.01176470588237,570,118,-7.1814399232084645
00-0040628,Drake Dabney,TE,2025,GB,1,17,16,1.3,1.3,0.0,1.3,,0.049476688867745006,-137.11764705882354,571,119,-7.185629794808936
00-0040488,Carter Runyon,TE,2025,LV,3,17,14,1.3,0.43333333333333335,1.3,0.0,,0.045317220543806644,-137.11764705882354,572,120,-7.185629794808936
00-0033757,Robert Tonyan,TE,2025,KC,2,17,15,1.1,0.55,1.1,0.0,,0.11949685534591195,-137.3294117647059,573,121,-7.19400953800988
00-0033662,Cooper Rush,QB,2025,BAL,4,17,13,7.72,1.93,7.72,0.0,5.0,0.11341222879684418,-137.74,574,62,-3.4890795337692118
00-0036825,Feleipe Franks,TE,2025,ATL,10,17,7,0.4,0.04,0.4,0.0,8.0,0.013686131386861315,-138.07058823529414,575,122,-7.223338639213181
00-0038498,E.J. Jenkins,TE,2025,PHI,1,17,16,0.0,0.0,0.0,0.0,15.0,0.010436432637571158,-138.49411764705883,576,123,-7.240098125615068
00-0040225,Thomas Fidone II,TE,2025,NYG,1,17,16,0.0,0.0,0.0,0.0,,0.01217391304347826,-138.49411764705883,577,124,-7.240098125615068
00-0038456,Travis Vokolek,TE,2025,ARI,1,17,16,0.0,0.0,0.0,0.0,,0.028193832599118944,-138.49411764705883,578,125,-7.240098125615068
00-0038564,Cameron Latu,TE,2025,PHI,10,17,7,0.0,0.0,0.0,0.0,,0.09772296015180265,-138.49411764705883,579,126,-7.240098125615068
00-0037031,Nikola Kalinic,TE,2025,CHI,2,17,15,0.0,0.0,0.0,0.0,,0.0,-138.49411764705883,580,127,-7.240098125615068
00-0024243,Marcedes Lewis,TE,2025,DEN,1,17,16,0.0,0.0,0.0,0.0,12.0,0.07105263157894737,-138.49411764705883,581,128,-7.240098125615068
00-0038590,Justin Shorter,TE,2025,LV,3,17,14,0.0,0.0,0.0,0.0,16.0,0.005035246727089627,-138.49411764705883,582,129,-7.240098125615068
00-0040058,Nick Kallerup,TE,2025,SEA,4,17,13,0.0,0.0,0.0,0.0,,0.12218045112781954,-138.49411764705883,583,130,-7.240098125615068
00-0038735,Princeton Fant,TE,2025,DAL,1,17,16,0.0,0.0,0.0,0.0,16.0,0.0,-138.49411764705883,584,131,-7.240098125615068
00-0037277,Teagan Quitoriano,TE,2025,ATL,2,17,15,0.0,0.0,0.0,0.0,,0.12135036496350365,-138.49411764705883,585,132,-7.240098125615068
00-0035956,Giovanni Ricci,TE,2025,DET,2,17,15,0.0,0.0,0.0,0.0,,0.052775250227479524,-138.49411764705883,586,133,-7.240098125615068
00-0037311,Ko Kieft,TE,2025,TB,2,17,15,0.0,0.0,0.0,0.0,14.0,0.025573192239858905,-138.49411764705883,587,134,-7.240098125615068
00-0039489,Hayden Rucci,TE,2025,MIA,1,17,16,0.0,0.0,0.0,0.0,,0.039755351681957186,-138.49411764705883,588,135,-7.240098125615068
00-0038643,Brayden Willis,TE,2025,SF,6,17,11,0.0,0.0,0.0,0.0,12.0,0.01159678858162355,-138.49411764705883,589,136,-7.240098125615068
00-0038579,Aidan O'Connell,QB,2025,LV,1,17,16,4.78,4.78,0.0,4.78,8.0,0.0513595166163142,-140.68,590,63,-3.5297027107471197
00-0036679,Shane Buechele,QB,2025,KC,1,17,16,3.92,3.92,0.0,3.92,,0.02605570530098832,-141.54000000000002,591,64,-3.5415856808835144
00-0038582,Clayton Tune,QB,2025,GB,2,17,15,2.9800000000000004,1.4900000000000002,0.0,2.9800000000000004,12.0,0.056137012369172214,-142.48000000000002,592,65,-3.554574043590737
00-0031237,Teddy Bridgewater,QB,2025,TB,3,17,14,2.88,0.96,2.88,0.0,,0.030864197530864196,-142.58,593,66,-3.5559557843042713
00-0038416,Tyson Bagent,QB,2025,CHI,2,17,15,2.58,1.29,2.58,0.0,13.0,0.012131715771230503,-142.88,594,67,-3.5601010064448744
00-0033949,Joshua Dobbs,QB,2025,NE,4,17,13,2.1,0.525,0.07999999999999996,2.02,15.0,0.04021937842778794,-143.36,595,68,-3.5667333618698387
00-0032434,Brandon Allen,QB,2025,TEN,1,17,16,1.88,1.88,0.0,1.88,14.0,0.04640151515151515,-143.58,596,69,-3.5697731914396145
00-0037013,Zach Wilson,QB,2025,MIA,4,17,13,1.3800000000000001,0.34500000000000003,1.3800000000000001,0.0,,0.026503567787971458,-144.08,597,70,-3.576681895007286
00-0035289,Gardner Minshew,QB,2025,KC,4,17,13,0.6799999999999998,0.16999999999999996,-0.6000000000000001,1.2799999999999998,7.0,0.036837376460017966,-144.78,598,71,-3.5863540800020255
00-0040673,Jalen Milroe,QB,2025,SEA,3,17,14,0.4,0.13333333333333333,0.4,0.0,,0.002819548872180451,-145.06,599,72,-3.590222953999922
00-0039164,Anthony Richardson,QB,2025,IND,2,17,15,0.26,0.13,0.26,0.0,6.0,0.013059701492537313,-145.20000000000002,600,73,-3.59215739099887
00-0035704,Drew Lock,QB,2025,SEA,3,17,14,0.09999999999999998,0.033333333333333326,0.09999999999999998,0.0,10.0,0.03571428571428571,-145.36,601,74,-3.594368176140524
00-0034955,Brett Rypien,QB,2025,CIN,1,17,16,0.0,0.0,0.0,0.0,,0.0027002700270027003,-145.46,602,75,-3.595749916854059
00-0033319,Nick Mullens,QB,2025,JAX,4,17,13,-0.040000000000000036,-0.010000000000000009,-0.28,0.24,13.0,0.03130434782608696,-145.5,603,76,-3.5963026131394726
00-0039577,Kedon Slovis,QB,2025,ARI,2,17,15,-0.08,-0.04,-0.08,0.0,,0.004405286343612335,-145.54000000000002,604,77,-3.596855309424886
00-0035264,Jarrett Stidham,QB,2025,DEN,1,17,16,-0.1,-0.1,-0.1,0.0,15.0,0.0035087719298245615,-145.56,605,78,-3.5971316575675933
00-0038658,Adrian Martinez,QB,2025,SF,1,17,16,-0.1,-0.1,-0.1,0.0,,,-145.56,606,79,-3.5971316575675933
00-0034577,Kyle Allen,QB,2025,DET,2,17,15,-0.30000000000000004,-0.15000000000000002,-0.30000000000000004,0.0,16.0,0.014558689717925387,-145.76000000000002,607,80,-3.599895138994662
00-0031345,Jimmy Garoppolo,QB,2025,LA,3,17,14,-1.0,-0.3333333333333333,-0.7000000000000001,-0.30000000000000004,16.0,0.015859030837004406,-146.46,608,81,-3.6095673239894017
