consensus_rank,rank,player_name,team,position,highest_level,age,eta,fv,source_url,consensus_score,sources_ranked_by,source_ranks
1,1.0,Jesús Made,Milwaukee Brewers,SS,AA,19,2027,65,https://www.mlb.com/prospects/stats/top-prospects,1.3333333333333333,3,"{'MLB Pipeline': 1.0, 'Just Baseball': 1.0, 'FanGraphs': 2.0}"
2,3.0,Leo De Vries,Athletics,SS,AA,19,2027,60,https://www.mlb.com/prospects/stats/top-prospects,4.0,3,"{'MLB Pipeline': 3.0, 'Just Baseball': 3.0, 'FanGraphs': 6.0}"
3,2.0,Franklin Arias,Boston Red Sox,SS,AAA,20,2026,60+,https://www.mlb.com/prospects/stats/top-prospects,6.0,3,"{'MLB Pipeline': 2.0, 'Just Baseball': 2.0, 'FanGraphs': 14.0}"
4,4.0,Josue De Paula,Los Angeles Dodgers,OF,AA,21,2027,60,https://www.mlb.com/prospects/stats/top-prospects,10.333333333333334,3,"{'MLB Pipeline': 4.0, 'Just Baseball': 10.0, 'FanGraphs': 17.0}"
5,6.0,Eli Willits,Washington Nationals,SS,A+,18,2028,55+,https://www.mlb.com/prospects/stats/top-prospects,11.0,3,"{'MLB Pipeline': 6.0, 'Just Baseball': 12.0, 'FanGraphs': 15.0}"
6,4.0,Ryan Sloan,Seattle Mariners,RHP,AA,20,2027,60,https://www.justbaseball.com/prospects/top-100-mlb-prospects/,11.666666666666666,3,"{'MLB Pipeline': 11.0, 'Just Baseball': 4.0, 'FanGraphs': 20.0}"
7,10.0,Rainiel Rodriguez,St. Louis Cardinals,C,AA,19,2028,55+,https://www.mlb.com/prospects/stats/top-prospects,16.666666666666668,3,"{'MLB Pipeline': 10.0, 'Just Baseball': 15.0, 'FanGraphs': 25.0}"
8,8.0,Sebastian Walcott,Texas Rangers,"SS, 3B",AA,20,2027,55+,https://www.mlb.com/prospects/stats/top-prospects,18.666666666666668,3,"{'MLB Pipeline': 8.0, 'Just Baseball': 18.0, 'FanGraphs': 30.0}"
9,5.0,Seth Hernandez,Pittsburgh Pirates,RHP,A+,20,2028,60,https://www.justbaseball.com/prospects/top-100-mlb-prospects/,19.666666666666668,3,"{'MLB Pipeline': 9.0, 'Just Baseball': 5.0, 'FanGraphs': 45.0}"
10,20.0,Alfredo Duno,Cincinnati Reds,C,AA,20,2027,55,https://www.mlb.com/prospects/stats/top-prospects,21.333333333333332,3,"{'MLB Pipeline': 20.0, 'Just Baseball': 22.0, 'FanGraphs': 22.0}"
11,7.0,Josuar Gonzalez,San Francisco Giants,SS,A,18,2029,55+,https://www.mlb.com/prospects/stats/top-prospects,23.666666666666668,3,"{'MLB Pipeline': 7.0, 'Just Baseball': 20.0, 'FanGraphs': 44.0}"
12,14.0,Eduardo Quintero,Los Angeles Dodgers,OF,A+,21,2028,55+,https://www.justbaseball.com/prospects/top-100-mlb-prospects/,24.0,3,"{'MLB Pipeline': 15.0, 'Just Baseball': 14.0, 'FanGraphs': 43.0}"
13,19.0,Luis Peña,MIL,SS,A+,19,2028,55,https://www.mlb.com/prospects/stats/top-prospects,24.0,3,"{'MLB Pipeline': 19.0, 'Just Baseball': 29.0, 'FanGraphs': 24.0}"
14,9.0,Thomas White,MIA,SP,AAA,21.4,2027,60,https://blogs.fangraphs.com/2026-top-100-prospects/,27.666666666666668,3,"{'MLB Pipeline': 47.0, 'Just Baseball': 27.0, 'FanGraphs': 9.0}"
15,21.0,Ralphy Velazquez,Cleveland Guardians,1B,AAA,21,2027,55,https://www.justbaseball.com/prospects/top-100-mlb-prospects/,30.0,3,"{'MLB Pipeline': 29.0, 'Just Baseball': 21.0, 'FanGraphs': 40.0}"
16,27.0,Caleb Bonemer,CHW,3B,A+,21,2029,50,https://www.mlb.com/prospects/stats/top-prospects,31.666666666666668,3,"{'MLB Pipeline': 27.0, 'Just Baseball': 35.0, 'FanGraphs': 33.0}"
17,26.0,Zyhir Hope,Detroit Tigers,OF,AA,21,2027,55,https://www.mlb.com/prospects/stats/top-prospects,32.333333333333336,3,"{'MLB Pipeline': 26.0, 'Just Baseball': 30.0, 'FanGraphs': 41.0}"
18,13.0,Aidan Miller,PHI,SS,AAA,21.7,2026,55,https://blogs.fangraphs.com/2026-top-100-prospects/,35.0,3,"{'MLB Pipeline': 59.0, 'Just Baseball': 33.0, 'FanGraphs': 13.0}"
19,25.0,Arjun Nimmala,Los Angeles Angels,SS,AA,20,2027,55,https://www.justbaseball.com/prospects/top-100-mlb-prospects/,35.666666666666664,3,"{'MLB Pipeline': 34.0, 'Just Baseball': 25.0, 'FanGraphs': 48.0}"
20,7.0,Theo Gillen,Tampa Bay Rays,OF,AA,21,2028,60,https://www.justbaseball.com/prospects/top-100-mlb-prospects/,36.333333333333336,2,"{'MLB Pipeline': 16.0, 'Just Baseball': 7.0, 'FanGraphs': None}"
21,12.0,Grady Emerson,Tampa Bay Rays,SS,A,18,2029,55+,https://www.mlb.com/prospects/stats/top-prospects,38.333333333333336,2,"{'MLB Pipeline': 12.0, 'Just Baseball': 17.0, 'FanGraphs': None}"
22,14.0,Roch Cholowsky,Chicago White Sox,SS,A+,21,2027,55+,https://www.mlb.com/prospects/stats/top-prospects,38.666666666666664,2,"{'MLB Pipeline': 14.0, 'Just Baseball': 16.0, 'FanGraphs': None}"
23,17.0,Mike Sirota,Los Angeles Dodgers,OF,AA,23,2027,55+,https://www.mlb.com/prospects/stats/top-prospects,40.666666666666664,2,"{'MLB Pipeline': 17.0, 'Just Baseball': 19.0, 'FanGraphs': None}"
24,23.0,Bryce Rainer,DET,SS,A,20.6,2028,55,https://blogs.fangraphs.com/2026-top-100-prospects/,43.666666666666664,3,"{'MLB Pipeline': 44.0, 'Just Baseball': 64.0, 'FanGraphs': 23.0}"
25,23.0,Ethan Holliday,COL,3B,A,19,2029,50,https://www.mlb.com/prospects/stats/top-prospects,45.0,3,"{'MLB Pipeline': 23.0, 'Just Baseball': 65.0, 'FanGraphs': 47.0}"
26,18.0,Vahn Lackey,Minnesota Twins,C,A+,21,2028,55,https://www.mlb.com/prospects/stats/top-prospects,45.333333333333336,2,"{'MLB Pipeline': 18.0, 'Just Baseball': 32.0, 'FanGraphs': None}"
27,13.0,Walker Jenkins,MIN,CF,AAA,21,2026,50,https://www.mlb.com/prospects/stats/top-prospects,45.333333333333336,2,"{'MLB Pipeline': 13.0, 'Just Baseball': None, 'FanGraphs': 31.0}"
28,19.0,Liam Doyle,STL,SP,AA,21.7,2027,55,https://blogs.fangraphs.com/2026-top-100-prospects/,45.666666666666664,3,"{'MLB Pipeline': 40.0, 'Just Baseball': 78.0, 'FanGraphs': 19.0}"
29,29.0,Jarlin Susana,WSN,SP,AA,21.9,2027,55,https://blogs.fangraphs.com/2026-top-100-prospects/,46.0,3,"{'MLB Pipeline': 66.0, 'Just Baseball': 43.0, 'FanGraphs': 29.0}"
30,9.0,Ethan Salas,San Diego Padres,C,AAA,20,2027,60,https://www.justbaseball.com/prospects/top-100-mlb-prospects/,46.666666666666664,3,"{'MLB Pipeline': 21.0, 'Just Baseball': 9.0, 'FanGraphs': 110.0}"
31,24.0,Josiah Hartshorn,Chicago Cubs,"OF, 1B",A+,19,2028,55,https://www.justbaseball.com/prospects/top-100-mlb-prospects/,48.333333333333336,2,"{'MLB Pipeline': 35.0, 'Just Baseball': 24.0, 'FanGraphs': None}"
32,5.0,Kade Anderson,SEA,SP,R,22,2026,50,https://www.mlb.com/prospects/stats/top-prospects,49.0,2,"{'MLB Pipeline': 5.0, 'Just Baseball': None, 'FanGraphs': 50.0}"
33,26.0,Eric Hartman,Atlanta Braves,OF,AA,20,2028,55,https://www.justbaseball.com/prospects/top-100-mlb-prospects/,50.0,2,"{'MLB Pipeline': 38.0, 'Just Baseball': 26.0, 'FanGraphs': None}"
34,28.0,Jackson Flora,San Francisco Giants,RHP,CPX,21,2028,50+,https://www.mlb.com/prospects/stats/top-prospects,50.0,2,"{'MLB Pipeline': 28.0, 'Just Baseball': 36.0, 'FanGraphs': None}"
35,24.0,JoJo Parker,Toronto Blue Jays,SS,A+,20,2028,50+,https://www.mlb.com/prospects/stats/top-prospects,51.333333333333336,2,"{'MLB Pipeline': 24.0, 'Just Baseball': 44.0, 'FanGraphs': None}"
36,30.0,Gage Wood,Philadelphia Phillies,RHP,AA,22,2027,50+,https://www.mlb.com/prospects/stats/top-prospects,52.666666666666664,2,"{'MLB Pipeline': 30.0, 'Just Baseball': 42.0, 'FanGraphs': None}"
37,33.0,Christian Zazueta,Los Angeles Dodgers,RHP,AA,22,2027,50+,https://www.mlb.com/prospects/stats/top-prospects,53.333333333333336,2,"{'MLB Pipeline': 33.0, 'Just Baseball': 41.0, 'FanGraphs': None}"
38,42.0,Tyler Bremner,LAA,SP,R,22,2026,50,https://www.mlb.com/prospects/stats/top-prospects,57.666666666666664,3,"{'MLB Pipeline': 42.0, 'Just Baseball': 79.0, 'FanGraphs': 52.0}"
39,22.0,Emil Morales,LAD,SS,A,20,2030,50,https://www.mlb.com/prospects/stats/top-prospects,58.333333333333336,2,"{'MLB Pipeline': 22.0, 'Just Baseball': None, 'FanGraphs': 61.0}"
40,36.0,Eric Booth Jr.,Baltimore Orioles,OF,A,18,2030,50+,https://www.mlb.com/prospects/stats/top-prospects,58.333333333333336,2,"{'MLB Pipeline': 36.0, 'Just Baseball': 53.0, 'FanGraphs': None}"
41,46.0,Caden Bodine,Tampa Bay Rays,C,AAA,22,2027,50+,https://www.mlb.com/prospects/stats/top-prospects,60.0,2,"{'MLB Pipeline': 46.0, 'Just Baseball': 48.0, 'FanGraphs': None}"
42,31.0,Josue Briceño,Detroit Tigers,"C, 1B",AAA,22,2027,55,https://www.justbaseball.com/prospects/top-100-mlb-prospects/,60.0,3,"{'MLB Pipeline': 86.0, 'Just Baseball': 31.0, 'FanGraphs': 63.0}"
43,34.0,Aiva Arquette,Miami Marlins,SS,AA,22,2027,50+,https://www.justbaseball.com/prospects/top-100-mlb-prospects/,60.666666666666664,3,"{'MLB Pipeline': 61.0, 'Just Baseball': 34.0, 'FanGraphs': 87.0}"
44,28.0,Juneiker Caceres,Cleveland Guardians,OF,A+,19,2029,55,https://www.justbaseball.com/prospects/top-100-mlb-prospects/,62.666666666666664,2,"{'MLB Pipeline': 74.0, 'Just Baseball': 28.0, 'FanGraphs': None}"
45,1.0,Konnor Griffin,PIT,SS,AA,19.8,2026,70,https://blogs.fangraphs.com/2026-top-100-prospects/,63.333333333333336,1,"{'MLB Pipeline': None, 'Just Baseball': None, 'FanGraphs': 1.0}"
46,43.0,Jhonny Level,San Francisco Giants,SS,A+,19,2029,50,https://www.mlb.com/prospects/stats/top-prospects,63.666666666666664,3,"{'MLB Pipeline': 43.0, 'Just Baseball': 71.0, 'FanGraphs': 77.0}"
47,50.0,Kendry Chourio,Kansas City Royals,RHP,A+,19,2028,50+,https://www.mlb.com/prospects/stats/top-prospects,63.666666666666664,2,"{'MLB Pipeline': 50.0, 'Just Baseball': 55.0, 'FanGraphs': None}"
48,32.0,Edward Florentino,Pittsburgh Pirates,OF,A+,19,2028,50,https://www.mlb.com/prospects/stats/top-prospects,64.33333333333333,3,"{'MLB Pipeline': 32.0, 'Just Baseball': 60.0, 'FanGraphs': 101.0}"
49,45.0,Anthony Eyanson,Baltimore Orioles,RHP,AA,21,2027,50+,https://www.mlb.com/prospects/stats/top-prospects,64.66666666666667,2,"{'MLB Pipeline': 45.0, 'Just Baseball': 63.0, 'FanGraphs': None}"
50,5.0,Kevin McGonigle,DET,3B,AA,21.5,2026,60,https://blogs.fangraphs.com/2026-top-100-prospects/,64.66666666666667,1,"{'MLB Pipeline': None, 'Just Baseball': None, 'FanGraphs': 5.0}"
51,25.0,Luis Hernández,San Francisco Giants,SS,A,17,2029,50,https://www.mlb.com/prospects/stats/top-prospects,65.33333333333333,2,"{'MLB Pipeline': 25.0, 'Just Baseball': 85.0, 'FanGraphs': None}"
52,7.0,Max Clark,DET,CF,AA,21.2,2027,60,https://blogs.fangraphs.com/2026-top-100-prospects/,65.33333333333333,1,"{'MLB Pipeline': None, 'Just Baseball': None, 'FanGraphs': 7.0}"
53,51.0,Seaver King,Washington Nationals,SS,AAA,23,2026,50,https://www.mlb.com/prospects/stats/top-prospects,66.0,2,"{'MLB Pipeline': 51.0, 'Just Baseball': 61.0, 'FanGraphs': None}"
54,46.0,Braylon Doughty,Cleveland Guardians,RHP,AA,20,2027,50+,https://www.justbaseball.com/prospects/top-100-mlb-prospects/,66.33333333333333,2,"{'MLB Pipeline': 67.0, 'Just Baseball': 46.0, 'FanGraphs': None}"
55,37.0,Drew Burress,Athletics,OF,A,21,2028,50,https://www.mlb.com/prospects/stats/top-prospects,66.33333333333333,2,"{'MLB Pipeline': 37.0, 'Just Baseball': 76.0, 'FanGraphs': None}"
56,50.0,Nathan Flewelling,Tampa Bay Rays,C,A+,19,2029,50+,https://www.justbaseball.com/prospects/top-100-mlb-prospects/,66.33333333333333,2,"{'MLB Pipeline': 63.0, 'Just Baseball': 50.0, 'FanGraphs': None}"
57,39.0,Cam Caminiti,Atlanta Braves,LHP,AA,20,2028,50,https://www.mlb.com/prospects/stats/top-prospects,66.66666666666667,2,"{'MLB Pipeline': 39.0, 'Just Baseball': 75.0, 'FanGraphs': None}"
58,11.0,Colt Emerson,SEA,SS,AAA,20.6,2026,55,https://blogs.fangraphs.com/2026-top-100-prospects/,66.66666666666667,1,"{'MLB Pipeline': None, 'Just Baseball': None, 'FanGraphs': 11.0}"
59,39.0,Angeibel Gomez,Kansas City Royals,OF,CPX,17,2030,50+,https://www.justbaseball.com/prospects/top-100-mlb-prospects/,67.0,2,"{'MLB Pipeline': 76.0, 'Just Baseball': 39.0, 'FanGraphs': None}"
60,12.0,JJ Wetherholt,STL,2B,AAA,23.4,2026,55,https://blogs.fangraphs.com/2026-top-100-prospects/,67.0,1,"{'MLB Pipeline': None, 'Just Baseball': None, 'FanGraphs': 12.0}"
61,51.0,River Ryan,Detroit Tigers,RHP,AAA,28,2024,50+,https://www.justbaseball.com/prospects/top-100-mlb-prospects/,67.0,2,"{'MLB Pipeline': 64.0, 'Just Baseball': 51.0, 'FanGraphs': None}"
62,45.0,Cooper Flemming,Tampa Bay Rays,"SS, 3B",A,20,2029,50+,https://www.justbaseball.com/prospects/top-100-mlb-prospects/,68.66666666666667,2,"{'MLB Pipeline': 75.0, 'Just Baseball': 45.0, 'FanGraphs': None}"
63,56.0,Charlie Condon,COL,LF,AA,23,2027,50,https://www.mlb.com/prospects/stats/top-prospects,69.66666666666667,3,"{'MLB Pipeline': 56.0, 'Just Baseball': 86.0, 'FanGraphs': 67.0}"
64,54.0,Joseph Dzierwa,Baltimore Orioles,LHP,AA,22,2028,50+,https://www.justbaseball.com/prospects/top-100-mlb-prospects/,69.66666666666667,2,"{'MLB Pipeline': 69.0, 'Just Baseball': 54.0, 'FanGraphs': None}"
65,21.0,Carson Benge,NYM,CF,AAA,23.1,2026,55,https://blogs.fangraphs.com/2026-top-100-prospects/,70.0,1,"{'MLB Pipeline': None, 'Just Baseball': None, 'FanGraphs': 21.0}"
66,41.0,Michael Arroyo,SEA,2B,AA,21,2027,50,https://www.mlb.com/prospects/stats/top-prospects,70.0,3,"{'MLB Pipeline': 41.0, 'Just Baseball': 91.0, 'FanGraphs': 78.0}"
67,52.0,Roldy Brito,Colorado Rockies,"2B, OF",A+,19,2028,50,https://www.mlb.com/prospects/stats/top-prospects,70.0,3,"{'MLB Pipeline': 52.0, 'Just Baseball': 59.0, 'FanGraphs': 99.0}"
68,53.0,Lazaro Montes,SEA,RF,AA,21,2027,50,https://www.mlb.com/prospects/stats/top-prospects,70.33333333333333,2,"{'MLB Pipeline': 53.0, 'Just Baseball': None, 'FanGraphs': 66.0}"
69,70.0,Caden Scarborough,TEX,SP,A+,21,2028,50,https://www.mlb.com/prospects/stats/top-prospects,71.0,3,"{'MLB Pipeline': 70.0, 'Just Baseball': 72.0, 'FanGraphs': 71.0}"
70,52.0,Cam Cannarella,Miami Marlins,OF,AAA,23,2027,50+,https://www.justbaseball.com/prospects/top-100-mlb-prospects/,71.66666666666667,2,"{'MLB Pipeline': 77.0, 'Just Baseball': 52.0, 'FanGraphs': None}"
71,27.0,Andrew Painter,PHI,SP,AAA,22.9,2026,55,https://blogs.fangraphs.com/2026-top-100-prospects/,72.0,1,"{'MLB Pipeline': None, 'Just Baseball': None, 'FanGraphs': 27.0}"
72,57.0,George Klassen,LAA,SP,AAA,24.1,2026,50,https://blogs.fangraphs.com/2026-top-100-prospects/,72.0,2,"{'MLB Pipeline': None, 'Just Baseball': 62.0, 'FanGraphs': 57.0}"
73,55.0,Jefferson Rojas,CHC,SS,AA,20.8,2027,50,https://blogs.fangraphs.com/2026-top-100-prospects/,72.66666666666667,3,"{'MLB Pipeline': 68.0, 'Just Baseball': 95.0, 'FanGraphs': 55.0}"
74,31.0,Kaelen Culpepper,MIN,SS,AA,23,2027,50,https://www.mlb.com/prospects/stats/top-prospects,73.33333333333333,2,"{'MLB Pipeline': 31.0, 'Just Baseball': None, 'FanGraphs': 97.0}"
75,49.0,Robby Snelling,MIA,SP,AAA,22,2026,50,https://www.mlb.com/prospects/stats/top-prospects,73.66666666666667,2,"{'MLB Pipeline': 49.0, 'Just Baseball': None, 'FanGraphs': 80.0}"
76,56.0,Josh Hammond,Kansas City Royals,SS,A,20,2029,50+,https://www.justbaseball.com/prospects/top-100-mlb-prospects/,74.66666666666667,2,"{'MLB Pipeline': 82.0, 'Just Baseball': 56.0, 'FanGraphs': None}"
77,35.0,Ryan Waldschmidt,ARI,LF,AA,23.4,2026,50,https://blogs.fangraphs.com/2026-top-100-prospects/,74.66666666666667,1,"{'MLB Pipeline': None, 'Just Baseball': None, 'FanGraphs': 35.0}"
78,36.0,Noah Schultz,CHW,SP,AAA,22.5,2027,50,https://blogs.fangraphs.com/2026-top-100-prospects/,75.0,1,"{'MLB Pipeline': None, 'Just Baseball': None, 'FanGraphs': 36.0}"
79,58.0,Tate Southisene,Atlanta Braves,SS,AA,20,2028,50,https://www.mlb.com/prospects/stats/top-prospects,75.0,2,"{'MLB Pipeline': 58.0, 'Just Baseball': 81.0, 'FanGraphs': None}"
80,51.0,Jonny Farmelo,SEA,CF,A+,21.4,2028,50,https://blogs.fangraphs.com/2026-top-100-prospects/,75.33333333333333,2,"{'MLB Pipeline': 83.0, 'Just Baseball': None, 'FanGraphs': 51.0}"
81,69.0,Dax Kilby,NYY,SS,A,19.2,2030,50,https://blogs.fangraphs.com/2026-top-100-prospects/,75.66666666666667,3,"{'MLB Pipeline': 78.0, 'Just Baseball': 80.0, 'FanGraphs': 69.0}"
82,47.0,Emmanuel Rodriguez,Minnesota Twins,OF,AAA,23,2026,50+,https://www.justbaseball.com/prospects/top-100-mlb-prospects/,76.66666666666667,1,"{'MLB Pipeline': None, 'Just Baseball': 47.0, 'FanGraphs': None}"
83,42.0,Angel Genao,CLE,SS,AA,21.7,2027,50,https://blogs.fangraphs.com/2026-top-100-prospects/,77.0,1,"{'MLB Pipeline': None, 'Just Baseball': None, 'FanGraphs': 42.0}"
84,67.0,Charles Davalan,Los Angeles Dodgers,OF,A+,22,2028,50,https://www.justbaseball.com/prospects/top-100-mlb-prospects/,77.33333333333333,2,"{'MLB Pipeline': 79.0, 'Just Baseball': 67.0, 'FanGraphs': None}"
85,72.0,Kevin Alvarez,Houston Astros,OF,A,18,2029,50,https://www.mlb.com/prospects/stats/top-prospects,77.33333333333333,2,"{'MLB Pipeline': 72.0, 'Just Baseball': 74.0, 'FanGraphs': None}"
86,54.0,Marek Houston,,,,22,,,https://www.mlb.com/prospects/stats/top-prospects,77.33333333333333,1,"{'MLB Pipeline': 54.0, 'Just Baseball': None, 'FanGraphs': None}"
87,49.0,Enddy Azocar,Baltimore Orioles,OF,A+,19,2028,50+,https://www.justbaseball.com/prospects/top-100-mlb-prospects/,78.0,2,"{'MLB Pipeline': 99.0, 'Just Baseball': 49.0, 'FanGraphs': None}"
88,55.0,Jamie Arnold,Athletics,LHP,AA,22,2027,50,https://www.mlb.com/prospects/stats/top-prospects,78.0,2,"{'MLB Pipeline': 55.0, 'Just Baseball': 93.0, 'FanGraphs': None}"
89,46.0,Eduardo Tait,MIN,C,A+,19.5,2029,50,https://blogs.fangraphs.com/2026-top-100-prospects/,78.33333333333333,1,"{'MLB Pipeline': None, 'Just Baseball': None, 'FanGraphs': 46.0}"
90,57.0,Joshua Baez,,,,23,,,https://www.mlb.com/prospects/stats/top-prospects,78.33333333333333,1,"{'MLB Pipeline': 57.0, 'Just Baseball': None, 'FanGraphs': None}"
91,60.0,Felnin Celesten,SEA,SS,A+,21,2029,50,https://www.mlb.com/prospects/stats/top-prospects,79.33333333333333,2,"{'MLB Pipeline': 60.0, 'Just Baseball': None, 'FanGraphs': 86.0}"
92,49.0,George Lombard Jr.,NYY,SS,AA,20.7,2027,50,https://blogs.fangraphs.com/2026-top-100-prospects/,79.33333333333333,1,"{'MLB Pipeline': None, 'Just Baseball': None, 'FanGraphs': 49.0}"
93,57.0,Franklin Primera,Boston Red Sox,C,A,19,2029,50+,https://www.justbaseball.com/prospects/top-100-mlb-prospects/,80.0,1,"{'MLB Pipeline': None, 'Just Baseball': 57.0, 'FanGraphs': None}"
94,58.0,Kane Kepley,Chicago Cubs,OF,AA,22,2028,50,https://www.justbaseball.com/prospects/top-100-mlb-prospects/,80.33333333333333,1,"{'MLB Pipeline': None, 'Just Baseball': 58.0, 'FanGraphs': None}"
95,53.0,Elmer Rodríguez,NYY,SP,AAA,22.5,2026,50,https://blogs.fangraphs.com/2026-top-100-prospects/,80.66666666666667,1,"{'MLB Pipeline': None, 'Just Baseball': None, 'FanGraphs': 53.0}"
96,54.0,Travis Bazzana,CLE,2B,AAA,23.5,2026,50,https://blogs.fangraphs.com/2026-top-100-prospects/,81.0,1,"{'MLB Pipeline': None, 'Just Baseball': None, 'FanGraphs': 54.0}"
97,66.0,Caden Hunter,Baltimore Orioles,LHP,AA,22,2027,50,https://www.justbaseball.com/prospects/top-100-mlb-prospects/,81.33333333333333,2,"{'MLB Pipeline': 92.0, 'Just Baseball': 66.0, 'FanGraphs': None}"
98,68.0,Nolan Perry,Toronto Blue Jays,RHP,AA,23,2027,50,https://www.justbaseball.com/prospects/top-100-mlb-prospects/,81.33333333333333,2,"{'MLB Pipeline': 90.0, 'Just Baseball': 68.0, 'FanGraphs': None}"
99,65.0,Jacob Lombard,Miami Marlins,SS,A,19,2029,50,https://www.mlb.com/prospects/stats/top-prospects,81.66666666666667,2,"{'MLB Pipeline': 65.0, 'Just Baseball': 94.0, 'FanGraphs': None}"
100,56.0,Joe Mack,MIA,C,AAA,23.1,2026,50,https://blogs.fangraphs.com/2026-top-100-prospects/,81.66666666666667,1,"{'MLB Pipeline': None, 'Just Baseball': None, 'FanGraphs': 56.0}"
101,59.0,Brody Hopkins,TBR,SP,AA,24.1,2026,50,https://blogs.fangraphs.com/2026-top-100-prospects/,82.66666666666667,1,"{'MLB Pipeline': None, 'Just Baseball': None, 'FanGraphs': 59.0}"
102,71.0,Justin Gonzales,,,,19,,,https://www.mlb.com/prospects/stats/top-prospects,83.0,1,"{'MLB Pipeline': 71.0, 'Just Baseball': None, 'FanGraphs': None}"
103,73.0,Francisco Renteria,,,,17,,,https://www.mlb.com/prospects/stats/top-prospects,83.66666666666667,1,"{'MLB Pipeline': 73.0, 'Just Baseball': None, 'FanGraphs': None}"
104,69.0,Taitn Gray,Tampa Bay Rays,1B,A,19,2029,50,https://www.justbaseball.com/prospects/top-100-mlb-prospects/,84.0,2,"{'MLB Pipeline': 97.0, 'Just Baseball': 69.0, 'FanGraphs': None}"
105,70.0,Karson Milbrandt,Miami Marlins,RHP,AAA,22,2026,50,https://www.justbaseball.com/prospects/top-100-mlb-prospects/,84.33333333333333,1,"{'MLB Pipeline': None, 'Just Baseball': 70.0, 'FanGraphs': None}"
106,65.0,Hagen Smith,CHW,SP,AA,22.5,2027,50,https://blogs.fangraphs.com/2026-top-100-prospects/,84.66666666666667,1,"{'MLB Pipeline': None, 'Just Baseball': None, 'FanGraphs': 65.0}"
107,73.0,Johnny King,Toronto Blue Jays,LHP,A+,20,2028,50,https://www.justbaseball.com/prospects/top-100-mlb-prospects/,85.33333333333333,1,"{'MLB Pipeline': None, 'Just Baseball': 73.0, 'FanGraphs': None}"
108,77.0,Ramon Marquez,San Francisco Giants,RHP,A+,21,2028,50,https://www.justbaseball.com/prospects/top-100-mlb-prospects/,85.66666666666667,2,"{'MLB Pipeline': 94.0, 'Just Baseball': 77.0, 'FanGraphs': None}"
109,68.0,JR Ritchie,ATL,SP,AAA,22.6,2026,50,https://blogs.fangraphs.com/2026-top-100-prospects/,85.66666666666667,1,"{'MLB Pipeline': None, 'Just Baseball': None, 'FanGraphs': 68.0}"
110,80.0,Leo Bernal,,,,22,,,https://www.mlb.com/prospects/stats/top-prospects,86.0,1,"{'MLB Pipeline': 80.0, 'Just Baseball': None, 'FanGraphs': None}"
111,81.0,Billy Carlson,,,,20,,,https://www.mlb.com/prospects/stats/top-prospects,86.33333333333333,1,"{'MLB Pipeline': 81.0, 'Just Baseball': None, 'FanGraphs': None}"
112,64.0,Luis De León,BAL,SP,AA,22.8,2027,50,https://blogs.fangraphs.com/2026-top-100-prospects/,86.33333333333333,2,"{'MLB Pipeline': None, 'Just Baseball': 98.0, 'FanGraphs': 64.0}"
113,70.0,Yolfran Castillo,TEX,SS,A,19.0,2030,50,https://blogs.fangraphs.com/2026-top-100-prospects/,86.33333333333333,1,"{'MLB Pipeline': None, 'Just Baseball': None, 'FanGraphs': 70.0}"
114,72.0,Jaxon Wiggins,CHC,SP,AAA,24.4,2027,50,https://blogs.fangraphs.com/2026-top-100-prospects/,87.0,1,"{'MLB Pipeline': None, 'Just Baseball': None, 'FanGraphs': 72.0}"
115,73.0,Carlos Lagrange,NYY,SIRP,AA,22.7,2028,50,https://blogs.fangraphs.com/2026-top-100-prospects/,87.33333333333333,1,"{'MLB Pipeline': None, 'Just Baseball': None, 'FanGraphs': 73.0}"
116,84.0,Brady Ebel,Milwaukee Brewers,SS,A+,19,2029,50,https://www.justbaseball.com/prospects/top-100-mlb-prospects/,87.66666666666667,2,"{'MLB Pipeline': 93.0, 'Just Baseball': 84.0, 'FanGraphs': None}"
117,85.0,Josh Adamczewski,,,,21,,,https://www.mlb.com/prospects/stats/top-prospects,87.66666666666667,1,"{'MLB Pipeline': 85.0, 'Just Baseball': None, 'FanGraphs': None}"
118,75.0,Jett Williams,MIL,CF,AAA,22.3,2026,50,https://blogs.fangraphs.com/2026-top-100-prospects/,88.0,1,"{'MLB Pipeline': None, 'Just Baseball': None, 'FanGraphs': 75.0}"
119,88.0,Owen Ayers,Chicago Cubs,C,AAA,25,2027,50,https://www.mlb.com/prospects/stats/top-prospects,88.0,2,"{'MLB Pipeline': 88.0, 'Just Baseball': 90.0, 'FanGraphs': None}"
120,82.0,Derek Curiel,Pittsburgh Pirates,OF,CPX,21,2028,50,https://www.justbaseball.com/prospects/top-100-mlb-prospects/,88.33333333333333,1,"{'MLB Pipeline': None, 'Just Baseball': 82.0, 'FanGraphs': None}"
121,76.0,Jeferson Quero,MIL,C,AAA,23.4,2026,50,https://blogs.fangraphs.com/2026-top-100-prospects/,88.33333333333333,1,"{'MLB Pipeline': None, 'Just Baseball': None, 'FanGraphs': 76.0}"
122,83.0,Chase Harlan,Los Angeles Dodgers,3B,A+,20,2029,50,https://www.justbaseball.com/prospects/top-100-mlb-prospects/,88.66666666666667,1,"{'MLB Pipeline': None, 'Just Baseball': 83.0, 'FanGraphs': None}"
123,84.0,Demetrio Crisantes,Arizona Diamondbacks,2B,AAA,22,2027,50,https://www.mlb.com/prospects/stats/top-prospects,89.0,2,"{'MLB Pipeline': 84.0, 'Just Baseball': 97.0, 'FanGraphs': None}"
124,79.0,Jack Wenninger,NYM,SP,AA,23.9,2027,50,https://blogs.fangraphs.com/2026-top-100-prospects/,89.33333333333333,1,"{'MLB Pipeline': None, 'Just Baseball': None, 'FanGraphs': 79.0}"
125,87.0,Bo Davidson,San Francisco Giants,OF,AAA,24,2027,50,https://www.justbaseball.com/prospects/top-100-mlb-prospects/,90.0,1,"{'MLB Pipeline': None, 'Just Baseball': 87.0, 'FanGraphs': None}"
126,81.0,Gage Jump,ATH,SP,AA,22.8,2026,50,https://blogs.fangraphs.com/2026-top-100-prospects/,90.0,1,"{'MLB Pipeline': None, 'Just Baseball': None, 'FanGraphs': 81.0}"
127,89.0,Devin Fitz-Gerald,Washington Nationals,2B,AA,21,2028,50,https://www.justbaseball.com/prospects/top-100-mlb-prospects/,90.66666666666667,1,"{'MLB Pipeline': None, 'Just Baseball': 89.0, 'FanGraphs': None}"
128,83.0,Trey Gibson,BAL,SP,AAA,23.7,2026,50,https://blogs.fangraphs.com/2026-top-100-prospects/,90.66666666666667,1,"{'MLB Pipeline': None, 'Just Baseball': None, 'FanGraphs': 83.0}"
129,95.0,Ike Irish,,,,22,,,https://www.mlb.com/prospects/stats/top-prospects,91.0,1,"{'MLB Pipeline': 95.0, 'Just Baseball': None, 'FanGraphs': None}"
130,96.0,Bryan Rincon,,,,22,,,https://www.mlb.com/prospects/stats/top-prospects,91.33333333333333,1,"{'MLB Pipeline': 96.0, 'Just Baseball': None, 'FanGraphs': None}"
131,85.0,Jacob Reimer,NYM,3B,AA,22.0,2027,50,https://blogs.fangraphs.com/2026-top-100-prospects/,91.33333333333333,1,"{'MLB Pipeline': None, 'Just Baseball': None, 'FanGraphs': 85.0}"
132,89.0,Murf Gray,Pittsburgh Pirates,3B,AA,22,2027,50,https://www.mlb.com/prospects/stats/top-prospects,91.66666666666667,2,"{'MLB Pipeline': 89.0, 'Just Baseball': 100.0, 'FanGraphs': None}"
133,89.0,David Davalillo,TEX,SP,AA,23.5,2026,50,https://blogs.fangraphs.com/2026-top-100-prospects/,92.66666666666667,1,"{'MLB Pipeline': None, 'Just Baseball': None, 'FanGraphs': 89.0}"
134,100.0,Xavier Neyens,,,,19,,,https://www.mlb.com/prospects/stats/top-prospects,92.66666666666667,1,"{'MLB Pipeline': 100.0, 'Just Baseball': None, 'FanGraphs': None}"
135,96.0,Hayden Alvarez,Los Angeles Angels,OF,A+,19,2029,50,https://www.justbaseball.com/prospects/top-100-mlb-prospects/,93.33333333333333,2,"{'MLB Pipeline': 98.0, 'Just Baseball': 96.0, 'FanGraphs': None}"
136,91.0,Khal Stephen,CLE,SP,AA,23.2,2026,50,https://blogs.fangraphs.com/2026-top-100-prospects/,93.33333333333333,1,"{'MLB Pipeline': None, 'Just Baseball': None, 'FanGraphs': 91.0}"
137,92.0,Michael Forret,TBR,SP,AA,21.9,2026,50,https://blogs.fangraphs.com/2026-top-100-prospects/,93.66666666666667,1,"{'MLB Pipeline': None, 'Just Baseball': None, 'FanGraphs': 92.0}"
138,99.0,Tyler Bell,Colorado Rockies,SS,CPX,21,2029,50,https://www.justbaseball.com/prospects/top-100-mlb-prospects/,94.0,1,"{'MLB Pipeline': None, 'Just Baseball': 99.0, 'FanGraphs': None}"
139,94.0,Jurrangelo Cijntje,STL,SP,AA,22.7,2028,50,https://blogs.fangraphs.com/2026-top-100-prospects/,94.33333333333333,1,"{'MLB Pipeline': None, 'Just Baseball': None, 'FanGraphs': 94.0}"
140,95.0,Christian Oppor,CHW,SP,A+,21.6,2027,50,https://blogs.fangraphs.com/2026-top-100-prospects/,94.66666666666667,1,"{'MLB Pipeline': None, 'Just Baseball': None, 'FanGraphs': 95.0}"
141,96.0,Kyson Witherspoon,BOS,SP,R,21.5,2027,50,https://blogs.fangraphs.com/2026-top-100-prospects/,95.0,1,"{'MLB Pipeline': None, 'Just Baseball': None, 'FanGraphs': 96.0}"
142,98.0,Tommy Troy,ARI,2B,AAA,24.1,2026,50,https://blogs.fangraphs.com/2026-top-100-prospects/,95.66666666666667,1,"{'MLB Pipeline': None, 'Just Baseball': None, 'FanGraphs': 98.0}"
143,100.0,Braden Montgomery,CHW,RF,AA,22.8,2027,50,https://blogs.fangraphs.com/2026-top-100-prospects/,96.33333333333333,1,"{'MLB Pipeline': None, 'Just Baseball': None, 'FanGraphs': 100.0}"
144,103.0,Winston Santos,TEX,SP,AAA,23.8,2026,50,https://blogs.fangraphs.com/2026-top-100-prospects/,97.33333333333333,1,"{'MLB Pipeline': None, 'Just Baseball': None, 'FanGraphs': 103.0}"
145,104.0,Tanner McDougal,CHW,SP,AA,22.9,2026,50,https://blogs.fangraphs.com/2026-top-100-prospects/,97.66666666666667,1,"{'MLB Pipeline': None, 'Just Baseball': None, 'FanGraphs': 104.0}"
146,105.0,Thayron Liranzo,DET,C,AA,22.6,2027,50,https://blogs.fangraphs.com/2026-top-100-prospects/,98.0,1,"{'MLB Pipeline': None, 'Just Baseball': None, 'FanGraphs': 105.0}"
147,88.0,Travis Sykora,Washington Nationals,RHP,AA,22,2028,50,https://www.justbaseball.com/prospects/top-100-mlb-prospects/,98.0,2,"{'MLB Pipeline': None, 'Just Baseball': 88.0, 'FanGraphs': 109.0}"
148,106.0,Blake Mitchell,KCR,C,A+,21.5,2027,50,https://blogs.fangraphs.com/2026-top-100-prospects/,98.33333333333333,1,"{'MLB Pipeline': None, 'Just Baseball': None, 'FanGraphs': 106.0}"
